0,0.0,30.335170362335166
1,0.5,30.924694154176624
2,1.0,31.588648056311534
3,1.5,32.330911317887654
4,2.0,33.155754066247944
5,2.5,34.06803138474837
6,3.0,35.07316167084184
7,3.5,36.17739573430002
8,4.0,37.387725204048465
9,4.5,38.71209258577668
10,5.0,40.15982912881649
11,5.5,41.74092257983232
12,6.0,43.467835849605
13,6.5,45.35406942985504
14,7.0,47.415647410113216
15,7.5,49.6714442976309
16,8.0,52.14238505642881
17,8.5,54.85503710363115
18,9.0,57.83813698513293
19,9.5,61.12871708013416
20,10.0,64.76866676869399
21,10.5,68.81013933170702
22,11.0,73.31606261984335
23,11.5,78.36314320547808
24,12.0,84.04878095231302
25,12.5,90.49180308723734
26,13.0,97.84928995358263
27,13.5,106.3170992308287
28,14.0,113.19572717142704
29,14.5,116.01953636645477
30,15.0,118.8123046902303
31,15.5,121.56898761542692
32,16.0,124.28708452870222
33,16.5,126.96187007814993
34,17.0,129.59027594328836
35,17.5,132.16793257542304
36,18.0,134.6912116447799
37,18.5,137.15605095212038
38,19.0,139.5583483563892
39,19.5,141.89423938199084
40,20.0,144.15928824877227
41,20.5,146.3496826505657
42,21.0,148.46082244201648
43,21.5,150.4887693376295
44,22.0,152.42899868838435
45,22.5,154.27728383625345
46,23.0,156.0292157526013
47,23.5,157.6803752492175
48,24.0,159.2263474309564
49,24.5,160.6626981471406
50,25.0,161.9848996010773
51,25.5,163.18862810927175
52,26.0,164.2692041772767
53,26.5,165.222477242153
54,27.0,166.04369389762147
55,27.5,166.37941311209772
56,28.0,161.2427439122759
57,28.5,156.38063634848265
58,29.0,151.77504777165538
59,29.5,147.40773606365852
60,30.0,143.26344038435175
61,30.5,139.3273744864591
62,31.0,135.58658770114215
63,31.5,132.02894005074387
64,32.0,128.64342364518424
65,32.5,125.41994074734758
66,33.0,122.34912854456212
67,33.5,119.42247951153163
68,34.0,116.63202943054186
69,34.5,113.9705223318958
70,35.0,111.43118468626075
71,35.5,109.00775853889677
72,36.0,106.69448297574617
73,36.5,104.48590868019623
74,37.0,102.37713302019992
75,37.5,100.3633743697003
76,38.0,98.44045351395816
77,38.5,96.60415203964344
78,39.0,94.85089574937568
79,39.5,93.17695224142119
80,40.0,91.57924828510158
81,40.5,90.05448042642465
82,41.0,88.59997894919783
83,41.5,87.21284560577976
84,42.0,85.89070773585509
85,42.5,84.63107103892436
86,43.0,83.43178000521111
87,43.5,82.29068689706641
88,44.0,81.20584666068105
89,44.5,80.175389222054
90,45.0,79.19757470285336
91,45.5,78.27075283163103
92,46.0,77.39338334943378
93,46.5,76.56398837867329
94,47.0,75.78122018440231
95,47.5,75.04373575005803
96,48.0,74.35037034158566
97,48.5,73.69988861225848
98,49.0,73.09129309252519
99,49.5,72.52345180772834
100,50.0,71.99548128365109
101,50.5,71.5063770801737
102,51.0,71.05533992045055
103,51.5,70.64148398534138
104,52.0,70.26408087683313
105,52.5,69.9223518266128
106,53.0,69.61563125418283
107,53.5,69.34323411139104
108,54.0,69.10455335543695
109,54.5,68.89898374535348
110,55.0,68.72597459690778
111,55.5,68.58498743916465
112,56.0,68.67747231113593
113,56.5,69.18284836687404
114,57.0,69.66460692159933
115,57.5,70.1224871466613
116,58.0,70.55615840767162
117,58.5,70.96542933775098
118,59.0,71.35000549314796
119,59.5,71.70976447838113
120,60.0,72.04445019421344
121,60.5,72.35400444556815
122,61.0,72.63821481448511
123,61.5,72.89707405035774
124,62.0,73.13043739744167
125,62.5,73.33832102495563
126,63.0,73.52066555880967
127,63.5,73.67750230928002
128,64.0,73.80884875036467
129,64.5,73.91476441739538
130,65.0,73.99532902099253
131,65.5,74.05064107667937
132,66.0,74.08083035453753
133,66.5,74.08604194078929
134,67.0,74.06644703515347
135,67.5,74.02224002301959
136,68.0,73.95363104355832
137,68.5,73.86085795729966
138,69.0,73.74417358336815
139,69.5,73.6038532031509
140,70.0,73.44019254174341
141,70.5,73.25350231824805
142,71.0,73.04411677410786
143,71.5,72.81238413874816
144,72.0,72.55866926622886
145,72.5,72.28335975448934
146,73.0,71.98684968791852
147,73.5,71.66955899719237
148,74.0,71.33191647214822
149,74.5,70.97436208124667
150,75.0,70.5973685523709
151,75.5,70.20138069452068
152,76.0,69.78692339189784
153,76.5,69.35443948498268
154,77.0,68.90449379634276
155,77.5,68.43755751455471
156,78.0,67.95419663333678
157,78.5,67.45492979592667
158,79.0,66.94030805017721
159,79.5,66.410909019996
160,80.0,65.86725305838594
161,80.5,65.30998757230462
162,81.0,64.73958771692799
163,81.5,64.1567761786368
164,82.0,63.561981725231284
165,82.5,62.955973742151734
166,83.0,62.33920149706331
167,83.5,61.71241030409035
168,84.0,61.076093774020585
169,84.5,60.43096763311701
170,85.0,59.77756982457401
171,85.5,59.116584437581075
172,86.0,58.448590261458236
173,86.5,57.774241458368145
174,87.0,57.09415049687602
175,87.5,56.408947200914916
176,88.0,55.71926684172801
177,88.5,55.39146018083542
178,89.0,56.089818226650934
179,89.5,56.84121665400055
180,90.0,57.647954381081696
181,90.5,58.51255233609003
182,91.0,59.43776266945121
183,91.5,60.426559304481046
184,92.0,61.48225837061354
185,92.5,62.60839017864992
186,93.0,63.808969176612614
187,93.5,65.08822282213744
188,94.0,66.45103094623028
189,94.5,67.90250871286861
190,95.0,69.44861430862046
191,95.5,71.09560825232938
192,96.0,72.85080538480722
193,96.5,74.7219731818654
194,97.0,76.71811936249325
195,97.5,78.84903065516625
196,98.0,81.12591085045078
197,98.5,83.56120780592046
198,99.0,86.16907867873903
199,99.5,88.96550169122587
200,100.0,91.96867792813717
201,100.5,95.19936947085236
202,101.0,98.68140748118782
203,101.5,102.4421913664928
204,102.0,106.51354705909893
205,102.5,110.93232860037764
206,103.0,115.74198573220228
207,103.5,120.99324553772229
208,104.0,126.74694277934465
209,104.5,133.07486247014373
210,105.0,140.06467059454184
211,105.5,147.82161576637913
212,106.0,156.47639465003738
213,106.5,166.18977765146613
214,107.0,177.1654120705445
215,107.5,189.6613373311036
216,108.0,204.0131740451057
217,108.5,220.66190847544476
218,109.0,240.20221800499888
219,109.5,263.45265294645725
220,110.0,291.5743456991147
221,110.5,326.26971468055194
222,111.0,370.13907177465325
223,111.5,427.3656225576679
224,112.0,505.1277015458972
225,112.5,616.8812513281422
226,113.0,791.1046189884534
227,113.5,1100.4655872950084
228,114.0,1801.5799187231116
229,114.5,4922.5327464791035
230,115.0,-6802.833177301707
231,115.5,-2018.7051850250994
232,116.0,-1187.7891707615381
233,116.5,-842.7436635881648
234,117.0,-653.8492924223459
235,117.5,-534.669265004622
236,118.0,-452.63895189502625
237,118.5,-392.73324895669
238,119.0,-347.07526413324547
239,119.5,-331.4052026836283
240,120.0,-327.4772884070789
241,120.5,-323.6343003000322
242,121.0,-319.87314342167275
243,121.5,-316.19039251519905
244,122.0,-312.58322177766325
245,122.5,-309.048624365714
246,123.0,-305.583998581524
247,123.5,-302.186713258842
248,124.0,-298.85435500529763
249,124.5,-295.5846293681378
250,125.0,-292.3752829894185
251,125.5,-289.2243224614423
252,126.0,-286.12963233377593
253,126.5,-283.08948748103313
254,127.0,-280.10189324775934
255,127.5,-277.16536261379196
256,128.0,-274.27800869476505
257,128.5,-271.4385547194235
258,129.0,-268.64521275170387
259,129.5,-265.89688789061574
260,130.0,-263.19192013122847
261,130.5,-260.5292716488219
262,131.0,-257.9074998826999
263,131.5,-255.32558587039847
264,132.0,-252.78227857423792
265,132.5,-250.27658001882062
266,133.0,-247.80740670916208
267,133.5,-245.37378465190116
268,134.0,-242.9747757091332
269,134.5,-240.60943349584554
270,135.0,-238.27694471357535
271,135.5,-235.97639464423958
272,136.0,-233.70707586872928
273,136.5,-231.46810966055727
274,137.0,-229.2588769806583
275,137.5,-227.07855352215836
276,138.0,-224.92655057382746
277,138.5,-222.8021418306146
278,139.0,-220.70474853678002
279,139.5,-218.63373331283145
280,140.0,-216.58853165371116
281,140.5,-214.568579595607
282,141.0,-212.5733334194977
283,141.5,-210.602288362017
284,142.0,-208.65492761909508
285,142.5,-206.73079264051339
286,143.0,-204.82939922280278
287,143.5,-202.95032320877485
288,144.0,-201.0931192448199
289,144.5,-199.2573837503454
290,145.0,-197.44271481437926
291,145.5,-195.64872844933907
292,146.0,-193.8750571969645
293,146.5,-192.12134174886722
294,147.0,-190.3872391909089
295,147.5,-188.6724200335143
296,148.0,-186.97655702554525
297,148.5,-185.29935502598786
298,149.0,-183.6404945443531
299,149.5,-181.99971871375806
300,150.0,-180.3767088345099
301,150.5,-178.77124202592805
302,151.0,-177.18301715082947
303,151.5,-175.61182220611002
304,152.0,-174.0573850000032
305,152.5,-172.51949574538725
306,153.0,-170.99791526661474
307,153.5,-169.492430610727
308,154.0,-168.002838275979
309,154.5,-166.5289175548479
310,155.0,-165.07050270068095
311,155.5,-163.62736141290415
312,156.0,-162.19936722805792
313,156.5,-160.7862731221862
314,157.0,-159.38798615960704
315,157.5,-158.0042623952622
316,158.0,-156.6350162623834
317,158.5,-155.28003098445328
318,159.0,-153.93920874740937
319,159.5,-152.61236648211178
320,160.0,-151.2993920844
321,160.5,-150.00013660696945
322,161.0,-148.71447217158232
323,161.5,-147.4422839319503
324,162.0,-146.18342726890168
325,162.5,-144.93782101337086
326,163.0,-143.70530331412783
327,163.5,-142.48582588548328
328,164.0,-141.27920958765026
329,164.5,-140.08543788787006
330,165.0,-138.90431469511853
331,165.5,-137.73584534738902
332,166.0,-136.57984284008504
333,166.5,-135.4363052107703
334,167.0,-134.30507036146983
335,167.5,-133.18612138239826
336,168.0,-132.07932251306556
337,168.5,-130.98464249301188
338,169.0,-129.9019704644272
339,169.5,-128.83126165762314
340,170.0,-127.772428504406
341,170.5,-126.72541377407609
342,171.0,-125.69015143030508
343,171.5,-124.6665729993417
344,172.0,-123.65463210717583
345,172.5,-122.65425038878668
346,173.0,-121.66539918316512
347,173.5,-120.68799168496858
348,174.0,-119.72201494807368
349,174.5,-118.76737524370243
350,175.0,-117.82407332342122
351,175.5,-116.89201008621828
352,176.0,-115.97119797333602
353,176.5,-115.06153406720622
354,177.0,-114.16304052651795
355,177.5,-113.27561214942712
356,178.0,-112.39927890036368
357,178.5,-111.53393477637287
358,179.0,-110.6796157191152
359,179.5,-109.83621633519044
360,180.0,-109.00377681858679
361,180.5,-108.1821937027522
362,181.0,-107.37150963749212
363,181.5,-106.57162486836305
364,182.0,-105.78258147918265
365,182.5,-105.00428762715556
366,183.0,-104.23678103431725
367,183.5,-103.47997833873222
368,184.0,-102.73391346861219
369,184.5,-101.99851074608571
370,185.0,-101.2738007608636
371,185.5,-100.9127121200359
372,186.0,-101.86399966495968
373,186.5,-102.84432672619225
374,187.0,-103.85431013567012
375,187.5,-104.89470070194928
376,188.0,-105.96618641472026
377,188.5,-107.06957709964912
378,189.0,-108.20563958328135
379,189.5,-109.37524975670935
380,190.0,-110.5792621201731
381,190.5,-111.81862655084609
382,191.0,-113.09429536057428
383,191.5,-114.40730141474859
384,192.0,-115.75870643023552
385,192.5,-117.14963659067747
386,193.0,-118.581276127274
387,193.5,-120.05485687599364
388,194.0,-121.57170004434593
389,194.5,-123.13315796121944
390,195.0,-124.74070503868164
391,195.5,-126.39583139374126
392,196.0,-128.10018348802723
393,196.5,-129.85540923400518
394,197.0,-131.66334914508292
395,197.5,-133.52583213468185
396,198.0,-135.4449185788777
397,198.5,-137.42264540288696
398,199.0,-139.46132325486164
399,199.5,-141.56322864861164
400,200.0,-143.73095847738693
401,200.5,-145.96706594184755
402,201.0,-148.2744769055681
403,201.5,-150.65606508029848
404,202.0,-153.11513625297923
405,202.5,-155.65493672161855
406,203.0,-158.27921322421102
407,203.5,-160.99164691143946
408,204.0,-163.79649890519903
409,204.5,-166.69796014959266
410,205.0,-169.70089495409883
411,205.5,-172.81009486969654
412,206.0,-176.03113061713861
413,206.5,-179.36951946254732
414,207.0,-182.83165426647702
415,207.5,-186.4239253159544
416,208.0,-190.1537015950439
417,208.5,-194.0284245761573
418,209.0,-198.05663102586684
419,209.5,-202.24703561599927
420,210.0,-206.60958303325054
421,210.5,-211.15454021074447
422,211.0,-215.89356339407846
423,211.5,-220.8388256701734
424,212.0,-226.00408253528306
425,212.5,-231.40386640120437
426,213.0,-237.05453223542375
427,213.5,-242.97355828907422
428,214.0,-249.18055175488476
429,214.5,-255.69670474150388
430,215.0,-262.54573901017704
431,215.5,-269.753579226707
432,216.0,-277.34921638471246
433,216.5,-285.3646781988521
434,217.0,-293.8357940409563
435,217.5,-302.802567599312
436,218.0,-312.3098342940791
437,218.5,-322.40817838679254
438,219.0,-333.1544910594696
439,219.5,-344.6136306029282
440,220.0,-356.85892349262105
441,220.5,-369.97485578684575
442,221.0,-384.0576258691586
443,221.5,-399.2193034245734
444,222.0,-415.58867170315443
445,222.5,-433.3175478918024
446,223.0,-452.58240891853643
447,223.5,-473.59401629590366
448,224.0,-496.6009527448446
449,224.5,-521.9042956890862
450,225.0,-549.8659999370202
451,225.5,-580.9312725352106
452,226.0,-615.6479030806087
453,226.5,-654.7033846530858
454,227.0,-698.9669919389607
455,227.5,-749.559133345665
456,228.0,-807.9446395463779
457,228.5,-876.0797751609414
458,229.0,-956.6346028981703
459,229.5,-1053.3522973342508
460,230.0,-1171.6494899323222
461,230.5,-1319.6649971540603
462,231.0,-1510.224398652587
463,231.5,-1764.7646799134914
464,232.0,-2122.0485774896524
465,232.5,-2660.0467939957844
466,233.0,-3562.3977844686506
467,233.5,-5388.862846556156
468,234.0,-11049.974604048823
469,234.5,221974.12458773048
470,235.0,10055.310525183413
471,235.5,5145.5566995324425
472,236.0,3457.9261800433087
473,236.5,2604.1605460201363
474,237.0,2088.6391939201085
475,237.5,1743.568154353608
476,238.0,1496.3887902103065
477,238.5,1310.608222945892
478,239.0,1165.867938137437
479,239.5,1049.913857467911
480,240.0,954.9294105190376
481,240.5,875.6927675297068
482,241.0,808.5834363026315
483,241.5,751.0115534324541
484,242.0,701.07591120958
485,242.5,657.3491554792386
486,243.0,618.7388025711488
487,243.5,584.3946590821718
488,244.0,553.6449015590754
489,244.5,525.9519617125326
490,245.0,500.8802590468208
491,245.5,478.07340953440286
492,246.0,457.23676931566547
493,246.5,438.12479159509616
494,247.0,420.5311250335078
495,247.5,404.2810898809249
496,248.0,389.22592804080784
497,248.5,375.23797085842097
498,249.0,362.207325844458
499,249.5,350.0384981466552
500,250.0,338.64859279667075
501,250.5,327.964731719047
502,251.0,317.92323725620963
503,251.5,308.4675328895593
504,252.0,299.5478818953744
505,252.5,291.11973683614383
506,253.0,283.14365020563065
507,253.5,275.5840943046598
508,254.0,268.4093723026813
509,254.5,261.5908194035408
510,255.0,255.1026663571136
511,255.5,248.92154507081906
512,256.0,243.02628207485515
513,256.5,237.39764960318132
514,257.0,233.50294951149314
515,257.5,233.32613270166303
516,258.0,233.14874146913778
517,258.5,232.9707858842639
518,259.0,232.79227014826603
519,259.5,232.61320546628244
520,260.0,232.43359509768075
521,260.5,232.25345118793817
522,261.0,232.0727765973182
523,261.5,231.89158354188024
524,262.0,231.70987564703591
525,262.5,231.52766421637426
526,263.0,231.3449539554893
527,263.5,231.16175527057996
528,264.0,230.9780739288635
529,264.5,230.79391945548593
530,265.0,230.60929865944766
531,265.5,230.42422020241474
532,266.0,230.23869191406993
533,266.5,230.052721611385
534,267.0,229.8663181223906
535,267.5,229.67948843933328
536,268.0,229.49224236505412
537,268.5,229.30458608819973
538,269.0,229.11653036170878
539,269.5,228.92808059288078
540,270.0,228.7392484588982
541,270.5,228.55003860905498
542,271.0,228.3604636178188
543,271.5,228.17052740088258
544,272.0,227.9802431113087
545,272.5,227.7896148285832
546,273.0,227.59865528159375
547,273.5,227.40736933589503
548,274.0,227.2157689740832
549,274.5,227.02385993742496
550,275.0,226.8316534842607
551,275.5,226.6391562058827
552,276.0,226.44637865928246
553,276.5,226.25332825921396
554,277.0,226.06001488505962
555,277.5,225.86644674762866
556,278.0,225.67263307323498
557,278.5,225.47858284053368
558,279.0,225.28430464806888
559,279.5,225.0898082133676
560,280.0,224.8951015332283
561,280.5,224.7001950343507
562,281.0,224.5050961384935
563,281.5,224.3098159511442
564,282.0,224.11436134637535
565,282.5,223.91874407743066
566,283.0,223.72297049865622
567,283.5,223.52705297941523
568,284.0,223.33099738285347
569,284.5,223.13481666225383
570,285.0,222.93851621861273
571,285.5,222.74210939902338
572,286.0,222.54560164403077
573,286.5,222.34900608596814
574,287.0,222.1523287019194
575,287.5,221.95558208085703
576,288.0,221.75877282600536
577,288.5,221.5619130077836
578,289.0,221.3650098270792
579,289.5,221.16807486094865
580,290.0,220.9711158790889
581,290.5,220.7741439907333
582,291.0,220.57716750519066
583,291.5,220.38019708972644
584,292.0,220.18324156375564
585,292.5,219.98631117871076
586,293.0,219.7894152343368
587,293.5,219.59256359261448
588,294.0,219.39576600360263
589,294.5,219.1990319664296
590,295.0,219.0023716512419
591,295.5,218.80579422110011
592,296.0,218.60931023584047
593,296.5,218.4129285493913
594,297.0,218.2166600807368
595,297.5,218.02051340173483
596,298.0,217.82449975986205
597,298.5,217.62862747206015
598,299.0,217.43290808356087
599,299.5,217.23734968361512
600,300.0,217.04196408441294
601,300.5,216.84675917477773
602,301.0,216.65174700303743
603,301.5,216.45693528486598
604,302.0,216.26233627390576
605,302.5,216.06795753995084
606,303.0,215.87381147887905
607,303.5,215.67990563866692
608,304.0,215.4862523496215
609,304.5,215.29285943804283
610,305.0,215.09973891064962
611,305.5,214.90689893933782
612,306.0,214.71435123004196
613,306.5,214.5221042738959
614,307.0,214.3301694988968
615,307.5,214.13855568902554
616,308.0,213.94727401722076
617,308.5,213.7563335339012
618,309.0,213.56574517984765
619,309.5,213.37551824549595
620,310.0,213.18566346238495
621,310.5,212.99619033454618
622,311.0,212.8071094072012
623,311.5,212.6184303715569
624,312.0,212.43016360944682
625,312.5,212.2423189728433
626,313.0,212.0549067031217
627,313.5,211.86793678662292
628,314.0,211.6814193471904
629,314.5,211.49536447915273
630,315.0,211.30978221174595
631,315.5,211.12468272092224
632,316.0,210.94007596422975
633,316.5,210.75597217289928
634,317.0,210.57238125570927
635,317.5,210.38931347284267
636,318.0,210.20677870722244
637,318.5,210.02478722167194
638,319.0,209.8433488961793
639,319.5,209.66247396991085
640,320.0,209.48217234284303
641,320.5,209.30245420420044
642,321.0,209.12332949687806
643,321.5,208.94480833388494
644,322.0,208.76690072397818
645,322.5,208.58961667768082
646,323.0,208.4129662925736
647,323.5,208.23695945042718
648,324.0,208.06160636062384
649,324.5,207.88691674991767
650,325.0,207.71290096249777
651,325.5,207.53956854382943
652,326.0,207.36692999594376
653,326.5,207.19499468385717
654,327.0,207.023773209155
655,327.5,206.85327482679236
656,328.0,206.68351018793467
657,328.5,206.5144884697213
658,329.0,206.34622034295992
659,329.5,206.17871493109868
660,330.0,206.0119828971484
661,330.5,205.8460333353436
662,331.0,205.68087687542035
663,331.5,208.63995555162424
664,332.0,212.40913350110358
665,332.5,216.3195086678544
666,333.0,220.37871989522986
667,333.5,224.59502912465038
668,334.0,228.97729810241472
669,334.5,233.53513069201142
670,335.0,238.27886644487657
671,335.5,243.219731802993
672,336.0,248.36986457349693
673,336.5,253.7424688690211
674,337.0,259.3518873589557
675,337.5,265.2137553685639
676,338.0,271.3451415533987
677,338.5,277.76469772909786
678,339.0,284.4928937387524
679,339.5,291.55216168639373
680,340.0,298.9672578736795
681,340.5,306.7654037750915
682,341.0,314.97681801405423
683,341.5,323.63486267436684
684,342.0,332.7768029967827
685,342.5,342.4439782244743
686,343.0,352.6828687460651
687,343.5,363.5453286895982
688,344.0,375.09007427911735
689,344.5,387.38304631813827
690,345.0,400.4994878224026
691,345.5,414.52455851354784
692,346.0,429.5562594926587
693,346.5,445.70651824876387
694,347.0,463.1053511049648
695,347.5,481.90291964751225
696,348.0,502.2753966575501
697,348.5,524.4289950605367
698,349.0,548.6085127092921
699,349.5,575.1049266797287
700,350.0,604.2686744846452
701,350.5,636.523811798306
702,351.0,672.3902216907323
703,351.5,712.510533622214
704,352.0,757.6903134874482
705,352.5,808.951590585932
706,353.0,867.6122662885613
707,353.5,935.4002350456321
708,354.0,1014.6273036795775
709,354.5,1108.4578885708988
710,355.0,1221.342221991448
711,355.5,1359.7437191949266
712,356.0,1533.421078988114
713,356.5,1757.8380822339223
714,357.0,2059.040827486359
715,357.5,2484.5880233773987
716,358.0,3131.522464590929
717,358.5,4233.394714593487
718,359.0,6530.388281063631
719,359.5,14271.409617911631
720,360.0,-77131.8960767429
721,360.5,-10419.090997926152
722,361.0,-5587.530016642366
723,361.5,-3817.5999241586806
724,362.0,-2899.3623328296594
725,362.5,-2337.273061012431
726,363.0,-1957.7778838411348
727,363.5,-1684.3283460925759
728,364.0,-1477.9198481099766
729,364.5,-1316.5860610139753
730,365.0,-1187.0130318955544
731,365.5,-1080.6599210870506
732,366.0,-991.7966329802457
733,366.5,-916.4350573608904
734,367.0,-851.7141054115124
735,367.5,-795.527739533842
736,368.0,-746.2913774616173
737,368.5,-702.7898952886333
738,369.0,-664.0758784167722
739,369.5,-629.3997613036975
740,370.0,-598.1607339850589
741,370.5,-569.8715912251955
742,371.0,-544.1331032337779
743,371.5,-520.6149948229147
744,372.0,-499.04171568236177
745,372.5,-479.1815017308593
746,373.0,-460.8380848578148
747,373.5,-443.8440601767283
748,374.0,-428.0558735923816
749,374.5,-413.349604304571
750,375.0,-399.6178473880549
751,375.5,-386.7669218258346
752,376.0,-374.7148739451389
753,376.5,-363.3895819733185
754,377.0,-352.7274291561643
755,377.5,-342.67199746333654
756,378.0,-333.1731535153209
757,378.5,-324.1861359630909
758,379.0,-315.670904908364
759,379.5,-307.59149798141283
760,380.0,-299.91555264606865
761,380.5,-292.61384837143544
762,381.0,-285.65994651672406
763,381.5,-279.0298617433656
764,382.0,-272.7017859699357
765,382.5,-266.655848265549
766,383.0,-260.8739031319728
767,383.5,-255.3393484426978
768,384.0,-250.03696717949683
769,384.5,-244.95277976622023
770,385.0,-240.07393420102142
771,385.5,-235.38857369577337
772,386.0,-230.8857740128727
773,386.5,-226.55541045484807
774,387.0,-222.3881438207733
775,387.5,-218.37527298668167
776,388.0,-214.5087726726216
777,388.5,-210.7811210798883
778,389.0,-207.18538559162857
779,389.5,-203.71503323412432
780,390.0,-200.36404179002412
781,390.5,-197.12671458051994
782,391.0,-193.99779369493223
783,391.5,-190.9722919058193
784,392.0,-188.04559677835826
785,392.5,-185.2133268927624
786,393.0,-182.47141711474956
787,393.5,-179.81600666856173
788,394.0,-177.2434960496282
789,394.5,-174.75047479135804
790,395.0,-172.33374062581956
791,395.5,-169.9902750422474
792,396.0,-167.71721536624494
793,396.5,-165.5118864340137
794,397.0,-163.3717162769568
795,397.5,-161.29433244374135
796,398.0,-159.27741195462318
797,398.5,-157.31885100032923
798,399.0,-155.4165397771192
799,399.5,-153.5686144804689
800,400.0,-151.77314755552473
801,400.5,-150.02849108535676
802,401.0,-148.33288237923807
803,401.5,-146.68484063048578
804,402.0,-145.08277564175722
805,402.5,-143.52533909009688
806,403.0,-142.06644809335873
807,403.5,-140.95180947353649
808,404.0,-139.8410851479465
809,404.5,-138.7344193089647
810,405.0,-137.6319226761344
811,405.5,-136.53371748565343
812,406.0,-135.43992634044852
813,406.5,-134.3506553306208
814,407.0,-133.26603374308604
815,407.5,-132.18615703110822
816,408.0,-131.11115607623836
817,408.5,-130.04112102705116
818,409.0,-128.97617946623785
819,409.5,-127.91642170508189
820,410.0,-126.8619662303678
821,410.5,-125.81290891023562
822,411.0,-124.7693560521661
823,411.5,-123.73140958424139
824,412.0,-122.69916708046883
825,412.5,-121.67273160904816
826,413.0,-120.65219695694906
827,413.5,-119.63766285771348
828,414.0,-118.62922377643379
829,414.5,-117.62697212033046
830,415.0,-116.63100698384282
831,415.5,-115.64140996841574
832,416.0,-114.65828821122446
833,416.5,-113.68170956104136
834,417.0,-112.71179205797834
835,417.5,-111.7485873956687
836,418.0,-110.79222517326508
837,418.5,-109.84274400632079
838,419.0,-108.90027708020452
839,419.5,-107.96486461144809
840,420.0,-107.03662952652412
841,420.5,-106.11561971358712
842,421.0,-105.20194599756137
843,421.5,-104.29566565268011
844,422.0,-103.39687607015632
845,422.5,-102.50564511471582
846,423.0,-101.62205589810812
847,423.5,-100.74618759716844
848,424.0,-99.87810865525425
849,424.5,-99.0179098325382
850,425.0,-98.16564493742435
851,425.5,-97.32141617117634
852,426.0,-96.48526312438086
853,426.5,-95.65729892443295
854,427.0,-94.83754970275798
855,427.5,-94.02613866908511
856,428.0,-93.223079550913
857,428.5,-92.42850451390981
858,429.0,-91.64241618653253
859,429.5,-90.8649515247389
860,430.0,-90.09611197778412
861,430.5,-89.33602807948397
862,431.0,-88.58470831877939
863,431.5,-87.84227200079246
864,432.0,-87.10873577008071
865,432.5,-86.38420850032888
866,433.0,-85.66871416500871
867,433.5,-84.96235209312287
868,434.0,-84.26515268251327
869,434.5,-83.57720665479413
870,435.0,-83.15023109377758
871,435.5,-84.22816485570496
872,436.0,-85.34623203071136
873,436.5,-86.50572231899886
874,437.0,-87.70805029931728
875,437.5,-88.95468234376013
876,438.0,-90.24720650892729
877,438.5,-91.58729029072819
878,439.0,-92.97672551012886
879,439.5,-94.4174103483797
880,440.0,-95.91137609608474
881,440.5,-97.46078741431623
882,441.0,-99.06795754173062
883,441.5,-100.73536105444815
884,442.0,-102.46564410667844
885,442.5,-104.26164408614724
886,443.0,-106.12640171000838
887,443.5,-108.06318190709806
888,444.0,-110.07549510743496
889,444.5,-112.16711345538431
890,445.0,-114.34210941953307
891,445.5,-116.60486109413503
892,446.0,-118.96011731942988
893,446.5,-121.41298542146335
894,447.0,-123.96903337977189
895,447.5,-126.6342529685171
896,448.0,-129.41521116035693
897,448.5,-132.3189813757645
898,449.0,-135.35335831288236
899,449.5,-138.52675004320324
900,450.0,-141.84847288929933
901,450.5,-145.32859765022684
902,451.0,-148.9783441578102
903,451.5,-152.8098763133966
904,452.0,-156.83681979128036
905,452.5,-161.0740033441264
906,453.0,-165.5381282249692
907,453.5,-170.2474582079558
908,454.0,-175.22267642559896
909,454.5,-180.48653512963358
910,455.0,-186.0649461246333
911,455.5,-191.9866157931326
912,456.0,-198.28442644212387
913,456.5,-204.99513221894492
914,457.0,-212.1610596243099
915,457.5,-219.8300548789635
916,458.0,-228.05751608395266
917,458.5,-236.90686375901464
918,459.0,-246.45205911075138
919,459.5,-256.77891937383976
920,460.0,-267.9884807956284
921,460.5,-280.19970200401144
922,461.0,-293.55435407510674
923,461.5,-308.22211052321774
924,462.0,-324.40831173413227
925,462.5,-342.3634016261571
926,463.0,-362.3963668367956
927,463.5,-384.8926599248767
928,464.0,-410.3395395296083
929,464.5,-439.36200305756165
930,465.0,-472.775124752264
931,465.5,-511.6622936814388
932,466.0,-557.4955054079725
933,466.5,-612.3265846544064
934,467.0,-679.1043675283349
935,467.5,-762.2237887435202
936,468.0,-868.5386873769171
937,468.5,-1009.3560825001883
938,469.0,-1204.7639342064926
939,469.5,-1494.1891240224006
940,470.0,-1967.0889316961575
941,470.5,-2879.0658983923104
942,471.0,-5372.391273358188
943,471.5,-40402.47058470701
944,472.0,7306.964130487022
945,472.5,3347.8172185203007
946,473.0,2354.2941448621455
947,473.5,2187.7715043737107
948,474.0,2043.0775334913667
949,474.5,1916.1974997921197
950,475.0,1804.0333715120817
951,475.5,1704.175237451809
952,476.0,1614.7045865783994
953,476.5,1534.0883581555486
954,477.0,1461.0757178185045
955,477.5,1394.645329478686
956,478.0,1333.9471722579074
957,478.5,1278.2747496329366
958,479.0,1227.0303971119943
959,479.5,1179.709901855968
960,480.0,1135.8808781663688
961,480.5,1095.1738713208356
962,481.0,1057.2683975933126
963,481.5,1021.8875756230859
964,482.0,988.7888620623702
965,482.5,957.7606699821262
966,483.0,928.6160864475477
967,483.5,901.1906460866937
968,484.0,875.337999022767
969,484.5,850.9283767631059
970,485.0,827.8455668634941
971,485.5,805.9858070067365
972,486.0,785.2556523202652
973,486.5,765.5711435617196
974,487.0,746.8562936101417
975,487.5,729.0424380851612
976,488.0,712.0671562911247
977,488.5,695.8737487142632
978,489.0,680.4104652269664
979,489.5,665.6300751844162
980,490.0,651.4893138419525
981,490.5,637.9485235129928
982,491.0,624.9712549476476
983,491.5,612.5239657664885
984,492.0,600.5757312832511
985,492.5,589.0979912329346
986,493.0,578.0643368815925
987,493.5,567.4503001114358
988,494.0,557.2331923682267
989,494.5,547.3919321534331
990,495.0,537.9069175418912
991,495.5,528.7598894821772
992,496.0,519.9338240259117
993,496.5,511.4128298059495
994,497.0,503.1820492648256
995,497.5,495.2275894191705
996,498.0,487.5364236117217
997,498.5,480.0963552724726
998,499.0,472.895913293055
999,499.5,465.92434901699517
1000,500.0,459.1715194231755
1001,500.5,452.6279180523185
1002,501.0,446.2845409139886
1003,501.5,440.1329525042236
1004,502.0,434.16512980994355
1005,502.5,428.3735650046189
1006,503.0,422.75108318284634
1007,503.5,417.2909837431606
1008,504.0,411.98682759423804
1009,504.5,406.8326196491154
1010,505.0,401.8225612409443
1011,505.5,396.9512765619689
1012,506.0,392.2135259394409
1013,506.5,387.6044794556491
1014,507.0,383.11938658561303
1015,507.5,378.7539006300535
1016,508.0,374.50370002300247
1017,508.5,370.3648675966051
1018,509.0,366.33345864209934
1019,509.5,362.4059394022714
1020,510.0,358.5786967238995
1021,510.5,354.8485405389072
1022,511.0,351.21214968898977
1023,511.5,347.6666435081622
1024,512.0,344.20895813797705
1025,512.5,340.8364926604736
1026,513.0,337.54640996089165
1027,513.5,334.3363631792921
1028,514.0,331.2037156815938
1029,514.5,328.14635010022386
1030,515.0,325.16181886822585
1031,515.5,322.24818308668483
1032,516.0,319.40319482016304
1033,516.5,316.625063366254
1034,517.0,313.91172547907405
1035,517.5,311.2615197945184
1036,518.0,308.672554800984
1037,518.5,306.14328147844816
1038,519.0,303.6719688195729
1039,519.5,301.2571647780558
1040,520.0,298.89728912153674
1041,520.5,296.5909728273334
1042,521.0,294.33677801578665
1043,521.5,292.1334059852172
1044,522.0,289.9795539253852
1045,522.5,287.8739818537686
1046,523.0,285.8155157388293
1047,523.5,283.80296369159953
1048,524.0,281.8352750327232
1049,524.5,279.91129621181614
1050,525.0,278.03009522623967
1051,525.5,276.19054789049113
1052,526.0,274.3918368538626
1053,526.5,272.6328590279442
1054,527.0,270.912908250229
1055,527.5,269.23091266028507
1056,528.0,267.5862210325125
1057,528.5,265.9778477784342
1058,529.0,264.40514984432775
1059,529.5,262.8672489416334
1060,530.0,261.36349589252495
1061,530.5,259.8931180060904
1062,531.0,258.4554538661809
1063,531.5,257.04983491997956
1064,532.0,255.67558187729185
1065,532.5,254.33212905317367
1066,533.0,253.0187741058151
1067,533.5,251.73505308709173
1068,534.0,250.48023653208338
1069,534.5,249.25395920183496
1070,535.0,248.055496410616
1071,535.5,246.8844773281285
1072,536.0,245.74028154922357
1073,536.5,244.62249525817043
1074,537.0,243.53060168266703
1075,537.5,242.46414043261507
1076,538.0,241.42269765912906
1077,538.5,239.95786013600573
1078,539.0,229.37789558831085
1079,539.5,219.66399636724125
1080,540.0,210.70910748362732
1081,540.5,202.42125731512908
1082,541.0,194.72421939993566
1083,541.5,187.55231164039006
1084,542.0,180.84964308546668
1085,542.5,174.56805855782508
1086,543.0,168.66572741089155
1087,543.5,163.10646732568108
1088,544.0,157.85848365310153
1089,544.5,152.89394212221544
1090,545.0,148.18836137196044
1091,545.5,143.7199747154424
1092,546.0,139.46958976509842
1093,546.5,135.4200424095522
1094,547.0,131.55596633085645
1095,547.5,127.86378320422001
1096,548.0,124.33091807295307
1097,548.5,120.9466030338076
1098,549.0,117.70042853342689
1099,549.5,114.58369531969224
1100,550.0,111.58789886052087
1101,550.5,108.70574464372895
1102,551.0,105.93035289690958
1103,551.5,103.25547644797014
1104,552.0,100.67559338037233
1105,552.5,98.18524184653256
1106,553.0,95.78004234447005
1107,553.5,93.45512717403308
1108,554.0,91.20701477251757
1109,554.5,89.03149257019702
1110,555.0,86.92560092429434
1111,555.5,84.88583013995978
1112,556.0,82.90954464939364
1113,556.5,80.9938630043536
1114,557.0,79.1364072376732
1115,557.5,77.33482792657037
1116,558.0,75.58695967904286
1117,558.5,73.89089924949603
1118,559.0,72.24466493953419
1119,559.5,70.64672262476012
1120,560.0,69.09525731774652
1121,560.5,67.58903477684717
1122,561.0,66.12639818476241
1123,561.5,64.70635122047682
1124,562.0,63.3273922810247
1125,562.5,61.98870804196258
1126,563.0,60.6889523604036
1127,563.5,59.427446984116536
1128,564.0,58.203002683907236
1129,564.5,57.015035431752324
1130,565.0,55.86251391841649
1131,565.5,54.74491468730528
1132,566.0,53.66136356349178
1133,566.5,52.6113713008939
1134,567.0,51.594217236649435
1135,567.5,50.60942728242571
1136,568.0,49.76964820564267
1137,568.5,50.091000818381254
1138,569.0,50.437394838780996
1139,569.5,50.80915537473099
1140,570.0,51.20657778321861
1141,570.5,51.630046128217195
1142,571.0,52.07986818001171
1143,571.5,52.55649042134252
1144,572.0,53.06024605002309
1145,572.5,53.59162963220037
1146,573.0,54.151031964465474
1147,573.5,54.73897312488692
1148,574.0,55.35592829732667
1149,574.5,56.00244829772879
1150,575.0,56.67909158366007
1151,575.5,57.38645778297199
1152,576.0,58.12518537416682
1153,576.5,58.895945077291344
1154,577.0,59.69945065956794
1155,577.5,60.53646911566449
1156,578.0,61.4077871778493
1157,578.5,62.31428580141329
1158,579.0,63.25684770725483
1159,579.5,64.2364647058344
1160,580.0,65.25414792699895
1161,580.5,66.31099967491645
1162,581.0,67.40819503115979
1163,581.5,68.5469487332753
1164,582.0,69.72863904670285
1165,582.5,70.95459851991036
1166,583.0,72.2264517842689
1167,583.5,73.54565927015828
1168,584.0,74.91411435378748
1169,584.5,76.33349729248204
1170,585.0,77.80593472211271
1171,585.5,79.33341374971377
1172,586.0,80.91830907415248
1173,586.5,82.56298099507353
1174,587.0,84.27009368962344
1175,587.5,86.04245094166157
1176,588.0,87.88306131508145
1177,588.5,89.7952542531254
1178,589.0,91.78245453969323
1179,589.5,93.8486149503517
1180,590.0,95.99766968947529
1181,590.5,98.23431293639175
1182,591.0,100.56310874413417
1183,591.5,102.98963782879761
1184,592.0,105.51924961144259
1185,592.5,108.15859265716767
1186,593.0,110.91400308398511
1187,593.5,113.79341467721932
1188,594.0,116.8044503647894
1189,594.5,119.95657552727769
1190,595.0,123.25909189667374
1191,595.5,126.72335148960931
1192,596.0,130.36079218836858
1193,596.5,134.1851809374155
1194,597.0,138.21068570617422
1195,597.5,142.4542001325384
1196,598.0,146.93343089119395
1197,598.5,151.66937188162873
1198,599.0,156.6843883713392
1199,599.5,162.00492939487137
1200,600.0,167.65959903219687
1201,600.5,173.68222430883492
1202,601.0,180.79467686828048
1203,601.5,189.031338205578
1204,602.0,198.00933466866405
1205,602.5,207.8351086499158
1206,603.0,218.63402528430998
1207,603.5,230.56057257047033
1208,604.0,243.8005948076753
1209,604.5,258.58707430639475
1210,605.0,275.2076859061963
1211,605.5,294.0307331534448
1212,606.0,315.52582832052724
1213,606.5,340.31141851094475
1214,607.0,369.2078995829943
1215,607.5,403.3388580321616
1216,608.0,444.27294438413304
1217,608.5,494.28171792888384
1218,609.0,556.7684942422422
1219,609.5,637.089256174478
1220,610.0,744.1698540621203
1221,610.5,894.0948638347232
1222,611.0,1119.0605907735012
1223,611.5,1494.3169920178127
1224,612.0,2246.2342682178714
1225,612.5,4514.2152992078245
1226,613.0,-541270.4787682948
1227,613.5,-4445.1292573275605
1228,614.0,-2232.7393157807264
1229,614.5,-1491.1216649935272
1230,615.0,-1119.4675587096576
1231,615.5,-896.169793805755
1232,616.0,-747.150443643993
1233,616.5,-640.6153431363786
1234,617.0,-560.6489274371011
1235,617.5,-498.40401880002884
1236,618.0,-448.56883903145814
1237,618.5,-407.76189529931935
1238,619.0,-373.7283176354872
1239,619.5,-344.9062735616813
1240,620.0,-320.18039898790954
1241,620.5,-298.7321585598771
1242,621.0,-279.9480321432412
1243,621.5,-263.3584140694228
1244,622.0,-248.59838149909163
1245,622.5,-235.3795602678647
1246,623.0,-223.4714539448267
1247,623.5,-212.68735436814555
1248,624.0,-202.87456540641116
1249,624.5,-193.9069777468046
1250,625.0,-185.67943506254835
1251,625.5,-178.10376377184545
1252,626.0,-171.10517682230082
1253,626.5,-164.62022891631818
1254,627.0,-158.59426693107423
1255,627.5,-152.980520040366
1256,628.0,-147.73811081166352
1257,628.5,-142.83183992893396
1258,629.0,-138.23051507219637
1259,629.5,-133.90716724690958
1260,630.0,-129.83757709438467
1261,630.5,-126.00075198929123
1262,631.0,-122.3776092719722
1263,631.5,-123.31233879484036
1264,632.0,-125.19709654409402
1265,632.5,-127.15517829286601
1266,633.0,-129.19001161317036
1267,633.5,-131.30512954356743
1268,634.0,-133.5044251414734
1269,634.5,-135.79198237403037
1270,635.0,-138.17225259922907
1271,635.5,-140.64996690329028
1272,636.0,-143.2302485477324
1273,636.5,-145.91859479856802
1274,637.0,-148.72094105101303
1275,637.5,-151.64369909715944
1276,638.0,-154.69379108207661
1277,638.5,-157.87872954705048
1278,639.0,-161.20664280655217
1279,639.5,-164.68637988451692
1280,640.0,-168.32755363511296
1281,640.5,-172.14065074990947
1282,641.0,-176.1371253965232
1283,641.5,-180.3294906958945
1284,642.0,-184.7315044169309
1285,642.5,-189.35821358618858
1286,643.0,-194.22628571699568
1287,643.5,-199.3539724229293
1288,644.0,-204.761656058991
1289,644.5,-210.4716913463491
1290,645.0,-216.50926011410039
1291,645.5,-222.9020421792741
1292,646.0,-229.68150315786886
1293,646.5,-236.88233779187826
1294,647.0,-244.54436247937406
1295,647.5,-252.71166746864142
1296,648.0,-261.4353438658925
1297,648.5,-270.7723352833495
1298,649.0,-280.78917760504186
1299,649.5,-291.5608922425882
1300,650.0,-303.1755968198022
1301,650.5,-315.734174729886
1302,651.0,-329.3558884335935
1303,651.5,-344.179557523593
1304,652.0,-360.37074806516654
1305,652.5,-378.12570778267394
1306,653.0,-397.6812859181939
1307,653.5,-419.32397597243806
1308,654.0,-443.40501140621086
1309,654.5,-470.3592347193573
1310,655.0,-500.730873762196
1311,655.5,-535.212490890381
1312,656.0,-574.6948091701165
1313,656.5,-620.3503216989558
1314,657.0,-673.7429620953503
1315,657.5,-737.0230964117662
1316,658.0,-813.2060817641095
1317,658.5,-906.6909748895616
1318,659.0,-1024.1087160563595
1319,659.5,-1176.0060642472674
1320,660.0,-1380.1565384768155
1321,660.5,-1560.662226993867
1322,661.0,-938.9271146206946
1323,661.5,-671.7151291840245
1324,662.0,-522.9724475304696
1325,662.5,-428.14548026342413
1326,663.0,-362.37157156165665
1327,663.5,-314.0393570908101
1328,664.0,-276.997750437543
1329,664.5,-247.68402751582582
1330,665.0,-223.89295600661546
1331,665.5,-204.18453494507725
1332,666.0,-187.58143419916408
1333,666.5,-173.39381300929836
1334,667.0,-161.12405072228404
1335,667.5,-150.40133775157972
1336,668.0,-140.9461063874818
1337,668.5,-132.54177363728115
1338,669.0,-125.01926345597383
1339,669.5,-118.24392855453537
1340,670.0,-112.107451332384
1341,670.5,-106.52198724815986
1342,671.0,-101.41484212568079
1343,671.5,-96.72647972263883
1344,672.0,-92.40620720410658
1345,672.5,-88.41241598028253
1346,673.0,-84.70860480365747
1347,673.5,-81.26495065513205
1348,674.0,-78.05445432019937
1349,674.5,-75.05528014961769
1350,675.0,-72.24700341476832
1351,675.5,-69.61333773554
1352,676.0,-67.13854322579883
1353,676.5,-64.81025715197015
1354,677.0,-62.61619912018838
1355,677.5,-60.546810499578505
1356,678.0,-58.592391457422224
1357,678.5,-56.74546408953193
1358,679.0,-54.99826812484223
1359,679.5,-53.34488647717185
1360,680.0,-51.77908139360216
1361,680.5,-50.29608381494712
1362,681.0,-48.89086837893964
1363,681.5,-47.55953440128157
1364,682.0,-46.29802471643202
1365,682.5,-45.10310778718551
1366,683.0,-43.97150225209815
1367,683.5,-42.9005033761955
1368,684.0,-41.88745034440988
1369,684.5,-40.93006450554761
1370,685.0,-40.02617753528683
1371,685.5,-39.17386627458785
1372,686.0,-38.37134791769188
1373,686.5,-37.61700527351539
1374,687.0,-36.90935169797944
1375,687.5,-36.24703996852697
1376,688.0,-36.849731034345254
1377,688.5,-37.578218882239064
1378,689.0,-38.34798490905363
1379,689.5,-39.1599310341944
1380,690.0,-40.01525987099061
1381,690.5,-40.914980728994124
1382,691.0,-41.860567573236075
1383,691.5,-42.85318990656989
1384,692.0,-43.894602951659905
1385,692.5,-44.986213441807195
1386,693.0,-46.130081689771835
1387,693.5,-47.32791699033585
1388,694.0,-48.58214576811373
1389,694.5,-49.89484593529861
1390,695.0,-51.26889401792099
1391,695.5,-52.706813280946264
1392,696.0,-54.21204280980969
1393,696.5,-55.78764443870768
1394,697.0,-57.43776767452344
1395,697.5,-59.16613124443229
1396,698.0,-60.977787625830274
1397,698.5,-62.87726836502971
1398,699.0,-64.87077914187613
1399,699.5,-66.96387586019037
1400,700.0,-69.16419514708028
1401,700.5,-71.47875746300134
1402,701.0,-73.91686903209758
1403,701.5,-76.48761400735222
1404,702.0,-79.20238568530444
1405,702.5,-82.07304029148479
1406,703.0,-85.11375536494725
1407,703.5,-88.34010732054766
1408,704.0,-91.77008131973749
1409,704.5,-95.4243162050378
1410,705.0,-99.32613340889169
1411,705.5,-103.50318936773421
1412,706.0,-107.98647344686097
1413,706.5,-112.81356488125387
1414,707.0,-118.0268745510839
1415,707.5,-123.67824442368554
1416,708.0,-129.8278424557627
1417,708.5,-136.548837578891
1418,709.0,-143.9290449905927
1419,709.5,-152.07582083139658
1420,710.0,-161.12162863637596
1421,710.5,-171.23122481028696
1422,711.0,-182.61322653958524
1423,711.5,-195.53444645377544
1424,712.0,-210.34261942617957
1425,712.5,-227.49945277124436
1426,713.0,-247.63034028337026
1427,713.5,-271.60606773160583
1428,714.0,-300.673725320346
1429,714.5,-336.68580236204025
1430,715.0,-382.5209058136016
1431,715.5,-441.6419151563423
1432,716.0,-441.2955838222022
1433,716.5,-440.9677611542982
1434,717.0,-440.65845502045187
1435,717.5,-440.3677690144904
1436,718.0,-440.09573487185094
1437,718.5,-439.84243508568596
1438,719.0,-439.60792494737814
1439,719.5,-439.3922727616711
1440,720.0,-439.19555104580166
1441,720.5,-439.0178200139474
1442,721.0,-438.8591638751725
1443,721.5,-438.719640085378
1444,722.0,-438.59933975944233
1445,722.5,-438.49832220954454
1446,723.0,-438.4166801880611
1447,723.5,-438.3544823563878
1448,724.0,-438.31181734914765
1449,724.5,-438.2887640055229
1450,725.0,-438.2854091273257
1451,725.5,-438.30183894791617
1452,726.0,-438.33814164717904
1453,726.5,-438.39440811725524
1454,727.0,-438.47073061339347
1455,727.5,-438.5672024519473
1456,728.0,-438.6839221883215
1457,728.5,-438.8209837891192
1458,729.0,-438.978493901985
1459,729.5,-439.156545791787
1460,730.0,-439.35525559599165
1461,730.5,-439.5747149105023
1462,731.0,-439.81505040263784
1463,731.5,-440.0763513810052
1464,732.0,-440.3587557606212
1465,732.5,-440.6623503960154
1466,733.0,-440.9872844690424
1467,733.5,-441.3336448784672
1468,734.0,-441.70158578103315
1469,734.5,-442.09120075351876
1470,735.0,-442.50264653904793
1471,735.5,-442.9360240510933
1472,736.0,-443.39149235324663
1473,736.5,-443.86916018170075
1474,737.0,-444.36918882522457
1475,737.5,-444.89169518305806
1476,738.0,-445.4368428187948
1477,738.5,-446.00475701481696
1478,739.0,-446.59560378007745
1479,739.5,-447.20951690368594
1480,740.0,-447.8466651091852
1481,740.5,-448.5071907412266
1482,741.0,-449.1912655856726
1483,741.5,-449.8990405367814
1484,742.0,-450.63069085050296
1485,742.5,-451.3863759280279
1486,743.0,-452.16627494693716
1487,743.5,-452.9705557519618
1488,744.0,-453.79940192328803
1489,744.5,-454.6529896791217
1490,745.0,-455.53150750049457
1491,745.5,-456.43513991417865
1492,746.0,-457.3640808075608
1493,746.5,-458.31852296601113
1494,747.0,-459.29866618826816
1495,747.5,-460.30471149074594
1496,748.0,-461.3368650826339
1497,748.5,-462.3953362113737
1498,749.0,-463.4803379868406
1499,749.5,-464.59208791776706
1500,750.0,-465.73080649560586
1501,750.5,-466.8967195511548
1502,751.0,-468.0900554311194
1503,751.5,-469.31104837732903
1504,752.0,-470.5599350630598
1505,752.5,-471.8369582532533
1506,753.0,-473.1423634243208
1507,753.5,-474.4764019917441
1508,754.0,-475.83932872747755
1509,754.5,-477.23140382953636
1510,755.0,-478.65289188730804
1511,755.5,-480.1040620040772
1512,756.0,-481.58518915487707
1513,756.5,-483.0965514448552
1514,757.0,-484.6384348693232
1515,757.5,-486.2111265854499
1516,758.0,-487.81492433356544
1517,758.5,-489.4501243028188
1518,759.0,-491.11703682067
1519,759.5,-492.8159669907181
1520,760.0,-494.54723871812575
1521,760.5,-496.3111657747261
1522,761.0,-498.1080868175817
1523,761.5,-499.938323876663
1524,762.0,-501.8022317581091
1525,762.5,-503.70014013676365
1526,763.0,-505.6324216317516
1527,763.5,-507.5994127025393
1528,764.0,-509.6015057603972
1529,764.5,-511.639042893781
1530,765.0,-513.7124386538673
1531,765.5,-515.8220392537592
1532,766.0,-517.9682841595626
1533,766.5,-520.1515217974802
1534,767.0,-522.3722198148738
1535,767.5,-524.6307264683468
1536,768.0,-526.9275414141018
1537,768.5,-529.2630098155716
1538,769.0,-531.6376678026944
1539,769.5,-534.0518539053508
1540,770.0,-536.5061459121
1541,770.5,-539.0008714798267
1542,771.0,-541.536656049891
1543,771.5,-544.1138113785532
1544,772.0,-546.7330174604458
1545,772.5,-549.3945642387205
1546,773.0,-552.0991941726593
1547,773.5,-554.8471684908991
1548,774.0,-557.6392838127149
1549,774.5,-569.5153278697036
1550,775.0,-594.3170833473373
1551,775.5,-621.2763526345855
1552,776.0,-650.6920591394489
1553,776.5,-682.9164549727428
1554,777.0,-718.3770155798167
1555,777.5,-757.5884464134816
1556,778.0,-801.1846752396646
1557,778.5,-849.9475712759016
1558,779.0,-904.8596917752786
1559,779.5,-967.1673656413468
1560,780.0,-1038.4796362351558
1561,780.5,-1120.9086464173606
1562,781.0,-1217.2819499409063
1563,781.5,-1331.4783417039391
1564,782.0,-1468.9560850579735
1565,782.5,-1637.6660582156596
1566,783.0,-1849.6285581049713
1567,783.5,-2123.965468143256
1568,784.0,-2492.978890391425
1569,784.5,-3015.994606835852
1570,785.0,-3814.876669506609
1571,785.5,-5186.349302987923
1572,786.0,-8090.0535831566
1573,786.5,-18346.580218998464
1574,787.0,68973.72602493055
1575,787.5,11988.52469599709
1576,788.0,6568.405231818836
1577,788.5,4524.917847792764
1578,789.0,3452.048858976766
1579,789.5,2790.9231642450195
1580,790.0,2342.6362746894397
1581,790.5,2018.6341503557733
1582,791.0,1773.5001586507506
1583,791.5,1581.5483869135537
1584,792.0,1427.1496788070508
1585,792.5,1300.2573475343577
1586,793.0,1194.110795325536
1587,793.5,1104.0010178862324
1588,794.0,1026.5408651885716
1589,794.5,959.2366530832787
1590,795.0,900.2082587789743
1591,795.5,848.0136831360261
1592,796.0,801.5270028859983
1593,796.5,759.8571099991265
1594,797.0,722.2891182023235
1595,797.5,688.2429938331745
1596,798.0,657.2432179691767
1597,798.5,628.8961606867699
1598,799.0,602.8732929411495
1599,799.5,578.8981968784907
1600,800.0,556.7366126573874
1601,800.5,536.1888262544383
1602,801.0,517.0832684511711
1603,801.5,499.27210926726804
1604,802.0,482.6268401217954
1605,802.5,467.0356782956849
1606,803.0,452.40050124701116
1607,803.5,438.63520158708855
1608,804.0,425.66359873743306
1609,804.5,413.41826531306583
1610,805.0,401.8391917353409
1611,805.5,390.8727970594132
1612,806.0,380.47120654579993
1613,806.5,370.5912738998574
1614,807.0,361.19437788750935
1615,807.5,352.24535270171265
1616,808.0,343.7127355861504
1617,808.5,335.56754589367296
1618,809.0,327.7839038256631
1619,809.5,320.3377609700329
1620,810.0,313.20757191958955
1621,810.5,306.3732614120655
1622,811.0,299.8167181363715
1623,811.5,293.5210756557212
1624,812.0,287.47098302538745
1625,812.5,281.6521848520463
1626,813.0,276.0515685575051
1627,813.5,270.65702140685147
1628,814.0,265.457260822493
1629,814.5,260.44194591682725
1630,815.0,255.60130181585996
1631,815.5,250.92646307679132
1632,816.0,246.40890610247084
1633,816.5,242.0410018308889
1634,817.0,237.81527241057256
1635,817.5,233.7251182819265
1636,818.0,229.76397877481386
1637,818.5,225.92607880086203
1638,819.0,222.20567760093917
1639,819.5,218.59767028736053
1640,820.0,215.097027233584
1641,820.5,211.69921370519864
1642,821.0,208.39981148465347
1643,821.5,205.19477365838128
1644,822.0,202.08020964177882
1645,822.5,199.05249226818836
1646,823.0,196.10818778116655
1647,823.5,193.2440322282561
1648,824.0,190.45698849939126
1649,824.5,187.74410871381858
1650,825.0,185.10270098339848
1651,825.5,182.53009403286518
1652,826.0,180.0238970367851
1653,826.5,177.58168216147544
1654,827.0,175.20132154929703
1655,827.5,172.8806028387925
1656,828.0,170.61762813709456
1657,828.5,168.41037688230765
1658,829.0,166.2571483489152
1659,829.5,164.1561059499655
1660,830.0,162.10570612742308
1661,830.5,160.10429121829046
1662,831.0,158.15044636940826
1663,831.5,156.24267643765026
1664,832.0,154.37968178894445
1665,832.5,152.5601116219656
1666,833.0,150.7827699562524
1667,833.5,149.046434272635
1668,834.0,147.35000229347295
1669,834.5,145.69236555736893
1670,835.0,144.07250690008988
1671,835.5,142.489419289238
1672,836.0,140.9421632356168
1673,836.5,139.42982189863795
1674,837.0,137.95152700207692
1675,837.5,136.50644187666748
1676,838.0,135.09376382824647
1677,838.5,133.71272740425186
1678,839.0,132.36259057231123
1679,839.5,131.97955863573807
1680,840.0,131.83135311034027
1681,840.5,131.68076298185656
1682,841.0,131.52781598605782
1683,841.5,131.37254247540034
1684,842.0,131.21497067208182
1685,842.5,131.05513216212245
1686,843.0,130.89305560696778
1687,843.5,130.72877382724775
1688,844.0,130.56231587905117
1689,844.5,130.39371581493498
1690,845.0,130.22300304394506
1691,845.5,130.0502128438728
1692,846.0,129.87537493828285
1693,846.5,129.69852581923683
1694,847.0,129.51969548991963
1695,847.5,129.33892164121434
1696,848.0,129.15623452480665
1697,848.5,128.97167301030976
1698,849.0,128.7852675707697
1699,849.5,128.59705814534746
1700,850.0,128.407075658374
1701,850.5,128.21536075359953
1702,851.0,128.02194511913285
1703,851.5,127.82686982157145
1704,852.0,127.63016738125364
1705,852.5,127.43187924918809
1706,853.0,127.23203876314042
1707,853.5,127.0306877225562
1708,854.0,126.8278602648826
1709,854.5,126.62359850451264
1710,855.0,126.41793735793847
1711,855.5,126.2109192234774
1712,856.0,126.00257977323302
1713,856.5,125.79296166082823
1714,857.0,125.5821012878769
1715,857.5,125.37004153701047
1716,858.0,125.15681951073638
1717,858.5,124.94247829659608
1718,859.0,124.72705566704973
1719,859.5,124.51059489249788
1720,860.0,124.29313438230658
1721,860.5,124.07471756955742
1722,861.0,123.85538346560313
1723,861.5,123.63517564769708
1724,862.0,123.41413369266435
1725,862.5,123.19230130486253
1726,863.0,122.96971858874693
1727,863.5,122.74642935992861
1728,864.0,122.52247421162326
1729,864.5,122.29789705579478
1730,865.0,122.07273893482257
1731,865.5,121.84704384283543
1732,866.0,121.62085323135129
1733,866.5,121.39421116292284
1734,867.0,121.16715945805834
1735,867.5,120.93974223419075
1736,868.0,120.71200164084149
1737,868.5,120.48398183673211
1738,869.0,120.25572526087039
1739,869.5,120.02727609940156
1740,870.0,119.7986770420075
1741,870.5,119.56997228791018
1742,871.0,119.34120473960206
1743,871.5,119.11241859437435
1744,872.0,118.88365693082137
1745,872.5,118.65496392848148
1746,873.0,118.42638280668379
1747,873.5,118.19795771045663
1748,874.0,117.96973196596097
1749,874.5,117.7417496659574
1750,875.0,117.5140542110946
1751,875.5,117.286689623078
1752,876.0,117.05969934629434
1753,876.5,116.8331273115941
1754,877.0,116.60701697794445
1755,877.5,116.38141216460525
1756,878.0,116.15635631747878
1757,878.5,115.93189312270168
1758,879.0,115.7080659868568
1759,879.5,115.48491844080475
1760,880.0,115.26249382676374
1761,880.5,115.04083549780012
1762,881.0,114.81998670768078
1763,881.5,114.59999060910116
1764,882.0,114.38089034393575
1765,882.5,114.16272884224702
1766,883.0,113.94554911086225
1767,883.5,113.72939383567642
1768,884.0,113.51430586517512
1769,884.5,113.30032762076564
1770,885.0,113.08750176867373
1771,885.5,112.87587044724634
1772,886.0,112.66547611539198
1773,886.5,112.45636061212646
1774,887.0,112.24856616227001
1775,887.5,112.04213429216676
1776,888.0,111.83710696347175
1777,888.5,111.63352538006403
1778,889.0,111.43143120842365
1779,889.5,111.2308653243834
1780,890.0,111.0318690636686
1781,890.5,110.83448297334837
1782,891.0,110.63874801862094
1783,891.5,110.44470442257227
1784,892.0,110.25239273529336
1785,892.5,110.06185286679651
1786,893.0,109.87312490209186
1787,893.5,109.68624845570979
1788,894.0,109.50126309171537
1789,894.5,109.3182081539335
1790,895.0,109.13712262326874
1791,895.5,108.95804560522066
1792,896.0,108.78101542862025
1793,896.5,108.60607100092993
1794,897.0,108.43324992308874
1795,897.5,108.26259095285057
1796,898.0,109.1416733141958
1797,898.5,115.595466712478
1798,899.0,122.85058279206424
1799,899.5,131.064255156456
1800,900.0,140.4384321115446
1801,900.5,151.23632233289925
1802,901.0,163.8081905710913
1803,901.5,178.6296197671777
1804,902.0,196.36421559530396
1805,902.5,217.96504662515298
1806,903.0,244.85381152504553
1807,903.5,279.2462866661534
1808,904.0,324.80044174263173
1809,904.5,388.0120716242577
1810,905.0,481.6368647904636
1811,905.5,634.6100646218033
1812,906.0,929.6375903380246
1813,906.5,1736.3864701788993
1814,907.0,13102.225169564937
1815,907.5,-2363.10154938606
1816,908.0,-1083.7917228949407
1817,908.5,-703.0744253091419
1818,909.0,-520.2406895862646
1819,909.5,-412.8174995579071
1820,910.0,-342.1162706029318
1821,910.5,-292.04775661238614
1822,911.0,-254.72592727044855
1823,911.5,-225.82871774992375
1824,912.0,-202.7912359812559
1825,912.5,-183.9933158480864
1826,913.0,-168.36295986266958
1827,913.5,-155.1611323511392
1828,914.0,-143.86314248576264
1829,914.5,-134.08507573791533
1830,915.0,-125.5405635176422
1831,915.5,-118.01082240733575
1832,916.0,-111.32657471731223
1833,916.5,-105.35419829332042
1834,917.0,-99.98733804354696
1835,917.5,-95.13988128495811
1836,918.0,-90.74171278957705
1837,918.5,-86.73491239521547
1838,919.0,-83.07142253619045
1839,919.5,-79.71090731593738
1840,920.0,-76.61935435125724
1841,920.5,-73.76785477661987
1842,921.0,-71.13168207691524
1843,921.5,-68.68961241529608
1844,922.0,-66.42325751654107
1845,922.5,-64.31671399912491
1846,923.0,-62.3560407249684
1847,923.5,-60.52910937816318
1848,924.0,-58.825175878150354
1849,924.5,-57.23484642491606
1850,925.0,-55.74972653634912
1851,925.5,-54.362437102142096
1852,926.0,-54.048657459268775
1853,926.5,-55.98544210181417
1854,927.0,-58.06115470273811
1855,927.5,-60.28879978235776
1856,928.0,-62.68322547956286
1857,928.5,-65.26172138531149
1858,929.0,-68.04403611966436
1859,929.5,-71.05358668604498
1860,930.0,-74.31719473552333
1861,930.5,-77.86726400377691
1862,931.0,-81.74115018495193
1863,931.5,-85.98484231781634
1864,932.0,-90.6519618735586
1865,932.5,-95.80970991484493
1866,933.0,-101.5381799403379
1867,933.5,-107.9390110016128
1868,934.0,-115.13744873610858
1869,934.5,-123.29469045189471
1870,935.0,-132.6172133290095
1871,935.5,-143.37734798358193
1872,936.0,-155.9394534952182
1873,936.5,-170.80295132095526
1874,937.0,-188.6727878199638
1875,937.5,-210.5726705084812
1876,938.0,-238.05663054946095
1877,938.5,-273.5890731132757
1878,939.0,-321.34756698386457
1879,939.5,-388.99326627142614
1880,940.0,-492.2984285850925
1881,940.5,-669.6903148328137
1882,941.0,-1045.7953443876588
1883,941.5,-2381.547234829936
1884,942.0,8616.284365213709
1885,942.5,1533.7427600425879
1886,943.0,841.5580790228929
1887,943.5,579.6393149643445
1888,944.0,441.85747403265094
1889,944.5,356.8278736175751
1890,945.0,299.0913538841428
1891,945.5,257.304924471917
1892,946.0,225.64496117810364
1893,946.5,200.81690319008734
1894,947.0,180.8158503645059
1895,947.5,164.35147797859275
1896,948.0,150.55730981926823
1897,948.5,138.82737080849128
1898,949.0,128.72860743369282
1899,949.5,119.93918255122435
1900,950.0,112.21952659354766
1901,950.5,105.3834013174336
1902,951.0,99.28739720383709
1903,951.5,93.81666090028801
1904,952.0,88.88008109465372
1905,952.5,84.40320392522794
1906,953.0,80.32533012650232
1907,953.5,76.59624863137275
1908,954.0,73.17392613995676
1909,954.5,70.55962317054987
1910,955.0,71.31422365534871
1911,955.5,72.10461505180544
1912,956.0,72.9319487288586
1913,956.5,73.79723244321823
1914,957.0,74.70177771380439
1915,957.5,75.64672113981396
1916,958.0,76.63354863521536
1917,958.5,77.66356086528978
1918,959.0,78.73842316064938
1919,959.5,79.85965101425707
1920,960.0,81.02910173577898
1921,960.5,82.24855022688006
1922,961.0,83.5200812376421
1923,961.5,84.8457662704194
1924,962.0,86.22796534781517
1925,962.5,87.669092622669
1926,963.0,89.17184074829866
1927,963.5,90.73902364599878
1928,964.0,92.3737361032556
1929,964.5,94.07926287430374
1930,965.0,95.85918597677205
1931,965.5,97.71734981019873
1932,966.0,99.65792887747153
1933,966.5,101.68543886570032
1934,967.0,103.80477828200613
1935,967.5,106.02127544578545
1936,968.0,108.34071890188989
1937,968.5,110.7694300510561
1938,969.0,113.31429931355414
1939,969.5,115.9828737443845
1940,970.0,118.78341894030103
1941,970.5,121.72501057503241
1942,971.0,124.81764622891068
1943,971.5,128.07232955306552
1944,972.0,131.50126195313064
1945,972.5,135.11790841504035
1946,973.0,138.9373069341729
1947,973.5,142.97610653270277
1948,974.0,147.2530435528548
1949,974.5,151.78894615549214
1950,975.0,156.60744288935345
1951,975.5,161.73493593348718
1952,976.0,167.20163185723206
1953,976.5,173.0415016529458
1954,977.0,179.29376199808215
1955,977.5,186.0028705694694
1956,978.0,193.2206490848571
1957,978.5,201.00642101661424
1958,979.0,209.43007322986767
1959,979.5,218.57257249473645
1960,980.0,228.53039876124342
1961,980.5,239.4170945774602
1962,981.0,251.36957383552308
1963,981.5,264.5520535982825
1964,982.0,279.1655739379443
1965,982.5,295.4565716061823
1966,983.0,313.73273333968024
1967,983.5,334.3810631236288
1968,984.0,357.89727669323673
1969,984.5,384.92490895647836
1970,985.0,416.31655141691544
1971,985.5,453.2247966664907
1972,986.0,497.2479414468402
1973,986.5,550.6679316970298
1974,987.0,616.8594239193441
1975,987.5,701.0339751183038
1976,988.0,811.6839167035968
1977,988.5,963.6512837798454
1978,989.0,1185.417253203319
1979,989.5,1539.459559018285
1980,990.0,2194.5147241223494
1981,990.5,3818.687112696449
1982,991.0,14679.137957672057
1983,991.5,-7963.013299371405
1984,992.0,-3132.2012532964723
1985,992.5,-1949.5080954439786
1986,993.0,-1415.1094667531502
1987,993.5,-1110.6010595948517
1988,994.0,-913.8809451541932
1989,994.5,-776.3115744316606
1990,995.0,-674.6913585521103
1991,995.5,-596.5507972396894
1992,996.0,-534.5893152214741
1993,996.5,-484.2493556781516
1994,997.0,-442.53807702847655
1995,997.5,-407.4093768570252
1996,998.0,-377.41676362611435
1997,998.5,-351.5087365974146
1998,999.0,-328.90274735968484
1999,999.5,-309.00406225441316
2000,1000.0,-291.3530841848415
2001,1000.5,-275.5884402598199
2002,1001.0,-261.42279317454097
2003,1001.5,-248.6239973161091
2004,1002.0,-237.0033601781641
2005,1002.5,-226.4049633806599
2006,1003.0,-216.69988235162458
2007,1003.5,-207.7795112540245
2008,1004.0,-199.55282801297676
2009,1004.5,-191.94188543652913
2010,1005.0,-184.8805915457113
2011,1005.5,-178.31160248320057
2012,1006.0,-172.1857535328241
2013,1006.5,-166.45994902819635
2014,1007.0,-161.0968612472012
2015,1007.5,-156.06349564854116
2016,1008.0,-151.33100308864775
2017,1008.5,-146.87371053415927
2018,1009.0,-142.66897127502332
2019,1009.5,-138.69652267306932
2020,1010.0,-134.93834107333365
2021,1010.5,-134.19952116931364
2022,1011.0,-135.38320348121917
2023,1011.5,-136.5948295368825
2024,1012.0,-137.83501619138275
2025,1012.5,-139.1044015040081
2026,1013.0,-140.40365538908983
2027,1013.5,-141.73346662799963
2028,1014.0,-143.09456156040187
2029,1014.5,-144.48768653942975
2030,1015.0,-145.9136282576686
2031,1015.5,-147.3731981594592
2032,1016.0,-148.86724785228907
2033,1016.5,-150.39666216448794
2034,1017.0,-151.96236290102277
2035,1017.5,-153.56531745998143
2036,1018.0,-155.2065239493902
2037,1018.5,-156.8870425543839
2038,1019.0,-158.60795473666872
2039,1019.5,-160.3704248781578
2040,1020.0,-162.17562593567683
2041,1020.5,-164.02483831800578
2042,1021.0,-165.9193387631513
2043,1021.5,-167.86053331506457
2044,1022.0,-169.84982004081118
2045,1022.5,-171.88874007386022
2046,1023.0,-173.97883058291913
2047,1023.5,-176.12178177551777
2048,1024.0,-178.31928914558878
2049,1024.5,-180.5732081660673
2050,1025.0,-182.88541461195163
2051,1025.5,-185.25794802592532
2052,1026.0,-187.69288962549763
2053,1026.5,-190.19248493340808
2054,1027.0,-192.75904954709952
2055,1027.5,-195.39506058620228
2056,1028.0,-198.10310143255617
2057,1028.5,-200.88591086061982
2058,1029.0,-203.74637874996296
2059,1029.5,-206.68754093151057
2060,1030.0,-209.7126388361252
2061,1030.5,-212.82504721080457
2062,1031.0,-216.02841170252256
2063,1031.5,-219.3264956747509
2064,1032.0,-222.7234108425104
2065,1032.5,-226.22336845259338
2066,1033.0,-229.8310192933837
2067,1033.5,-233.5510934946552
2068,1034.0,-237.3888675465788
2069,1034.5,-241.34967593140792
2070,1035.0,-245.43951694511284
2071,1035.5,-249.66445465730547
2072,1036.0,-254.03130148736327
2073,1036.5,-258.547014110019
2074,1037.0,-263.2193364218417
2075,1037.5,-268.0562897033825
2076,1038.0,-273.0667208342129
2077,1038.5,-278.2599166633593
2078,1039.0,-283.64603886787324
2079,1039.5,-289.23588717873304
2080,1040.0,-295.0412015345858
2081,1040.5,-301.0746013454622
2082,1041.0,-307.34973504368077
2083,1041.5,-313.88142558427063
2084,1042.0,-320.68564726376513
2085,1042.5,-327.7799113289174
2086,1043.0,-335.18305021533905
2087,1043.5,-342.9158817241325
2088,1044.0,-351.00078193067907
2089,1044.5,-359.46267228484214
2090,1045.0,-368.32836483969976
2091,1045.5,-377.6279066947649
2092,1046.0,-387.393774420626
2093,1046.5,-397.66243950375025
2094,1047.0,-408.4736939970251
2095,1047.5,-419.87220426034816
2096,1048.0,-431.9072362088349
2097,1048.5,-444.6341355127994
2098,1049.0,-458.1145800340788
2099,1049.5,-472.4180394755662
2100,1050.0,-487.62270823843795
2101,1050.5,-503.81704635963507
2102,1051.0,-521.1016152560106
2103,1051.5,-539.590885959251
2104,1052.0,-559.4163164261838
2105,1052.5,-580.7287617389146
2106,1053.0,-603.7033347587765
2107,1053.5,-628.5430238025488
2108,1054.0,-655.4862391601307
2109,1054.5,-684.8128068014074
2110,1055.0,-716.8556680546816
2111,1055.5,-752.011759686838
2112,1056.0,-790.7603236042104
2113,1056.5,-833.6835136970042
2114,1057.0,-881.4971703053059
2115,1057.5,-935.0902628074475
2116,1058.0,-995.5815156837718
2117,1058.5,-1064.3982006943402
2118,1059.0,-1143.3905576452835
2119,1059.5,-1235.0012237921583
2120,1060.0,-1342.5223425917623
2121,1060.5,-1470.5009800807
2122,1061.0,-1625.3988304251884
2123,1061.5,-1816.7198155554117
2124,1062.0,-2059.0382669718533
2125,1062.5,-2375.9007737796355
2126,1063.0,-2807.9885747026337
2127,1063.5,-3432.1627702292335
2128,1064.0,-4413.199803048661
2129,1064.5,-6179.793812236249
2130,1065.0,-10305.91981463059
2131,1065.5,-31025.961931629452
2132,1066.0,30686.205841512063
2133,1066.5,10263.866361159919
2134,1067.0,6161.562498256113
2135,1067.5,4401.52677735379
2136,1068.0,3423.192714729114
2137,1068.5,2800.3834697037655
2138,1069.0,2369.0836727382907
2139,1069.5,2052.713125417784
2140,1070.0,1810.7257654131233
2141,1070.5,1619.635022081536
2142,1071.0,1464.906502708389
2143,1071.5,1337.0537768095276
2144,1072.0,1229.6306334186054
2145,1072.5,1138.0963657160398
2146,1073.0,1059.1657735449046
2147,1073.5,990.3990002177111
2148,1074.0,929.9492262376386
2149,1074.5,876.3906213495134
2150,1075.0,828.6062186436625
2151,1075.5,785.707940239384
2152,1076.0,746.9808393175152
2153,1076.5,711.843410151742
2154,1077.0,679.8168235175134
2155,1077.5,650.5046747760008
2156,1078.0,623.574154899351
2157,1078.5,598.7459587182951
2158,1079.0,575.7814909570882
2159,1079.5,554.4784502109609
2160,1080.0,534.6612255468365
2161,1080.5,516.1797446540085
2162,1081.0,498.9020547094539
2163,1081.5,482.7142991062911
2164,1082.0,467.5155112015371
2165,1082.5,453.21771971084536
2166,1083.0,439.74239614940603
2167,1083.5,427.02046508544737
2168,1084.0,414.98997062244496
2169,1084.5,403.59588975016084
2170,1085.0,392.7887224863529
2171,1085.5,382.52407057761474
2172,1086.0,372.7619422246448
2173,1086.5,363.46609238830945
2174,1087.0,354.60388857159495
2175,1087.5,346.1454267370944
2176,1088.0,338.06384170778466
2177,1088.5,330.33422149924905
2178,1089.0,322.9342715212467
2179,1089.5,315.8430539438887
2180,1090.0,309.0419331458229
2181,1090.5,302.5131677752452
2182,1091.0,296.2410782970765
2183,1091.5,290.2105189229908
2184,1092.0,284.40820837113284
2185,1092.5,278.8211567871811
2186,1093.0,273.4380090918211
2187,1093.5,268.2476040819968
2188,1094.0,263.24014086476495
2189,1094.5,258.405992151801
2190,1095.0,253.7366509437482
2191,1095.5,249.22377400856845
2192,1096.0,244.8599389341402
2193,1096.5,240.6378835818241
2194,1097.0,236.5511005744729
2195,1097.5,232.59324280692314
2196,1098.0,228.75857963338976
2197,1098.5,225.0415422067149
2198,1099.0,221.4370630573114
2199,1099.5,217.94023824351692
2200,1100.0,214.54656965452045
2201,1100.5,211.25172377623775
2202,1101.0,208.05169388340926
2203,1101.5,204.94263772837402
2204,1102.0,201.9209747940944
2205,1102.5,198.983287450628
2206,1103.0,196.1263666045394
2207,1103.5,193.34716288099293
2208,1104.0,190.6427923112349
2209,1104.5,188.01052591924784
2210,1105.0,185.4477655253315
2211,1105.5,182.9520617701373
2212,1106.0,180.52106866847902
2213,1106.5,178.1525816097641
2214,1107.0,175.8444779636886
2215,1107.5,173.59476796952578
2216,1108.0,171.40152746761672
2217,1108.5,169.26295584225076
2218,1109.0,167.17730582472845
2219,1109.5,165.14294379428222
2220,1110.0,163.1582805662751
2221,1110.5,161.2218303891369
2222,1111.0,159.3321456923187
2223,1111.5,157.48787204918852
2224,1112.0,155.68768901209882
2225,1112.5,153.9303591446492
2226,1113.0,152.21467631483978
2227,1113.5,150.53950763705873
2228,1114.0,148.90374992853356
2229,1114.5,147.30636404304076
2230,1115.0,145.74633962093736
2231,1115.5,144.22272184339192
2232,1116.0,142.73458412274684
2233,1116.5,141.2810477581217
2234,1117.0,139.86126182137528
2235,1117.5,138.47441655219444
2236,1118.0,137.11972939604723
2237,1118.5,135.79645323927164
2238,1119.0,134.50386734957496
2239,1119.5,133.24128171931608
2240,1120.0,132.00803154628872
2241,1120.5,130.8034790268631
2242,1121.0,129.6270099945214
2243,1121.5,128.47803448487335
2244,1122.0,127.35598422041946
2245,1122.5,126.260313158532
2246,1123.0,125.19049467113187
2247,1123.5,124.14602308729098
2248,1124.0,123.12640966269453
2249,1124.5,122.13118584452602
2250,1125.0,121.1598974533538
2251,1125.5,120.21211003457448
2252,1126.0,119.28740107886068
2253,1126.5,118.38536738836306
2254,1127.0,117.50561563372494
2255,1127.5,116.64777116280146
2256,1128.0,115.81146772318432
2257,1128.5,114.99635658673961
2258,1129.0,114.20209684545524
2259,1129.5,113.42836312871688
2260,1130.0,112.67483849390831
2261,1130.5,111.94121838952096
2262,1131.0,111.22720879467931
2263,1131.5,110.53252332104285
2264,1132.0,110.90977882075435
2265,1132.5,111.48906951702803
2266,1133.0,112.06434677243487
2267,1133.5,112.63543298370668
2268,1134.0,113.20213410630681
2269,1134.5,113.76427452848758
2270,1135.0,114.32165696442814
2271,1135.5,114.87410782331544
2272,1136.0,115.4214269229388
2273,1136.5,115.96344255475941
2274,1137.0,116.4999521586117
2275,1137.5,117.03078561963964
2276,1138.0,117.55573867225404
2277,1138.5,118.07464237807618
2278,1139.0,118.5872915702233
2279,1139.5,119.09351796513569
2280,1140.0,119.59311640521877
2281,1140.5,120.08591866217732
2282,1141.0,120.57172057733835
2283,1141.5,121.05035332880354
2284,1142.0,121.52161479630446
2285,1142.5,121.98533449832695
2286,1143.0,122.44131460556504
2287,1143.5,122.88938112829192
2288,1144.0,123.3293419688537
2289,1144.5,123.76101950415453
2290,1145.0,124.18422691960234
2291,1145.5,124.59878432479682
2292,1146.0,125.0045092734585
2293,1146.5,125.40122094377966
2294,1147.0,125.78874040394662
2295,1147.5,126.16688717694267
2296,1148.0,126.53548508116899
2297,1148.5,126.89435517303745
2298,1149.0,127.24332337318202
2299,1149.5,127.58221334702075
2300,1150.0,127.91085260959271
2301,1150.5,128.22906837534973
2302,1151.0,128.53668940659298
2303,1151.5,128.83354725244226
2304,1152.0,129.11947175251126
2305,1152.5,129.39429940732072
2306,1153.0,129.65786115277652
2307,1153.5,129.90999887911084
2308,1154.0,130.1505448328214
2309,1154.5,130.3793465499676
2310,1155.0,130.59623799749045
2311,1155.5,130.80107243365768
2312,1156.0,130.99368614493656
2313,1156.5,131.17393801792912
2314,1157.0,131.34166743312676
2315,1157.5,131.4967386584396
2316,1158.0,131.6389950965708
2317,1158.5,131.76830602185413
2318,1159.0,131.88451991080643
2319,1159.5,131.9875105754706
2320,1160.0,133.54318802880167
2321,1160.5,138.73416618282945
2322,1161.0,144.38619243802617
2323,1161.5,150.56064715382558
2324,1162.0,157.3291159040837
2325,1162.5,164.77849963367115
2326,1163.0,173.01226278818098
2327,1163.5,182.15766431085282
2328,1164.0,192.369758462679
2329,1164.5,203.8426979760282
2330,1165.0,216.81944556348154
2331,1165.5,231.61161453984516
2332,1166.0,248.6219137842032
2333,1166.5,268.3837495184613
2334,1167.0,291.6150488008236
2335,1167.5,319.3095339003182
2336,1168.0,352.87907182688906
2337,1168.5,394.40366537502496
2338,1169.0,447.0752512276278
2339,1169.5,516.0597595498575
2340,1170.0,610.2975179652885
2341,1170.5,746.7248202120167
2342,1171.0,961.7839485928664
2343,1171.5,1350.8589486668284
2344,1172.0,2268.3547699031296
2345,1172.5,7065.405789308117
2346,1173.0,-6344.676974026254
2347,1173.5,-2190.44753641615
2348,1174.0,-1324.2322240585004
2349,1174.5,-949.2836878412367
2350,1175.0,-740.0360914581141
2351,1175.5,-606.5518894255225
2352,1176.0,-514.0058417446588
2353,1176.5,-446.0838626217477
2354,1177.0,-394.12161396113254
2355,1177.5,-353.0953786191601
2356,1178.0,-319.8880817277026
2357,1178.5,-292.46640279831854
2358,1179.0,-269.44453885199476
2359,1179.5,-249.84816079659439
2360,1180.0,-232.96977385316103
2361,1180.5,-218.2855852496918
2362,1181.0,-205.39730506992004
2363,1181.5,-193.998834676807
2364,1182.0,-183.8489929495483
2365,1182.5,-174.75721702717257
2366,1183.0,-166.5689547993276
2367,1183.5,-159.1595540070219
2368,1184.0,-152.42537753203266
2369,1184.5,-146.28159753042215
2370,1185.0,-140.65607113241464
2371,1185.5,-140.30584603367012
2372,1186.0,-140.7501738718519
2373,1186.5,-141.18685267404348
2374,1187.0,-141.61586597781056
2375,1187.5,-142.03707449982707
2376,1188.0,-142.45046665034977
2377,1188.5,-142.85590848409166
2378,1189.0,-143.25338538653605
2379,1189.5,-143.64277746580123
2380,1190.0,-144.02406051688965
2381,1190.5,-144.39713055438366
2382,1191.0,-144.7619544797847
2383,1191.5,-145.11844351351257
2384,1192.0,-145.46655654407198
2385,1192.5,-145.8062191235708
2386,1193.0,-146.1373831605872
2387,1193.5,-146.45998752210937
2388,1194.0,-146.77397829150232
2389,1194.5,-147.0793065218616
2390,1195.0,-147.37591371695333
2391,1195.5,-147.6637619056936
2392,1196.0,-147.94278931845076
2393,1196.5,-148.2129676980785
2394,1197.0,-148.47423333859598
2395,1197.5,-148.72656639481667
2396,1198.0,-148.9699026166636
2397,1198.5,-149.20422634267015
2398,1199.0,-149.42948279962707
2399,1199.5,-149.64565128982977
2400,1200.0,-149.85268852830373
2401,1200.5,-150.05057041870717
2402,1201.0,-150.23926359828965
2403,1201.5,-150.41874213126135
2404,1202.0,-150.5889810953612
2405,1202.5,-150.7499541719747
2406,1203.0,-150.90164350518265
2407,1203.5,-151.0440237250724
2408,1204.0,-151.17708279709302
2409,1204.5,-151.300797485753
2410,1205.0,-151.41515982714458
2411,1205.5,-151.52015170537277
2412,1206.0,-151.61576642300565
2413,1206.5,-151.7019922104543
2414,1207.0,-151.77882357439992
2415,1207.5,-151.84625439555762
2416,1208.0,-151.90428139780303
2417,1208.5,-151.95290319000125
2418,1209.0,-151.99211951528005
2419,1209.5,-152.02193299852811
2420,1210.0,-152.04234698274297
2421,1210.5,-152.05336761242998
2422,1211.0,-152.05500219234878
2423,1211.5,-152.04726015828703
2424,1212.0,-152.03015274927017
2425,1212.5,-152.0036928422858
2426,1213.0,-151.96789532304825
2427,1213.5,-151.92277674257645
2428,1214.0,-151.86835547384896
2429,1214.5,-151.8046517318722
2430,1215.0,-151.7316874539519
2431,1215.5,-151.6494862672689
2432,1216.0,-151.55807398484325
2433,1216.5,-151.45747715586825
2434,1217.0,-151.3477257404355
2435,1217.5,-151.22884929665318
2436,1218.0,-151.10088149539533
2437,1218.5,-150.96385539913703
2438,1219.0,-150.8178077177231
2439,1219.5,-150.66277567925414
2440,1220.0,-150.49879820382748
2441,1220.5,-150.325917533117
2442,1221.0,-150.144173762374
2443,1221.5,-149.95361518921214
2444,1222.0,-149.75428185638526
2445,1222.5,-149.5462285080477
2446,1223.0,-149.32949622475817
2447,1223.5,-149.10414372969885
2448,1224.0,-148.87021648381173
2449,1224.5,-148.62777389716814
2450,1225.0,-148.3768677096438
2451,1225.5,-148.11755662205152
2452,1226.0,-147.84990000197976
2453,1226.5,-147.5739543200748
2454,1227.0,-147.28978803030898
2455,1227.5,-146.99745374894022
2456,1228.0,-146.69703056307316
2457,1228.5,-146.38856552959479
2458,1229.0,-146.07214764511758
2459,1229.5,-145.74782365170978
2460,1230.0,-145.41568489432524
2461,1230.5,-145.07578496421579
2462,1231.0,-144.72821179973533
2463,1231.5,-144.37302865170025
2464,1232.0,-144.0103185145859
2465,1232.5,-143.64015569752357
2466,1233.0,-143.26261672397362
2467,1233.5,-142.87778833449664
2468,1234.0,-142.48573908964565
2469,1234.5,-142.08656948396518
2470,1235.0,-141.68033868358768
2471,1235.5,-141.26716218416587
2472,1236.0,-140.84708841124166
2473,1236.5,-140.42024811202722
2474,1237.0,-139.98668042521055
2475,1237.5,-139.5465247764307
2476,1238.0,-139.09982553027288
2477,1238.5,-138.64671656036296
2478,1239.0,-138.18725258054863
2479,1239.5,-137.72156115501002
2480,1240.0,-137.24970786962382
2481,1240.5,-136.77181338885026
2482,1241.0,-136.28795453064416
2483,1241.5,-136.45634805791002
2484,1242.0,-136.9472881364887
2485,1242.5,-137.4516184936716
2486,1243.0,-137.969467624581
2487,1243.5,-138.5009700269195
2488,1244.0,-139.04625279064462
2489,1244.5,-139.60546492784084
2490,1245.0,-140.1787336424889
2491,1245.5,-140.7662217792719
2492,1246.0,-141.36805820337892
2493,1246.5,-141.9844189509304
2494,1247.0,-142.61543610671347
2495,1247.5,-143.26129831802805
2496,1248.0,-143.92214244498487
2497,1248.5,-144.59816924462393
2498,1249.0,-145.28952189437263
2499,1249.5,-145.99641285409572
2500,1250.0,-146.71899313843588
2501,1250.5,-147.45748661138308
2502,1251.0,-148.21205361676803
2503,1251.5,-148.98292924410188
2504,1252.0,-149.77028462707926
2505,1252.5,-150.57436603245915
2506,1253.0,-151.39535681212573
2507,1253.5,-152.23351450094628
2508,1254.0,-153.089036066162
2509,1254.5,-153.96219054829052
2510,1255.0,-154.85318989925292
2511,1255.5,-155.76231505596093
2512,1256.0,-156.68979430187173
2513,1256.5,-157.63592101990085
2514,1257.0,-158.60094115678575
2515,1257.5,-159.5851612549647
2516,1258.0,-160.58884625037695
2517,1258.5,-161.6123167270164
2518,1259.0,-162.65585794130786
2519,1259.5,-163.71980557375102
2520,1260.0,-164.80446655096716
2521,1260.5,-165.9101928822282
2522,1261.0,-167.03731454743337
2523,1261.5,-168.18620129886554
2524,1262.0,-169.357207602995
2525,1262.5,-170.5507225564597
2526,1263.0,-171.76712661461528
2527,1263.5,-173.00683001277176
2528,1264.0,-174.27024078735988
2529,1264.5,-175.5577923065141
2530,1265.0,-176.8699218928181
2531,1265.5,-178.20708824941053
2532,1266.0,-179.56975982832154
2533,1266.5,-180.95842308766365
2534,1267.0,-182.3735796182819
2535,1267.5,-183.81574628278486
2536,1268.0,-185.2854600168941
2537,1268.5,-186.7832709808721
2538,1269.0,-188.30975389178377
2539,1269.5,-189.86549536120745
2540,1270.0,-191.45111059158532
2541,1270.5,-193.06722608010858
2542,1271.0,-194.7145005272989
2543,1271.5,-196.39360405482086
2544,1272.0,-198.1052422281893
2545,1272.5,-199.850132865372
2546,1273.0,-201.62903216868204
2547,1273.5,-203.44271009075328
2548,1274.0,-205.29197770398827
2549,1274.5,-207.17766194018492
2550,1275.0,-209.10063350004637
2551,1275.5,-211.06178159178455
2552,1276.0,-213.0620418989515
2553,1276.5,-215.10237171099982
2554,1277.0,-217.18377772589727
2555,1277.5,-219.30729169115406
2556,1278.0,-221.47399811933923
2557,1278.5,-223.6850102404337
2558,1279.0,-225.9414980547835
2559,1279.5,-228.2446640356628
2560,1280.0,-230.59577233682853
2561,1280.5,-232.996123276403
2562,1281.0,-235.4470849569079
2563,1281.5,-237.95006510625595
2564,1282.0,-240.5065468592393
2565,1282.5,-243.11805602630312
2566,1283.0,-245.78620332968694
2567,1283.5,-248.51264461318084
2568,1284.0,-251.29913242685524
2569,1284.5,-254.14746607790283
2570,1285.0,-257.0595561191972
2571,1285.5,-260.0373604688277
2572,1286.0,-263.0829660845722
2573,1286.5,-266.19850664309575
2574,1287.0,-269.3862664807777
2575,1287.5,-272.6485745173137
2576,1288.0,-275.98793642037685
2577,1288.5,-279.4068985758447
2578,1289.0,-282.90821539813925
2579,1289.5,-286.4946761827457
2580,1290.0,-290.16931554606776
2581,1290.5,-293.9351949359511
2582,1291.0,-297.79566535705914
2583,1291.5,-301.75409415070595
2584,1292.0,-305.81419045904966
2585,1292.5,-309.9796666036724
2586,1293.0,-314.25463818238893
2587,1293.5,-318.64320796116175
2588,1294.0,-323.1499541029225
2589,1294.5,-327.77942292139164
2590,1295.0,-332.53672053842
2591,1295.5,-337.4268991094183
2592,1296.0,-342.4556692266527
2593,1296.5,-347.6286622887943
2594,1297.0,-352.9522832517511
2595,1297.5,-358.43282964895155
2596,1298.0,-364.07750688723877
2597,1298.5,-369.8933819942165
2598,1299.0,-375.88857916303937
2599,1299.5,-382.0710808725244
2600,1300.0,-388.45004493800246
2601,1300.5,-395.0345634088921
2602,1301.0,-401.8349655457651
2603,1301.5,-408.86165635599
2604,1302.0,-416.12633771972213
2605,1302.5,-423.6409623397181
2606,1303.0,-431.41884980001413
2607,1303.5,-439.47378643259833
2608,1304.0,-447.8210100836268
2609,1304.5,-456.47649140137287
2610,1305.0,-465.45775769205477
2611,1305.5,-474.7833971946885
2612,1306.0,-484.4736885919717
2613,1306.5,-494.5503772690641
2614,1307.0,-505.0370727748367
2615,1307.5,-515.9593552903677
2616,1308.0,-527.3448986066561
2617,1308.5,-539.2239766505313
2618,1309.0,-551.6292644026545
2619,1309.5,-564.5968291915102
2620,1310.0,-578.1655565634665
2621,1310.5,-592.3787303896129
2622,1311.0,-607.2830253465407
2623,1311.5,-622.9308055115665
2624,1312.0,-639.3786204879335
2625,1312.5,-656.6903868666969
2626,1313.0,-674.935322435638
2627,1313.5,-694.1921392956897
2628,1314.0,-714.5467709909371
2629,1314.5,-736.0969945404449
2630,1315.0,-758.9508685825316
2631,1315.5,-783.2314535237882
2632,1316.0,-809.0764202738101
2633,1316.5,-836.6429709541497
2634,1317.0,-866.1091191063254
2635,1317.5,-897.6790700589323
2636,1318.0,-931.5869333913038
2637,1318.5,-968.1030603569598
2638,1319.0,-1007.5414066025313
2639,1319.5,-1050.267781059038
2640,1320.0,-1096.7129007510077
2641,1320.5,-1147.3844116133723
2642,1321.0,-1202.8892413770395
2643,1321.5,-1263.9531266623103
2644,1322.0,-1331.4590230285837
2645,1322.5,-1406.4819585444131
2646,1323.0,-1490.3567942263935
2647,1323.5,-1584.7471406330985
2648,1324.0,-1691.7689267942537
2649,1324.5,-1814.1390929295105
2650,1325.0,-1955.421227457045
2651,1325.5,-2120.367953783782
2652,1326.0,-2315.4760065471182
2653,1326.5,-2549.8549622146675
2654,1327.0,-2836.696703479672
2655,1327.5,-3195.8464526607127
2656,1328.0,-3658.598706861482
2657,1328.5,-4277.363137731381
2658,1329.0,-5147.043915578076
2659,1329.5,-6459.152439023626
2660,1330.0,-8666.479198969184
2661,1330.5,-13159.915586473026
2662,1331.0,-27305.366125300174
2663,1331.5,368793.5506712841
2664,1332.0,23801.087940062505
2665,1332.5,12301.783150543639
2666,1333.0,8296.388865960715
2667,1333.5,6259.686396793409
2668,1334.0,5026.543564430975
2669,1334.5,4199.741172810018
2670,1335.0,3606.832900734372
2671,1335.5,3160.8593761167026
2672,1336.0,2813.2125655112004
2673,1336.5,2534.5993451234785
2674,1337.0,2306.306706723381
2675,1337.5,2115.829581829805
2676,1338.0,1954.484334038244
2677,1338.5,1816.0621312519747
2678,1339.0,1695.9968235989797
2679,1339.5,1590.8632336518097
2680,1340.0,1498.0357544052517
2681,1340.5,1415.4721803800041
2682,1341.0,1341.5572756918145
2683,1341.5,1274.9985887603273
2684,1342.0,1214.7486560923428
2685,1342.5,1159.9499097389876
2686,1343.0,1109.893719914523
2687,1343.5,1063.98877450559
2688,1344.0,1021.7387338162746
2689,1344.5,982.7226737847811
2690,1345.0,946.5827152437162
2691,1345.5,913.0111049055379
2692,1346.0,881.7432716887104
2693,1346.5,852.5491205839701
2694,1347.0,825.2287527533865
2695,1347.5,799.6067965444081
2696,1348.0,775.5293709575856
2697,1348.5,752.8605023353405
2698,1349.0,731.4797973996834
2699,1349.5,711.2802266655649
2700,1350.0,692.166238058464
2701,1350.5,674.0524492612124
2702,1351.0,656.8620515200543
2703,1351.5,640.5261113112512
2704,1352.0,624.982182977368
2705,1352.5,610.1739976026621
2706,1353.0,596.0502895313804
2707,1353.5,582.5646343067281
2708,1354.0,569.674592216622
2709,1354.5,557.3415067947208
2710,1355.0,545.5299476259345
2711,1355.5,534.2074655402968
2712,1356.0,523.3442529317527
2713,1356.5,512.9128694462784
2714,1357.0,502.88805981969847
2715,1357.5,493.2464617000792
2716,1358.0,478.86288669284767
2717,1358.5,445.7265860100779
2718,1359.0,416.8217179144941
2719,1359.5,391.37877719497953
2720,1360.0,368.80388121254424
2721,1360.5,348.6322438865568
2722,1361.0,330.4939572500055
2723,1361.5,314.09183419320635
2724,1362.0,299.183720565791
2725,1362.5,285.570684957086
2726,1363.0,273.0877940653544
2727,1363.5,261.59674394728785
2728,1364.0,250.98153596673455
2729,1364.5,241.14287920177796
2730,1365.0,231.99702581900328
2731,1365.5,223.47068595979013
2732,1366.0,215.5020017148881
2733,1366.5,208.03577669287105
2734,1367.0,201.02519751533026
2735,1367.5,194.4280570901705
2736,1368.0,188.20816427879774
2737,1368.5,182.33278467607875
2738,1369.0,176.77344463421363
2739,1369.5,171.5044353854074
2740,1370.0,166.50299599536473
2741,1370.5,161.7487188497279
2742,1371.0,157.22314428179882
2743,1371.5,152.90992451245202
2744,1372.0,148.7938899735926
2745,1372.5,144.86184190965218
2746,1373.0,141.10116526379522
2747,1373.5,137.50113027220496
2748,1374.0,134.05113397254357
2749,1374.5,130.74239977039952
2750,1375.0,127.56593194583044
2751,1375.5,124.51451015302162
2752,1376.0,121.5804403937477
2753,1376.5,118.75774917104931
2754,1377.0,116.03981127353802
2755,1377.5,113.42164990288678
2756,1378.0,110.89754785034793
2757,1378.5,108.46331088319477
2758,1379.0,106.11400033657901
2759,1379.5,103.84605205647341
2760,1380.0,101.65517550344082
2761,1380.5,99.5383389112895
2762,1381.0,97.49178635194129
2763,1381.5,95.51293649286468
2764,1382.0,93.59848716329331
2765,1382.5,91.74622091093406
2766,1383.0,89.95325302844898
2767,1383.5,88.2176396540822
2768,1384.0,86.53687294870717
2769,1384.5,84.90922807962022
2770,1385.0,83.33253292649627
2771,1385.5,81.80523799476336
2772,1386.0,80.3254708947391
2773,1386.5,78.89182300128404
2774,1387.0,77.50268939554036
2775,1387.5,76.1567757447244
2776,1388.0,74.85271498638727
2777,1388.5,73.58930729271827
2778,1389.0,72.36539568830081
2779,1389.5,71.17986091205003
2780,1390.0,70.03172958401052
2781,1390.5,68.91995409034837
2782,1391.0,67.84371906187289
2783,1391.5,66.80204387223365
2784,1392.0,65.79424450732533
2785,1392.5,64.819411536678
2786,1393.0,63.876945748931966
2787,1393.5,62.96606339554611
2788,1394.0,62.08618290585303
2789,1394.5,61.23664508978506
2790,1395.0,60.41689285014089
2791,1395.5,59.62636723495428
2792,1396.0,58.86454381590515
2793,1396.5,58.130940648568924
2794,1397.0,57.42507484401744
2795,1397.5,56.7465196984423
2796,1398.0,56.094842716941756
2797,1398.5,55.46965348565884
2798,1399.0,54.8705752784879
2799,1399.5,54.29724507381909
2800,1400.0,53.749330216274565
2801,1400.5,53.22650308763111
2802,1401.0,52.7284585350735
2803,1401.5,52.254912078388486
2804,1402.0,51.80557207345226
2805,1402.5,51.38020243183042
2806,1403.0,50.978514519727526
2807,1403.5,50.600322984185915
2808,1404.0,50.2453412038014
2809,1404.5,49.913416488284675
2810,1405.0,49.60428417334798
2811,1405.5,49.31779757925238
2812,1406.0,49.05373026561515
2813,1406.5,48.8119329475201
2814,1407.0,48.59221468695405
2815,1407.5,48.394423477204214
2816,1408.0,48.21839872892191
2817,1408.5,48.06398815168645
2818,1409.0,47.93105456435878
2819,1409.5,47.8194495663777
2820,1410.0,47.72905158875876
2821,1410.5,48.9518423991587
2822,1411.0,51.94683220385262
2823,1411.5,55.28546393724809
2824,1412.0,59.02542339673748
2825,1412.5,63.240265266547134
2826,1413.0,68.0222720351996
2827,1413.5,73.49157757554376
2828,1414.0,79.80490870468843
2829,1414.5,87.17229382077642
2830,1415.0,95.88141833908236
2831,1415.5,106.33491464379576
2832,1416.0,119.12000127920776
2833,1416.5,135.11535585833968
2834,1417.0,155.7198262322217
2835,1417.5,183.263479980481
2836,1418.0,222.00542840294523
2837,1418.5,280.53443005807094
2838,1419.0,379.3358999144558
2839,1419.5,581.9317485538888
2840,1420.0,1233.9991844445956
2841,1420.5,-11265.12504813775
2842,1421.0,-1020.6661435456768
2843,1421.5,-536.6191213201469
2844,1422.0,-364.8820118091318
2845,1422.5,-276.85643653704676
2846,1423.0,-223.3072903160538
2847,1423.5,-187.27237891190725
2848,1424.0,-161.35355193055636
2849,1424.5,-141.80594683871456
2850,1425.0,-126.52909785352242
2851,1425.5,-114.25814400420404
2852,1426.0,-104.18060178401576
2853,1426.5,-95.75544734428178
2854,1427.0,-88.60560837985714
2855,1427.5,-82.46157289454601
2856,1428.0,-77.12564680719146
2857,1428.5,-72.44865039013015
2858,1429.0,-68.31734668126936
2859,1429.5,-64.64276117426839
2860,1430.0,-61.35521548840023
2861,1430.5,-58.398837700232924
2862,1431.0,-55.72825949050341
2863,1431.5,-53.30689917842793
2864,1432.0,-51.103955707172865
2865,1432.5,-49.09434852630171
2866,1433.0,-47.25678689289709
2867,1433.5,-45.573312089823375
2868,1434.0,-44.02899689192944
2869,1434.5,-45.05024496608958
2870,1435.0,-48.46604196860469
2871,1435.5,-52.36217771379506
2872,1436.0,-56.85291401741196
2873,1436.5,-62.093405448488674
2874,1437.0,-68.30104338253193
2875,1437.5,-75.78821083827147
2876,1438.0,-85.02095460090528
2877,1438.5,-96.7258385749661
2878,1439.0,-112.10497325366802
2879,1439.5,-133.2863672551507
2880,1440.0,-164.45714921864297
2881,1440.5,-215.09613692986224
2882,1441.0,-312.24123598300423
2883,1441.5,-576.4002080977245
2884,1442.0,-4161.534784194852
2885,1442.5,775.8692084485195
2886,1443.0,349.75768652185104
2887,1443.5,223.27549013619085
2888,1444.0,162.43284315793167
2889,1444.5,126.56962257258927
2890,1445.0,102.84751548728899
2891,1445.5,85.96322898141983
2892,1446.0,73.29097542429164
2893,1446.5,63.42077738823403
2894,1447.0,55.49171318575275
2895,1447.5,48.98269330071491
2896,1448.0,43.53118715111296
2897,1448.5,38.90242270361259
2898,1449.0,34.9197632460488
2899,1449.5,31.460866718124937
2900,1450.0,28.432862085891653
2901,1450.5,25.76322657675646
2902,1451.0,23.40115430049096
2903,1451.5,21.302151680597593
2904,1452.0,19.433944937754536
2905,1452.5,17.771226642888404
2906,1453.0,16.292072682159233
2907,1453.5,14.979565875389941
2908,1454.0,13.8210989136079
2909,1454.5,12.805621224970732
2910,1455.0,12.325334679694059
2911,1455.5,11.844231865975551
2912,1456.0,11.3658442778844
2913,1456.5,10.89551259746728
2914,1457.0,10.438759028588004
2915,1457.5,10.00121520043533
2916,1458.0,9.588543507647147
2917,1458.5,9.20635288135219
2918,1459.0,8.860110559247353
2919,1459.5,8.55504485403358
2920,1460.0,8.296084709839782
2921,1460.5,8.087746366052565
2922,1461.0,7.934057047024928
2923,1461.5,7.8385068818225765
2924,1462.0,7.804004674624298
2925,1462.5,7.832853815170556
2926,1463.0,7.926751454253569
2927,1463.5,8.200875013296269
2928,1464.0,9.036083701130055
2929,1464.5,9.967946580391184
2930,1465.0,10.989611150150338
2931,1465.5,12.092903292884044
2932,1466.0,13.271483068499332
2933,1466.5,14.517693685203662
2934,1467.0,15.822739241185074
2935,1467.5,17.17754832811872
2936,1468.0,18.57406876981813
2937,1468.5,20.001629131971576
2938,1469.0,21.44950964021084
2939,1469.5,22.906886210100993
2940,1470.0,24.360239680751082
2941,1470.5,25.47270413523432
2942,1471.0,26.43991284810255
2943,1471.5,27.488446918507492
2944,1472.0,28.623134801912546
2945,1472.5,29.848526432521716
2946,1473.0,31.17086959381287
2947,1473.5,32.59660075221705
2948,1474.0,34.13326658440596
2949,1474.5,35.790089304005406
2950,1475.0,37.576436450717516
2951,1475.5,39.50523910657237
2952,1476.0,41.58880352502587
2953,1476.5,43.84469093643017
2954,1477.0,46.290434315048536
2955,1477.5,48.94954956671156
2956,1478.0,51.84746504296548
2957,1478.5,55.01692166154308
2958,1479.0,58.49522458694388
2959,1479.5,62.32985946695311
2960,1480.0,66.57686764922924
2961,1480.5,71.30820663416212
2962,1481.0,76.61119964234524
2963,1481.5,82.60045157212957
2964,1482.0,89.41914751413127
2965,1482.5,97.26117492031281
2966,1483.0,106.37800596440245
2967,1483.5,117.12395127069415
2968,1484.0,129.98456317773594
2969,1484.5,145.67860766203563
2970,1485.0,165.27603838170722
2971,1485.5,190.48179989555197
2972,1486.0,224.1520309229426
2973,1486.5,271.48984609133714
2974,1487.0,343.07116813948653
2975,1487.5,464.14823252195504
2976,1488.0,713.8401539169716
2977,1488.5,1531.5300358523812
2978,1489.0,-11026.444686758123
2979,1489.5,-1203.158312841151
2980,1490.0,-637.0845342459615
2981,1490.5,-433.3936336484594
2982,1491.0,-328.3585806132768
2983,1491.5,-264.1980125645522
2984,1492.0,-220.88414526949074
2985,1492.5,-189.63824608910338
2986,1493.0,-166.00345704596216
2987,1493.5,-147.47925670677867
2988,1494.0,-132.5523377974468
2989,1494.5,-120.25389936268222
2990,1495.0,-109.93606176577778
2991,1495.5,-101.14641181456179
2992,1496.0,-93.56376978657327
2993,1496.5,-86.94897444331214
2994,1497.0,-86.2007643453284
2995,1497.5,-86.49211704815166
2996,1498.0,-86.80025009517902
2997,1498.5,-87.12533837825758
2998,1499.0,-87.46759297823864
2999,1499.5,-87.82715984353553
3000,1500.0,-88.2043062987736
3001,1500.5,-88.59915498599803
3002,1501.0,-89.01201813806104
3003,1501.5,-89.44302402374386
3004,1502.0,-89.89248171251164
3005,1502.5,-90.3605714709118
3006,1503.0,-90.84758677960478
3007,1503.5,-91.35375983553776
3008,1504.0,-91.87937221197741
3009,1504.5,-92.42470754806111
3010,1505.0,-92.99003987748671
3011,1505.5,-93.57570354675762
3012,1506.0,-94.18196998326769
3013,1506.5,-94.80922341519093
3014,1507.0,-95.45773806536214
3015,1507.5,-96.12794726634158
3016,1508.0,-96.82013383279539
3017,1508.5,-97.5347795977705
3018,1509.0,-98.27218711642877
3019,1509.5,-99.03287137666105
3020,1510.0,-99.81717866818786
3021,1510.5,-100.62564465424106
3022,1511.0,-101.45867232604199
3023,1511.5,-102.31682005676818
3024,1512.0,-103.20054933619969
3025,1512.5,-104.11044755660932
3026,1513.0,-105.04703705688809
3027,1513.5,-106.0109409936575
3028,1514.0,-107.00274555329015
3029,1514.5,-108.02311689656001
3030,1515.0,-109.07270880170604
3031,1515.5,-110.15223824763675
3032,1516.0,-111.26243120072817
3033,1516.5,-112.40406394839088
3034,1517.0,-113.57794021105506
3035,1517.5,-114.78490487825538
3036,1518.0,-116.02584609442458
3037,1518.5,-117.30168760266729
3038,1519.0,-118.61340990203082
3039,1519.5,-119.96202698469455
3040,1520.0,-121.34862108100157
3041,1520.5,-122.77430919502447
3042,1521.0,-124.24028633324392
3043,1521.5,-125.74778690900035
3044,1522.0,-127.29813168619917
3045,1522.5,-128.89268883969575
3046,1523.0,-130.53292013482223
3047,1523.5,-132.22034620013744
3048,1524.0,-133.95658770800483
3049,1524.5,-135.74333923778073
3050,1525.0,-137.58240142595008
3051,1525.5,-139.4756676690411
3052,1526.0,-141.42514338057856
3053,1526.5,-143.43294969898977
3054,1527.0,-145.50132613228547
3055,1527.5,-147.63265539061769
3056,1528.0,-149.8294458303021
3057,1528.5,-152.09438151553002
3058,1529.0,-154.43028100664839
3059,1529.5,-156.84017676134286
3060,1530.0,-159.32724696725322
3061,1530.5,-161.89492840902747
3062,1531.0,-164.54681824621912
3063,1531.5,-167.28682448704132
3064,1532.0,-170.1190348886473
3065,1532.5,-173.04790856770177
3066,1533.0,-176.07811264283188
3067,1533.5,-179.21475139969553
3068,1534.0,-182.46318283414692
3069,1534.5,-185.82926998814173
3070,1535.0,-189.31919526569104
3071,1535.5,-192.9397244530009
3072,1536.0,-196.6980276625643
3073,1536.5,-200.60195226339752
3074,1537.0,-204.65985897708742
3075,1537.5,-208.88090063008073
3076,1538.0,-213.2748828001643
3077,1538.5,-217.85254640429181
3078,1539.0,-222.6254633858672
3079,1539.5,-227.60632284602192
3080,1540.0,-232.80887369311722
3081,1540.5,-238.24821657673917
3082,1541.0,-243.94080738939087
3083,1541.5,-249.90476107022968
3084,1542.0,-256.1599326821156
3085,1542.5,-262.7282448352225
3086,1543.0,-269.6338673045296
3087,1543.5,-276.903588364284
3088,1544.0,-284.5671204835146
3089,1544.5,-292.657548856813
3090,1545.0,-301.2118012102257
3091,1545.5,-310.2712269291619
3092,1546.0,-319.88228623333623
3093,1546.5,-330.09734512594395
3094,1547.0,-340.9756682464085
3095,1547.5,-352.5845665452082
3096,1548.0,-365.0008285001082
3097,1548.5,-378.3124439649108
3098,1549.0,-392.6206984848401
3099,1549.5,-408.0428469392643
3100,1550.0,-424.7152622285827
3101,1550.5,-442.79770381472383
3102,1551.0,-462.47823232525724
3103,1551.5,-483.98023267223357
3104,1552.0,-507.57044977610906
3105,1552.5,-524.6503630029437
3106,1553.0,-541.5877475788452
3107,1553.5,-559.6717526469665
3108,1554.0,-579.0217124625663
3109,1554.5,-599.7746436379671
3110,1555.0,-622.0875717852555
3111,1555.5,-646.1424610572853
3112,1556.0,-672.1501506670829
3113,1556.5,-700.3576055436408
3114,1557.0,-731.0546398796904
3115,1557.5,-764.5850160938089
3116,1558.0,-801.3582290681073
3117,1558.5,-841.867348845978
3118,1559.0,-886.7101785778721
3119,1559.5,-936.6198809145511
3120,1560.0,-992.5043713541447
3121,1560.5,-1055.5028406863485
3122,1561.0,-1127.0633012898495
3123,1561.5,-1209.0558700201998
3124,1562.0,-1303.937709184502
3125,1562.5,-1415.0038428288303
3126,1563.0,-1546.7768154564678
3127,1563.5,-1705.637607764674
3128,1564.0,-1900.8891168133302
3129,1564.5,-2146.644981093249
3130,1565.0,-2465.4011569160757
3131,1565.5,-2895.343255241696
3132,1566.0,-3506.915034823316
3133,1566.5,-4445.998737059986
3134,1567.0,-6071.826505590437
3135,1567.5,-9571.776063698793
3136,1568.0,-22594.217476119033
3137,1568.5,62706.211105929724
3138,1569.0,13132.997045891685
3139,1569.5,7335.177214856649
3140,1570.0,5089.017180978346
3141,1570.5,3896.217250602208
3142,1571.0,3156.5606837584214
3143,1571.5,2653.0552425038036
3144,1572.0,2288.184265262932
3145,1572.5,2011.6255720061765
3146,1573.0,1794.7841078523763
3147,1573.5,1620.2065460740614
3148,1574.0,1476.6381300664316
3149,1574.5,1356.493549080409
3150,1575.0,1254.4759559399665
3151,1575.5,1166.7726840228183
3152,1576.0,1090.571250184789
3153,1576.5,1023.7497484588479
3154,1577.0,964.6789910402598
3155,1577.5,912.0854933540197
3156,1578.0,864.961288679164
3157,1578.5,822.4962809639383
3158,1579.0,784.0338585463763
3159,1579.5,749.0342821700843
3160,1580.0,717.0517183408292
3161,1580.5,687.7127294889852
3162,1581.0,660.7041164779667
3163,1581.5,635.7592904995588
3164,1582.0,612.6518190930123
3165,1582.5,591.1863533449098
3166,1583.0,571.1951361676087
3167,1583.5,552.5317805445831
3168,1584.0,535.0693648932224
3169,1584.5,518.6960445342651
3170,1585.0,503.31402492665154
3171,1585.5,488.83639729064765
3172,1586.0,475.1865904966729
3173,1586.5,462.29606359517845
3174,1587.0,450.1040023959939
3175,1587.5,438.55563952145496
3176,1588.0,427.602054867404
3177,1588.5,417.19897544664997
3178,1589.0,407.30659294280866
3179,1589.5,397.88874567283756
3180,1590.0,388.91269851357976
3181,1590.5,380.34864099868736
3182,1591.0,372.1693942935603
3183,1591.5,364.3501801018527
3184,1592.0,356.8682312582842
3185,1592.5,349.70279997205216
3186,1593.0,342.83465596126536
3187,1593.5,336.24631209888577
3188,1594.0,329.9213985666616
3189,1594.5,323.8450907081203
3190,1595.0,318.0033504783458
3191,1595.5,312.38354618856
3192,1596.0,306.9735542119955
3193,1596.5,301.7625639241285
3194,1597.0,296.74003491123665
3195,1597.5,291.8966765613782
3196,1598.0,287.2232906222772
3197,1598.5,282.7117993292608
3198,1599.0,278.35419689924095
3199,1599.5,274.1434018110475
3200,1600.0,270.0724247080421
3201,1600.5,266.1350210874656
3202,1601.0,262.3250738337308
3203,1601.5,258.63704412825166
3204,1602.0,255.06556831904737
3205,1602.5,251.6057042134507
3206,1603.0,248.25274325726963
3207,1603.5,245.00224873934144
3208,1604.0,241.85008534737153
3209,1604.5,238.79224520633753
3210,1605.0,235.82509782934784
3211,1605.5,232.94499933917697
3212,1606.0,230.1487666633531
3213,1606.5,227.43306475496178
3214,1607.0,224.79510960766956
3215,1607.5,222.23184162945174
3216,1608.0,219.74079355340012
3217,1608.5,217.31919965922455
3218,1609.0,214.9648083566958
3219,1609.5,212.67516610953686
3220,1610.0,209.61016423802693
3221,1610.5,205.59901660686452
3222,1611.0,201.71788986986053
3223,1611.5,197.9596397757864
3224,1612.0,194.31763695496485
3225,1612.5,190.78584726414655
3226,1613.0,187.35851304577758
3227,1613.5,184.03049281007094
3228,1614.0,180.79678130436167
3229,1614.5,177.65295361284396
3230,1615.0,174.59467059713563
3231,1615.5,171.61805599416167
3232,1616.0,168.7193760678504
3233,1616.5,165.89520652521665
3234,1617.0,163.14231628781621
3235,1617.5,160.45768420298995
3236,1618.0,157.83848324961406
3237,1618.5,155.28205990277434
3238,1619.0,152.78590977980951
3239,1619.5,150.34771719157004
3240,1620.0,147.965233228826
3241,1620.5,145.6364544461669
3242,1621.0,143.35933216066132
3243,1621.5,141.1321387587207
3244,1622.0,138.95302218399394
3245,1622.5,136.8204566524898
3246,1623.0,134.73279999257605
3247,1623.5,132.68866935058057
3248,1624.0,130.68662693166587
3249,1624.5,128.72540055749286
3250,1625.0,126.80374514872604
3251,1625.5,124.9204731969315
3252,1626.0,123.07452074457841
3253,1626.5,121.26476431945463
3254,1627.0,119.49030940742917
3255,1627.5,117.75008056037056
3256,1628.0,116.04334085452332
3257,1628.5,114.369050826725
3258,1629.0,112.72660717008709
3259,1629.5,111.11503349043257
3260,1630.0,109.53379989870382
3261,1630.5,107.98203584420474
3262,1631.0,106.45923739905916
3263,1631.5,104.96464396341457
3264,1632.0,103.49777196752643
3265,1632.5,102.05796143014324
3266,1633.0,100.64474562039918
3267,1633.5,99.25755563047962
3268,1634.0,97.89593976402097
3269,1634.5,96.55941054456757
3270,1635.0,95.24753088352354
3271,1635.5,93.95988512010497
3272,1636.0,92.69605141495622
3273,1636.5,91.45567646120497
3274,1637.0,90.23835509408654
3275,1637.5,89.04378718158803
3276,1638.0,87.87158618179153
3277,1638.5,86.721496368341
3278,1639.0,85.59315205485021
3279,1639.5,84.48633368382536
3280,1640.0,83.40069872529662
3281,1640.5,82.33605620138636
3282,1641.0,81.2920889139718
3283,1641.5,80.26862762789196
3284,1642.0,79.2653823565492
3285,1642.5,78.28219961453115
3286,1643.0,77.31881806483182
3287,1643.5,76.375094898334
3288,1644.0,75.45079830396729
3289,1644.5,74.54579205181386
3290,1645.0,73.6598740784246
3291,1645.5,72.79291164789949
3292,1646.0,71.94473194710073
3293,1646.5,71.11520367286693
3294,1647.0,70.30418201160062
3295,1647.5,69.51153604190146
3296,1648.0,68.73714694197436
3297,1648.5,67.98088409081019
3298,1649.0,67.24265192180708
3299,1649.5,66.52232093374747
3300,1650.0,65.81981540966748
3301,1650.5,65.13500859096487
3302,1651.0,64.46784062709395
3303,1651.5,63.81818980289737
3304,1652.0,63.186007694772684
3305,1652.5,62.57118045760687
3306,1653.0,61.973666348478176
3307,1653.5,61.39336256796564
3308,1654.0,60.830227732140436
3309,1654.5,60.28417774315302
3310,1655.0,59.75516417936234
3311,1655.5,59.243121106249475
3312,1656.0,58.74799588876977
3313,1656.5,58.26973561607915
3314,1657.0,57.8082876325385
3315,1657.5,57.36360675712136
3316,1658.0,56.93564412854816
3317,1658.5,56.52435756639213
3318,1659.0,56.12970522972297
3319,1659.5,55.75164397082595
3320,1660.0,55.39014141508745
3321,1660.5,55.04515041293364
3322,1661.0,54.71664956256724
3323,1661.5,54.40458574648294
3324,1662.0,54.108948987403906
3325,1662.5,53.82967938773327
3326,1663.0,53.566777733681505
3327,1663.5,53.32017771135254
3328,1664.0,53.08988910991618
3329,1664.5,52.875840683708105
3330,1665.0,52.71374599673326
3331,1665.5,53.15722967292283
3332,1666.0,53.595426479431374
3333,1666.5,54.02800302067784
3334,1667.0,54.4544180115628
3335,1667.5,54.874341943401035
3336,1668.0,55.28725014907344
3337,1668.5,55.69281442214765
3338,1669.0,56.09053174439596
3339,1669.5,56.48007393093603
3340,1670.0,56.86096358315471
3341,1670.5,57.232872324690554
3342,1671.0,57.595351274430186
3343,1671.5,57.9480726884375
3344,1672.0,58.290618069981676
3345,1672.5,58.62266208448795
3346,1673.0,58.94381754638291
3347,1673.5,59.25376412977198
3348,1674.0,59.55214607987655
3349,1674.5,59.83865133151725
3350,1675.0,60.11295504020123
3351,1675.5,60.37475710630846
3352,1676.0,60.62376262694707
3353,1676.5,60.85968740515225
3354,1677.0,61.08226527022581
3355,1677.5,61.291231865870216
3356,1678.0,61.48634851659472
3357,1678.5,61.66737441373901
3358,1679.0,61.83409732147731
3359,1679.5,61.986303232037606
3360,1680.0,62.123805670626794
3361,1680.5,62.24642002601481
3362,1681.0,62.35398529396505
3363,1681.5,62.446348506697554
3364,1682.0,62.52337458814148
3365,1682.5,62.58494202504573
3366,1683.0,62.630944210851645
3367,1683.5,62.661290292008
3368,1684.0,62.67590404233689
3369,1684.5,62.67472512612538
3370,1685.0,62.657708558543774
3371,1685.5,62.62482517728549
3372,1686.0,62.57606103911749
3373,1686.5,62.51141958299482
3374,1687.0,62.4309166893108
3375,1687.5,62.33459052194691
3376,1688.0,62.22248464457395
3377,1688.5,62.09467463859671
3378,1689.0,61.951228835671145
3379,1689.5,61.79226332178028
3380,1690.0,61.61786785916805
3381,1690.5,63.44705956605285
3382,1691.0,65.57073259215778
3383,1691.5,67.86754624508126
3384,1692.0,70.35627265874166
3385,1692.5,73.05825104471022
3386,1693.0,75.99882711074304
3387,1693.5,79.20743614190675
3388,1694.0,82.71920147356253
3389,1694.5,86.57571191097524
3390,1695.0,90.82710873197453
3391,1695.5,95.53393037883666
3392,1696.0,100.77030475832872
3393,1696.5,106.62767044888437
3394,1697.0,113.22034763908181
3395,1697.5,120.69297298619814
3396,1698.0,129.2313502505545
3397,1698.5,139.07810470677788
3398,1699.0,150.55619420636228
3399,1699.5,164.10510315484322
3400,1700.0,180.33850781693326
3401,1700.5,200.14007015027155
3402,1701.0,224.83002091274977
3403,1701.5,256.4728666868653
3404,1702.0,298.48731140588455
3405,1702.5,356.9749405515499
3406,1703.0,443.99236573704144
3407,1703.5,587.163915342826
3408,1704.0,866.7738312913206
3409,1704.5,1655.5378503775219
3410,1705.0,18505.965689090506
3411,1705.5,-2014.6745463893756
3412,1706.0,-954.9224830475661
3413,1706.5,-625.555680466405
3414,1707.0,-465.0029319890949
3415,1707.5,-369.94439384811346
3416,1708.0,-307.09110175176124
3417,1708.5,-262.4438569556637
3418,1709.0,-229.09288658796768
3419,1709.5,-203.2312792311218
3420,1710.0,-182.59195292587955
3421,1710.5,-165.7382142780665
3422,1711.0,-151.71765829262065
3423,1711.5,-139.87213708552738
3424,1712.0,-129.73391059734593
3425,1712.5,-120.96011087374387
3426,1713.0,-119.03818954690266
3427,1713.5,-119.31028921584634
3428,1714.0,-119.58589814828619
3429,1714.5,-119.86499209040208
3430,1715.0,-120.14753200638829
3431,1715.5,-120.43349195111172
3432,1716.0,-120.72283330711544
3433,1716.5,-121.01552852449073
3434,1717.0,-121.31153932395183
3435,1717.5,-121.61083663220052
3436,1718.0,-121.91338243324947
3437,1718.5,-122.21914620710704
3438,1719.0,-122.52809013100173
3439,1719.5,-122.84018231083579
3440,1720.0,-123.15538505112285
3441,1720.5,-123.47366515281082
3442,1721.0,-123.79498498525375
3443,1721.5,-124.11931011082606
3444,1722.0,-124.44660290405552
3445,1722.5,-124.7768277530946
3446,1723.0,-125.10994698000816
3447,1723.5,-125.44592386180273
3448,1724.0,-125.78472061175474
3449,1724.5,-126.1262994582105
3450,1725.0,-126.4706224499707
3451,1725.5,-126.8176508292802
3452,1726.0,-127.16734642476449
3453,1726.5,-127.51966955584376
3454,1727.0,-127.87458177467228
3455,1727.5,-128.2320425423581
3456,1728.0,-128.59201307721156
3457,1728.5,-128.95445204824588
3458,1729.0,-129.3193202810531
3459,1729.5,-129.68657572085644
3460,1730.0,-130.05617873982249
3461,1730.5,-130.42808663006548
3462,1731.0,-130.80225924756826
3463,1731.5,-131.1786533045521
3464,1732.0,-131.5572280759021
3465,1732.5,-131.93793976978475
3466,1733.0,-132.32074701288323
3467,1733.5,-132.7056055877365
3468,1734.0,-133.0924734036443
3469,1734.5,-133.48130589839195
3470,1735.0,-133.87206019282976
3471,1735.5,-134.26469146306266
3472,1736.0,-134.65915596884884
3473,1736.5,-135.05540870956258
3474,1737.0,-135.4534050100376
3475,1737.5,-135.85309977929057
3476,1738.0,-136.25444733271894
3477,1738.5,-136.65740257625532
3478,1739.0,-137.06191874125318
3479,1739.5,-137.46795081811558
3480,1740.0,-137.8754508801076
3481,1740.5,-138.28437408925458
3482,1741.0,-138.69467128799073
3483,1741.5,-139.10629789596393
3484,1742.0,-139.5192034541318
3485,1742.5,-139.93334372379587
3486,1743.0,-140.34866687673542
3487,1743.5,-140.7651290971085
3488,1744.0,-141.18267712367472
3489,1744.5,-141.60126764091217
3490,1745.0,-142.020845895493
3491,1745.5,-142.4413691450351
3492,1746.0,-142.86278109077412
3493,1746.5,-143.28503963068482
3494,1747.0,-143.70808687391695
3495,1747.5,-144.13188141947956
3496,1748.0,-144.5563637454212
3497,1748.5,-144.98149320499255
3498,1749.0,-145.4072086147241
3499,1749.5,-145.83347012690038
3500,1750.0,-146.2602148756451
3501,1750.5,-146.68740384777726
3502,1751.0,-147.11497248452685
3503,1751.5,-147.54288221022043
3504,1752.0,-147.97106804114236
3505,1752.5,-148.39949034336746
3506,1753.0,-148.82808487240618
3507,1753.5,-149.25681019747745
3508,1754.0,-149.68560311899637
3509,1754.5,-150.11442035709433
3510,1755.0,-150.54319982493828
3511,1755.5,-150.9718963562121
3512,1756.0,-151.40044903021212
3513,1756.5,-151.82881077241262
3514,1757.0,-152.25692186646805
3515,1757.5,-152.68473332412987
3516,1758.0,-153.11218665592995
3517,1758.5,-153.53923097112218
3518,1759.0,-153.96580901351396
3519,1759.5,-154.39186801822274
3520,1760.0,-154.81735195227802
3521,1760.5,-155.24220622243715
3522,1761.0,-155.66637599223938
3523,1761.5,-156.08980490344217
3524,1762.0,-156.51243927265458
3525,1762.5,-156.9342210575703
3526,1763.0,-157.35509766779666
3527,1763.5,-157.77500947533608
3528,1764.0,-158.1939048954219
3529,1764.5,-160.3301468175219
3530,1765.0,-163.0839075134206
3531,1765.5,-165.93489563573314
3532,1766.0,-168.88796230588375
3533,1766.5,-171.94818001655022
3534,1767.0,-175.12113860423253
3535,1767.5,-178.41266475662263
3536,1768.0,-181.82922433989873
3537,1768.5,-185.37755788424707
3538,1769.0,-189.06516241056514
3539,1769.5,-192.8998994771411
3540,1770.0,-196.8904918032814
3541,1770.5,-201.0461675473086
3542,1771.0,-205.37713576751617
3543,1771.5,-209.89429590060277
3544,1772.0,-214.60967533405713
3545,1772.5,-219.53623279460862
3546,1773.0,-224.6882410104692
3547,1773.5,-230.0812174072688
3548,1774.0,-235.73223514382684
3549,1774.5,-241.66002059157017
3550,1775.0,-247.88517734835966
3551,1775.5,-254.43049810158848
3552,1776.0,-261.3210892507012
3553,1776.5,-268.5849559722486
3554,1777.0,-276.2530209811206
3555,1777.5,-284.3600576529009
3556,1778.0,-292.9446072419393
3557,1778.5,-302.05035869256943
3558,1779.0,-311.7259878730569
3559,1779.5,-322.02711478318366
3560,1780.0,-333.0161452243934
3561,1780.5,-344.76491834530026
3562,1781.0,-357.35489298563544
3563,1781.5,-370.8803911312242
3564,1782.0,-385.4497592224501
3565,1782.5,-401.18940522905064
3566,1783.0,-418.24653493437324
3567,1783.5,-436.79461900551587
3568,1784.0,-457.038705143847
3569,1784.5,-479.22353525531946
3570,1785.0,-503.64329299631896
3571,1785.5,-530.6548091360985
3572,1786.0,-560.6954316786791
3573,1786.5,-594.3064665221007
3574,1787.0,-632.1670472389153
3575,1787.5,-675.139473000665
3576,1788.0,-724.3374597000179
3577,1788.5,-781.2223020492481
3578,1789.0,-847.7533140999113
3579,1789.5,-926.6155144601786
3580,1790.0,-1021.5949939110425
3581,1790.5,-1138.2020388155786
3582,1791.0,-1284.7846365945545
3583,1791.5,-1474.6192469125458
3584,1792.0,-1730.1832840959607
3585,1792.5,-2092.790679328206
3586,1793.0,-2647.5579663455314
3587,1793.5,-3602.3879755573907
3588,1794.0,-5634.271051551306
3589,1794.5,-12924.166216412148
3590,1795.0,43964.14150654325
3591,1795.5,8137.8669380429465
3592,1796.0,4483.45408284281
3593,1796.5,3093.749534643725
3594,1797.0,2361.4981369215993
3595,1797.5,1909.3760001509263
3596,1798.0,1602.4248087675887
3597,1798.5,1380.3874105774278
3598,1799.0,1212.2978802403197
3599,1799.5,1080.618770099778
3600,1800.0,974.6680873094105
3601,1800.5,887.5724834749309
3602,1801.0,814.705003851004
3603,1801.5,752.8395659479057
3604,1802.0,699.6559477583819
3605,1802.5,653.4442418853372
3606,1803.0,612.9155596218824
3607,1803.5,577.080517317682
3608,1804.0,545.1668743010168
3609,1804.5,516.5628553620074
3610,1805.0,490.77805234471316
3611,1805.5,467.41395813741343
3612,1806.0,446.1444430631835
3613,1806.5,426.69878816673616
3614,1807.0,408.8518430162714
3615,1807.5,392.41321969067906
3616,1808.0,377.2225978388583
3617,1808.5,363.1421334944059
3618,1809.0,350.05461793623283
3619,1809.5,337.8578900948148
3620,1810.0,326.46418498776666
3621,1810.5,315.79624580426326
3622,1811.0,305.78703632267656
3623,1811.5,296.37708173811217
3624,1812.0,287.5142832875125
3625,1812.5,279.15213618110016
3626,1813.0,271.24952509014645
3627,1813.5,263.76958517313346
3628,1814.0,256.67942282632896
3629,1814.5,249.9494582586023
3630,1815.0,243.5530514419753
3631,1815.5,237.466209971787
3632,1816.0,231.66711939058507
3633,1816.5,226.13612952476916
3634,1817.0,220.8551985790869
3635,1817.5,215.80809103738216
3636,1818.0,210.97975007475935
3637,1818.5,206.35665403786965
3638,1819.0,201.92613398118607
3639,1819.5,197.67684582457747
3640,1820.0,193.5980504261093
3641,1820.5,189.68016604602306
3642,1821.0,185.91402803495092
3643,1821.5,182.29148917837404
3644,1822.0,178.80468945466387
3645,1822.5,175.44664556443718
3646,1823.0,172.2106004474389
3647,1823.5,169.09051652662507
3648,1824.0,166.08056223939698
3649,1824.5,163.17549005878732
3650,1825.0,160.37024408550684
3651,1825.5,157.66024133158393
3652,1826.0,155.04107950537204
3653,1826.5,152.50873823886482
3654,1827.0,150.05936871876258
3655,1827.5,150.55589858250156
3656,1828.0,151.3965395467065
3657,1828.5,152.25137582953215
3658,1829.0,153.12056847960923
3659,1829.5,154.00427259680586
3660,1830.0,154.90265506878742
3661,1830.5,155.8158817096889
3662,1831.0,156.74412631411366
3663,1831.5,157.6875653839422
3664,1832.0,158.6463807194041
3665,1832.5,159.6207595263107
3666,1833.0,160.61089274563784
3667,1833.5,161.61697834675843
3668,1834.0,162.63921758903624
3669,1834.5,163.6778193094667
3670,1835.0,164.7329963124462
3671,1835.5,165.80496845242644
3672,1836.0,166.8939613613504
3673,1836.5,168.0002061085166
3674,1837.0,169.12394249903576
3675,1837.5,170.26541306434416
3676,1838.0,171.42487319903833
3677,1838.5,172.602577196918
3678,1839.0,173.7987975370301
3679,1839.5,175.01380063249684
3680,1840.0,176.2478776287543
3681,1840.5,177.5013074766513
3682,1841.0,178.77440166569787
3683,1841.5,180.06745217001307
3684,1842.0,181.38079260580645
3685,1842.5,182.7147285300615
3686,1843.0,184.06961758296242
3687,1843.5,185.4457795461597
3688,1844.0,186.8435971659547
3689,1844.5,188.26340800259476
3690,1845.0,189.7056184549951
3691,1845.5,191.17058801300865
3692,1846.0,192.65874628833612
3693,1846.5,194.17047755929374
3694,1847.0,195.7062356183955
3695,1847.5,197.2664321390647
3696,1848.0,198.8515461889862
3697,1848.5,200.46201963833488
3698,1849.0,202.09835806882825
3699,1849.5,203.76103656017352
3700,1850.0,205.45058861236697
3701,1850.5,207.16752575641968
3702,1851.0,208.91241100396877
3703,1851.5,210.68579582788257
3704,1852.0,212.4882745611033
3705,1852.5,214.32044237974443
3706,1853.0,216.18292699491522
3707,1853.5,218.0763713429618
3708,1854.0,220.00143885244682
3709,1854.5,221.95882460039692
3710,1855.0,223.9492303946628
3711,1855.5,225.97340818836705
3712,1856.0,228.03210119877505
3713,1856.5,230.12612338126488
3714,1857.0,232.25626281309272
3715,1857.5,234.4234010095947
3716,1858.0,236.62837483857442
3717,1858.5,238.8721394112425
3718,1859.0,241.15558486459
3719,1859.5,243.479746473348
3720,1860.0,245.84557274839293
3721,1860.5,248.25418605189225
3722,1861.0,250.7065998002253
3723,1861.5,253.20402463997877
3724,1862.0,255.74756352049332
3725,1862.5,258.3385057574706
3726,1863.0,260.9780586346984
3727,1863.5,263.6675978445327
3728,1864.0,266.4084452884901
3729,1864.5,269.202071854366
3730,1865.0,272.0499254027533
3731,1865.5,274.95358211357654
3732,1866.0,277.9146283515112
3733,1866.5,280.9347571571386
3734,1867.0,284.0157073186924
3735,1867.5,287.15930200402937
3736,1868.0,290.3674479198827
3737,1868.5,293.64211359106315
3738,1869.0,296.9853909504072
3739,1869.5,300.3994113836022
3740,1870.0,303.8864714508246
3741,1870.5,307.448885543638
3742,1871.0,311.0891766782489
3743,1871.5,314.8098654721861
3744,1872.0,318.61372605196294
3745,1872.5,322.5035120715923
3746,1873.0,326.4822731391695
3747,1873.5,330.5530377161608
3748,1874.0,334.7191475123043
3749,1874.5,338.9839587048832
3750,1875.0,343.35112855844807
3751,1875.5,347.82438593353845
3752,1876.0,352.40774736286687
3753,1876.5,357.1053607116714
3754,1877.0,361.9216528358956
3755,1877.5,366.86124412212854
3756,1878.0,371.92903155210024
3757,1878.5,377.13017015477817
3758,1879.0,382.4700973077861
3759,1879.5,387.95457514328484
3760,1880.0,393.58966428839005
3761,1880.5,399.3818189279352
3762,1881.0,405.3378209933168
3763,1881.5,411.46491683629023
3764,1882.0,417.7707262061698
3765,1882.5,424.2634062537493
3766,1883.0,430.95155359850116
3767,1883.5,437.8443763352782
3768,1884.0,444.95161838771384
3769,1884.5,452.2837056274182
3770,1885.0,459.8517283428244
3771,1885.5,467.667541328572
3772,1886.0,475.7438130462688
3773,1886.5,484.0940906088194
3774,1887.0,492.7329006502963
3775,1887.5,501.67580501263564
3776,1888.0,510.9395317818435
3777,1888.5,520.5420548095019
3778,1889.0,530.5027276965901
3779,1889.5,540.8424293731391
3780,1890.0,551.5836670587292
3781,1890.5,562.7508414985398
3782,1891.0,574.3702769009285
3783,1891.5,586.4706737933872
3784,1892.0,599.0830144089872
3785,1892.5,612.2412894586415
3786,1893.0,625.9822161720537
3787,1893.5,635.5906842372192
3788,1894.0,640.1376281160415
3789,1894.5,644.7551261655929
3790,1895.0,649.444674970751
3791,1895.5,654.207952085467
3792,1896.0,659.0465681574723
3793,1896.5,663.9622855495684
3794,1897.0,668.9568365647884
3795,1897.5,674.0320764799033
3796,1898.0,679.1898675994491
3797,1898.5,684.4321669775018
3798,1899.0,689.7609761047668
3799,1899.5,695.1783635222502
3800,1900.0,700.6864800257412
3801,1900.5,706.287516298903
3802,1901.0,711.983783604356
3803,1901.5,717.7776064834641
3804,1902.0,723.6714689938199
3805,1902.5,729.6678424378127
3806,1903.0,735.7693973030788
3807,1903.5,741.9787658916854
3808,1904.0,748.2988202236926
3809,1904.5,754.7323712055095
3810,1905.0,761.2825035550758
3811,1905.5,767.9522359738908
3812,1906.0,774.7448641347129
3813,1906.5,781.6636524384948
3814,1907.0,788.7121219014035
3815,1907.5,795.8938043839414
3816,1908.0,803.2124690798817
3817,1908.5,810.6719395969202
3818,1909.0,818.2762587784109
3819,1909.5,826.0295691393077
3820,1910.0,833.9362156490216
3821,1910.5,842.0006901623049
3822,1911.0,850.2276716816792
3823,1911.5,858.6220355713685
3824,1912.0,867.1888307012229
3825,1912.5,875.933354394232
3826,1913.0,884.8610657286234
3827,1913.5,893.9777273491848
3828,1914.0,903.2892540705765
3829,1914.5,912.8019228802164
3830,1915.0,922.522155843337
3831,1915.5,932.4567998448816
3832,1916.0,942.6128426438761
3833,1916.5,952.9977641464516
3834,1917.0,963.6191880243086
3835,1917.5,974.4852879335093
3836,1918.0,985.6044152852002
3837,1918.5,996.985501602862
3838,1919.0,1008.6377274168931
3839,1919.5,1020.5708708002229
3840,1920.0,1032.795042053575
3841,1920.5,1045.3209730062822
3842,1921.0,1058.159819646165
3843,1921.5,1071.3233912271128
3844,1922.0,1084.8240233730867
3845,1922.5,1098.674745922442
3846,1923.0,1112.889229471109
3847,1923.5,1127.481890778216
3848,1924.0,1142.4679162225427
3849,1924.5,1157.863303498806
3850,1925.0,1173.684966061159
3851,1925.5,1189.9507097626256
3852,1926.0,1206.6794230710318
3853,1926.5,1223.8909872561956
3854,1927.0,1241.6065580153654
3855,1927.5,1259.848407809466
3856,1928.0,1278.6403055624007
3857,1928.5,1298.0072898117626
3858,1929.0,1317.9761543971838
3859,1929.5,1338.5751512524416
3860,1930.0,1359.8345915374891
3861,1930.5,1381.7864830519634
3862,1931.0,1404.4652289344212
3863,1931.5,1427.907263254787
3864,1932.0,1452.1517754191975
3865,1932.5,1477.2404287503455
3866,1933.0,1503.2180631727717
3867,1933.5,1530.1325347949678
3868,1934.0,1558.0353992139803
3869,1934.5,1586.9818904258864
3870,1935.0,1617.0315947173417
3871,1935.5,1648.2485924360985
3872,1936.0,1680.7021365782969
3873,1936.5,1714.4669879729204
3874,1937.0,1749.6241186069583
3875,1937.5,1786.2612803844634
3876,1938.0,1824.4737618045394
3877,1938.5,1864.3652437989917
3878,1939.0,1906.0486508830452
3879,1939.5,1949.6473664049565
3880,1940.0,1995.296237745901
3881,1940.5,2043.1432503399965
3882,1941.0,2093.3507740946666
3883,1941.5,2146.097835046771
3884,1942.0,2201.58173205422
3885,1942.5,2260.0211038559523
3886,1943.0,2321.6581097182757
3887,1943.5,2386.762579384281
3888,1944.0,2455.6350530219192
3889,1944.5,2528.6124414201563
3890,1945.0,2606.0724000336727
3891,1945.5,2688.441070076635
3892,1946.0,2776.1996859860965
3893,1946.5,2869.8952014986376
3894,1947.0,2970.1505076677727
3895,1947.5,3077.6794349623565
3896,1948.0,3193.302677186224
3897,1948.5,3317.969807034295
3898,1949.0,3452.7844326693075
3899,1949.5,3599.0378488936076
3900,1950.0,3758.2496985526495
3901,1950.5,3932.2216866408735
3902,1951.0,4123.105424329815
3903,1951.5,4333.492343895369
3904,1952.0,4566.5316685757625
3905,1952.5,4826.089280509381
3906,1953.0,5116.963873255518
3907,1953.5,5445.186058885434
3908,1954.0,5818.4414906774045
3909,1954.5,6246.679274915085
3910,1955.0,6743.013228057552
3911,1955.5,7325.086322115429
3912,1956.0,8017.214429102325
3913,1956.5,8853.86543750153
3914,1957.0,9885.581977929904
3915,1957.5,11189.57908365753
3916,1958.0,12890.027223114874
3917,1958.5,15200.122429560186
3918,1959.0,18519.329518907736
3919,1959.5,23693.60189012762
3920,1960.0,32881.21789208291
3921,1960.5,53709.36002275243
3922,1961.0,146537.75303284428
3923,1961.5,-201162.9216360642
3924,1962.0,-59640.64870233227
3925,1962.5,-35009.40747566237
3926,1963.0,-24776.349112545868
3927,1963.5,-19172.144507242407
3928,1964.0,-15635.37377785317
3929,1964.5,-13200.165583349935
3930,1965.0,-11421.229238624452
3931,1965.5,-10064.779571370422
3932,1966.0,-8996.28675696287
3933,1966.5,-8132.857533010747
3934,1967.0,-7420.628974072595
3935,1967.5,-6823.083492210681
3936,1968.0,-6314.586827178074
3937,1968.5,-5876.614690041729
3938,1969.0,-5495.447750667145
3939,1969.5,-5160.708300499305
3940,1970.0,-4864.401595372113
3941,1970.5,-4600.2686219323
3942,1971.0,-4363.339705728289
3943,1971.5,-4149.618351066482
3944,1972.0,-3955.854566797181
3945,1972.5,-3779.3779279834616
3946,1973.0,-3617.9743022720872
3947,1973.5,-3469.791997163829
3948,1974.0,-3333.270883039476
3949,1974.5,-3207.0868337764464
3950,1975.0,-3090.1090507217887
3951,1975.5,-2981.3657245550503
3952,1976.0,-2880.017309279862
3953,1976.5,-2785.3345338737477
3954,1977.0,-2696.681054761439
3955,1977.5,-2613.4989702424486
3956,1978.0,-2535.2972017008556
3957,1978.5,-2461.64170169964
3958,1979.0,-2392.14746353959
3959,1979.5,-2326.471749269165
3960,1980.0,-2264.3084656138194
3961,1980.5,-2205.383383822111
3962,1981.0,-2149.4501005882726
3963,1981.5,-2096.286599745932
3964,1982.0,-2045.6923013375906
3965,1982.5,-1997.4855435144063
3966,1983.0,-1951.501396244125
3967,1983.5,-1907.5897835418148
3968,1984.0,-1865.6138466405291
3969,1984.5,-1825.448516890481
3970,1985.0,-1786.9792824998854
3971,1985.5,-1750.1010811414562
3972,1986.0,-1714.7173696080097
3973,1986.5,-1680.7392441427796
3974,1987.0,-1648.0847424572419
3975,1987.5,-1616.6781261612346
3976,1988.0,-1586.4493649695485
3977,1988.5,-1557.3335337378758
3978,1989.0,-1529.270442704204
3979,1989.5,-1502.2041142953497
3980,1990.0,-1476.0825330365817
3981,1990.5,-1450.857176260394
3982,1991.0,-1426.4828642431196
3983,1991.5,-1402.9173279478998
3984,1992.0,-1380.12113207628
3985,1992.5,-1358.0572912904781
3986,1993.0,-1336.6912269339555
3987,1993.5,-1315.9904388093942
3988,1994.0,-1295.9244784818386
3989,1994.5,-1276.4646724398563
3990,1995.0,-1257.5841026314733
3991,1995.5,-1239.257376666566
3992,1996.0,-1221.4606083980955
3993,1996.5,-1204.1712319352735
3994,1997.0,-1187.3679764832582
3995,1997.5,-1171.030721768588
3996,1998.0,-1155.1404624301347
3997,1998.5,-1139.6792030876384
3998,1999.0,-1124.6299084154396
3999,1999.5,-1109.9764365637045
4000,2000.0,-1095.7034717024765
4001,2000.5,-1081.796494873576
4002,2001.0,-1068.2416963080695
4003,2001.5,-1055.025983072473
4004,2002.0,-1042.136868869975
4005,2002.5,-1029.5625180684353
4006,2003.0,-1017.2916110189552
4007,2003.5,-1005.313424229999
4008,2004.0,-993.6176694943282
4009,2004.5,-982.1946101146489
4010,2005.0,-971.0348723355592
4011,2005.5,-960.1295976404332
4012,2006.0,-949.4702254016393
4013,2006.5,-939.048680097805
4014,2007.0,-928.8571302087475
4015,2007.5,-918.8881894853657
4016,2008.0,-909.1346894009713
4017,2008.5,-899.5898569593337
4018,2009.0,-890.2471192186762
4019,2009.5,-881.1002528775807
4020,2010.0,-872.143221361363
4021,2010.5,-863.3702951157582
4022,2011.0,-854.7759217711863
4023,2011.5,-846.3548161379293
4024,2012.0,-838.1018639866942
4025,2012.5,-830.0121807902351
4026,2013.0,-822.081049679605
4027,2013.5,-814.3039480173125
4028,2014.0,-806.6765201086545
4029,2014.5,-799.1945707230833
4030,2015.0,-791.8540731582314
4031,2015.5,-784.6511288506877
4032,2016.0,-777.5820114082967
4033,2016.5,-770.6430914695632
4034,2017.0,-763.8309173371081
4035,2017.5,-757.1421042577186
4036,2018.0,-750.5734523072177
4037,2018.5,-744.1217992715406
4038,2019.0,-737.7841764502157
4039,2019.5,-731.5576243234707
4040,2020.0,-725.4393869584433
4041,2020.5,-719.4266905924222
4042,2021.0,-713.5169726255857
4043,2021.5,-707.7076355943357
4044,2022.0,-701.9962827629222
4045,2022.5,-696.3804900291001
4046,2023.0,-690.8580088604256
4047,2023.5,-685.4265756882786
4048,2024.0,-680.0840775700387
4049,2024.5,-674.8283998679111
4050,2025.0,-669.6575537671503
4051,2025.5,-664.5695630516373
4052,2026.0,-659.5625526002516
4053,2026.5,-654.6346750875466
4054,2027.0,-649.7841595709527
4055,2027.5,-645.0092789611255
4056,2028.0,-640.3083578020397
4057,2028.5,-635.6797813727734
4058,2029.0,-631.1219617502661
4059,2029.5,-626.6333894218644
4060,2030.0,-622.2125567074303
4061,2030.5,-617.8580527796357
4062,2031.0,-613.5684435082974
4063,2031.5,-609.3424108036124
4064,2032.0,-605.1785879303064
4065,2032.5,-601.0757441079097
4066,2033.0,-597.0325743265945
4067,2033.5,-593.0479301573623
4068,2034.0,-589.1205674552585
4069,2034.5,-585.2494025008615
4070,2035.0,-581.4332618182525
4071,2035.5,-577.6711133005138
4072,2036.0,-573.9618543802418
4073,2036.5,-570.3044988499623
4074,2037.0,-566.6980114293774
4075,2037.5,-563.1414478071332
4076,2038.0,-559.6338366746837
4077,2038.5,-556.1742718956725
4078,2039.0,-552.7618430971958
4079,2039.5,-549.3956788536317
4080,2040.0,-546.0749269467694
4081,2040.5,-542.7987474312658
4082,2041.0,-539.5663436960575
4083,2041.5,-536.3769042587905
4084,2042.0,-533.229685781853
4085,2042.5,-530.1239024230753
4086,2043.0,-527.0588619784472
4087,2043.5,-584.3768169751268
4088,2044.0,-687.0728359037212
4089,2044.5,-833.4258705197516
4090,2045.0,-1058.811832598637
4091,2045.5,-1450.9913713868302
4092,2046.0,-2303.9861681682655
4093,2046.5,-5587.701552959465
4094,2047.0,13151.005744140839
4095,2047.5,3021.0461639089017
4096,2048.0,1706.5523354889829
4097,2048.5,1189.111361527993
4098,2049.0,912.4084804193656
4099,2049.5,740.1313886868244
4100,2050.0,622.5397320952153
4101,2050.5,537.1550575407347
4102,2051.0,472.33431380160704
4103,2051.5,421.44311256653515
4104,2052.0,380.4242833566389
4105,2052.5,346.6567568887191
4106,2053.0,318.37244936796316
4107,2053.5,294.33465010205634
4108,2054.0,273.6532230666299
4109,2054.5,255.6702162699151
4110,2055.0,239.88982639733086
4111,2055.5,225.93027797262667
4112,2056.0,213.49393293699262
4113,2056.5,202.3442917188378
4114,2057.0,192.29199191274003
4115,2057.5,183.18284647047108
4116,2058.0,174.89069440682707
4117,2058.5,167.31079163505657
4118,2059.0,160.35587199778533
4119,2059.5,153.9523350910828
4120,2060.0,148.03791055748687
4121,2060.5,142.55940150126273
4122,2061.0,137.47119470855466
4123,2061.5,132.733908476901
4124,2062.0,128.31337846552952
4125,2062.5,124.17984256754944
4126,2063.0,120.30721894668814
4127,2063.5,116.67260591125167
4128,2064.0,113.25576322416919
4129,2064.5,110.03878360808632
4130,2065.0,107.00573805223104
4131,2065.5,104.14242032961533
4132,2066.0,101.43614385641737
4133,2066.5,98.87548721095847
4134,2067.0,96.45024493583078
4135,2067.5,94.15112084544889
4136,2068.0,91.96983175380458
4137,2068.5,89.89873403488146
4138,2069.0,87.93103721249311
4139,2069.5,86.06041143128286
4140,2070.0,89.32016036518226
4141,2070.5,92.93482425293325
4142,2071.0,96.84649819864471
4143,2071.5,101.09214883782217
4144,2072.0,105.71515241843892
4145,2072.5,110.76717479742425
4146,2073.0,116.30991801425472
4147,2073.5,122.41783237063818
4148,2074.0,129.1815995628838
4149,2074.5,136.71253642540415
4150,2075.0,145.14932971209345
4151,2075.5,154.66612685231252
4152,2076.0,165.48583234500362
4153,2076.5,177.89679248441493
4154,2077.0,192.28077297345257
4155,2077.5,209.15147508024546
4156,2078.0,229.21997577586205
4157,2078.5,253.49609787235158
4158,2079.0,283.4670976460539
4159,2079.5,321.4143648670861
4160,2080.0,371.0275996177115
4161,2080.5,438.6879496742819
4162,2081.0,536.4695842729287
4163,2081.5,690.3122905807433
4164,2082.0,967.9347873434162
4165,2082.5,1619.6516724164057
4166,2083.0,4966.768610581592
4167,2083.5,-4645.695069053666
4168,2084.0,-1580.9897307653782
4169,2084.5,-951.8489075348432
4170,2085.0,-680.4407419298007
4171,2085.5,-529.1598442212614
4172,2086.0,-432.6717779709262
4173,2086.5,-365.7586390313964
4174,2087.0,-316.61219657406576
4175,2087.5,-278.9789971673343
4176,2088.0,-249.22740515678
4177,2088.5,-225.11230852446326
4178,2089.0,-205.16456986289256
4179,2089.5,-188.38762698936208
4180,2090.0,-174.07763734239006
4181,2090.5,-161.72649118298844
4182,2091.0,-150.95585998023162
4183,2091.5,-141.48002312878143
4184,2092.0,-133.07793277234404
4185,2092.5,-125.5767581228847
4186,2093.0,-118.83892049359483
4187,2093.5,-112.75379968596069
4188,2094.0,-107.231420350009
4189,2094.5,-102.19772461468631
4190,2095.0,-97.59147655778011
4191,2095.5,-93.36125268634856
4192,2096.0,-89.46398682306143
4193,2096.5,-85.86288184252786
4194,2097.0,-84.70136000599435
4195,2097.5,-84.4906839965264
4196,2098.0,-84.29564151617602
4197,2098.5,-84.11621165971823
4198,2099.0,-83.95238924655291
4199,2099.5,-83.80415763651023
4200,2100.0,-83.67151138928119
4201,2100.5,-83.55443791438927
4202,2101.0,-83.45293186389367
4203,2101.5,-83.366984234341
4204,2102.0,-83.2965902833139
4205,2102.5,-83.24174405107802
4206,2103.0,-83.20244192723631
4207,2103.5,-83.17868049972722
4208,2104.0,-83.17045772157688
4209,2104.5,-83.17777236784534
4210,2105.0,-83.20062422310451
4211,2105.5,-83.23901407217748
4212,2106.0,-83.29294360864758
4213,2106.5,-83.36241563979955
4214,2107.0,-83.44743366871047
4215,2107.5,-83.54800269376865
4216,2108.0,-83.66412780566148
4217,2108.5,-83.79581644371058
4218,2109.0,-83.94307503709284
4219,2109.5,-84.10591368219401
4220,2110.0,-84.28434000524247
4221,2110.5,-84.47836678806662
4222,2111.0,-84.68800299376112
4223,2111.5,-84.91326373820601
4224,2112.0,-85.1541599533528
4225,2112.5,-85.41070812946445
4226,2113.0,-85.68292253807917
4227,2113.5,-85.97081921276244
4228,2114.0,-86.27441815434221
4229,2114.5,-86.59373194140069
4230,2115.0,-86.92879002460512
4231,2115.5,-87.27959703591375
4232,2116.0,-87.64619726813237
4233,2116.5,-88.028581067582
4234,2117.0,-88.42681500087458
4235,2117.5,-88.84086656295536
4236,2118.0,-89.27083445670934
4237,2118.5,-89.71665213146959
4238,2119.0,-95.28564231582456
4239,2119.5,-105.18550765443946
4240,2120.0,-117.21222232600664
4241,2120.5,-132.14414459768764
4242,2121.0,-151.2043025894224
4243,2121.5,-176.40674149737544
4244,2122.0,-211.3433384787377
4245,2122.5,-263.07978187646205
4246,2123.0,-347.7167291113298
4247,2123.5,-511.5954018262628
4248,2124.0,-965.1216546871314
4249,2124.5,-8404.685491702112
4250,2125.0,1252.956392573017
4251,2125.5,582.5986545528301
4252,2126.0,379.16349172480346
4253,2126.5,280.72816663054033
4254,2127.0,222.6097675612575
4255,2127.5,184.21005950805065
4256,2128.0,156.91795412100691
4257,2128.5,136.5028440218679
4258,2129.0,120.64028355787242
4259,2129.5,107.94865359230249
4260,2130.0,97.5554175581771
4261,2130.5,88.88104866244049
4262,2131.0,81.5281554194947
4263,2131.5,75.21186811987484
4264,2132.0,69.7267025087568
4265,2132.5,64.91633544096763
4266,2133.0,60.66458080553192
4267,2133.5,56.878446022321846
4268,2134.0,53.48772711955051
4269,2134.5,50.43364721493286
4270,2135.0,47.67149817825712
4271,2135.5,45.16244441659504
4272,2136.0,42.876735587907326
4273,2136.5,40.78776158471942
4274,2137.0,38.87508280984324
4275,2137.5,38.09838620863259
4276,2138.0,38.543434044854045
4277,2138.5,39.029457414202774
4278,2139.0,39.55739575045161
4279,2139.5,40.12854694646121
4280,2140.0,40.7440796829818
4281,2140.5,41.405464760726026
4282,2141.0,42.11414301491252
4283,2141.5,42.871804044464234
4284,2142.0,43.680205374624805
4285,2142.5,44.54131973961885
4286,2143.0,45.45727094309921
4287,2143.5,46.43040000313634
4288,2144.0,47.463256593693295
4289,2144.5,48.55865912395189
4290,2145.0,49.71965941223806
4291,2145.5,50.949690954976774
4292,2146.0,52.252409516344976
4293,2146.5,53.63203699315734
4294,2147.0,55.09297222738462
4295,2147.5,56.64044514574496
4296,2148.0,58.27979021948756
4297,2148.5,60.01750513973192
4298,2149.0,61.86019589132254
4299,2149.5,63.81591615489673
4300,2150.0,65.89298442345219
4301,2150.5,68.10145681129498
4302,2151.0,70.4519314298474
4303,2151.5,72.95712131650038
4304,2152.0,75.63068749767147
4305,2152.5,78.48894021731496
4306,2153.0,81.54972363754992
4307,2153.5,84.83432138049345
4308,2154.0,88.3664068876387
4309,2154.5,92.1742973719244
4310,2155.0,96.28998688093154
4311,2155.5,100.7519956866867
4312,2156.0,105.60453420345982
4313,2156.5,110.90136314049455
4314,2157.0,116.70523169428076
4315,2157.5,123.09346444318926
4316,2158.0,130.15806278456242
4317,2158.5,138.0143247211504
4318,2159.0,146.8026145924871
4319,2159.5,156.70260207064436
4320,2160.0,167.93930313153476
4321,2160.5,180.80857523554772
4322,2161.0,195.69472894187325
4323,2161.5,213.12071849420485
4324,2162.0,233.80014875244592
4325,2162.5,258.75038445922877
4326,2163.0,289.4545870384976
4327,2163.5,328.18222036706476
4328,2164.0,378.56892360199186
4329,2164.5,446.8479933887298
4330,2165.0,544.652573929572
4331,2165.5,696.5003579969722
4332,2166.0,964.4460521187615
4333,2166.5,1564.4459671698974
4334,2167.0,4122.444649364184
4335,2167.5,-6527.808813517242
4336,2168.0,-1823.857128517713
4337,2168.5,-1060.5794024122988
4338,2169.0,-747.8527487459861
4339,2169.5,-577.603822965523
4340,2170.0,-470.4883269564697
4341,2170.5,-396.85602931005775
4342,2171.0,-343.1095785675784
4343,2171.5,-302.1370008321421
4344,2172.0,-269.85692513487857
4345,2172.5,-243.75955087747454
4346,2173.0,-222.2169445530179
4347,2173.5,-204.126899674757
4348,2174.0,-188.71646227182973
4349,2174.5,-175.42799642150763
4350,2175.0,-163.8483419626338
4351,2175.5,-153.66598781587552
4352,2176.0,-144.64022994020772
4353,2176.5,-136.58383370304526
4354,2177.0,-129.34711371800518
4355,2177.5,-122.81092392239776
4356,2178.0,-116.87746005699813
4357,2178.5,-111.46724619539211
4358,2179.0,-113.7066200970394
4359,2179.5,-116.13696441217576
4360,2180.0,-118.68964216309081
4361,2180.5,-121.3728712432015
4362,2181.0,-124.19574555435554
4363,2181.5,-127.1682734752424
4364,2182.0,-130.30145728761855
4365,2182.5,-133.60756831206498
4366,2183.0,-137.10007112159087
4367,2183.5,-140.79413854092832
4368,2184.0,-144.70644713160246
4369,2184.5,-148.85594705143362
4370,2185.0,-153.2635592713279
4371,2185.5,-157.95323268440526
4372,2186.0,-162.95158448883095
4373,2186.5,-168.2892898364927
4374,2187.0,-174.00076755845444
4375,2187.5,-180.12587672677878
4376,2188.0,-186.70994893540396
4377,2188.5,-193.80574993977052
4378,2189.0,-201.47413231187465
4379,2189.5,-209.78649172389046
4380,2190.0,-218.82636801455766
4381,2190.5,-228.69283421506287
4382,2191.0,-239.50366169024983
4383,2191.5,-251.4004638360836
4384,2192.0,-264.5546291667393
4385,2192.5,-279.1758648348293
4386,2193.0,-295.52338731030943
4387,2193.5,-313.9214038197228
4388,2194.0,-334.7810940215543
4389,2194.5,-358.6313075836531
4390,2195.0,-386.1648136995018
4391,2195.5,-418.3056988893357
4392,2196.0,-456.3167976492085
4393,2196.5,-501.96748531233993
4394,2197.0,-557.8203529811607
4395,2197.5,-627.725331472459
4396,2198.0,-717.7536772003466
4397,2198.5,-838.0553903916273
4398,2199.0,-1006.999171988162
4399,2199.5,-1261.5614584399045
4400,2200.0,-1688.9596344981826
4401,2200.5,-2555.678790619913
4402,2201.0,-5255.755293815868
4403,2201.5,91124.31911270447
4404,2202.0,4706.876558310205
4405,2202.5,2414.4245664455702
4406,2203.0,1622.9662686684787
4407,2203.5,1221.907686091595
4408,2204.0,979.5266862828328
4409,2204.5,817.204162343681
4410,2205.0,700.8915635572487
4411,2205.5,613.4545325221217
4412,2206.0,545.3246837514446
4413,2206.5,490.7427849205447
4414,2207.0,446.0317812727401
4415,2207.5,408.73611880113197
4416,2208.0,377.1517206735542
4417,2208.5,350.0602320283509
4418,2209.0,326.56655279022544
4419,2209.5,305.99897236828366
4420,2210.0,287.8431276791051
4421,2210.5,271.6987755523419
4422,2211.0,257.24965540735803
4423,2211.5,244.24262087350087
4424,2212.0,232.47267545045455
4425,2212.5,221.7719602512719
4426,2213.0,212.0018505784402
4427,2213.5,203.04668797931922
4428,2214.0,194.8094171558002
4429,2214.5,187.20777647178883
4430,2215.0,180.17181486487672
4431,2215.5,173.6414418504156
4432,2216.0,167.56498626695696
4433,2216.5,161.8975446826224
4434,2217.0,156.600134332877
4435,2217.5,151.63853831759678
4436,2218.0,146.98280224264437
4437,2218.5,142.60640650974767
4438,2219.0,138.4859610341514
4439,2219.5,134.60060505171913
4440,2220.0,130.9318126119297
4441,2220.5,127.46295909546906
4442,2221.0,124.17918387283424
4443,2221.5,121.0670849640749
4444,2222.0,118.11460530261009
4445,2222.5,115.31083022609711
4446,2223.0,112.64587594810808
4447,2223.5,110.11077284550048
4448,2224.0,107.69734214331858
4449,2224.5,105.39815345489271
4450,2225.0,104.75704554947917
4451,2225.5,107.05801625623558
4452,2226.0,109.46651697204173
4453,2226.5,111.98920710027696
4454,2227.0,114.63346849536177
4455,2227.5,117.40726204822654
4456,2228.0,120.31946595392422
4457,2228.5,123.37967393286566
4458,2229.0,126.59864938301645
4459,2229.5,129.988056597297
4460,2230.0,133.5610609487761
4461,2230.5,137.33198365406676
4462,2231.0,141.3170885518242
4463,2231.5,145.53415120688084
4464,2232.0,150.00348740469005
4465,2232.5,154.74742986949207
4466,2233.0,159.79167457181768
4467,2233.5,165.16466520733536
4468,2234.0,170.8993647552189
4469,2234.5,177.0325632125602
4470,2235.0,183.60723070645906
4471,2235.5,190.6717957474823
4472,2236.0,198.28329550095737
4473,2236.5,206.5068389191858
4474,2237.0,215.4197041136209
4475,2237.5,225.1115238521011
4476,2238.0,235.6896564400362
4477,2238.5,247.2808815095794
4478,2239.0,260.0388933101752
4479,2239.5,274.1488744980743
4480,2240.0,289.838919594477
4481,2240.5,307.39028176422823
4482,2241.0,327.1566738644156
4483,2241.5,349.58640347112816
4484,2242.0,375.2588928928397
4485,2242.5,404.9339288252044
4486,2243.0,439.6298995867153
4487,2243.5,480.742291621819
4488,2244.0,530.2371553359513
4489,2244.5,590.9756008312967
4490,2245.0,667.2875267982873
4491,2245.5,766.055842300857
4492,2246.0,898.9172035692036
4493,2246.5,1087.2341482832564
4494,2247.0,1374.9174764944792
4495,2247.5,1868.887468841738
4496,2248.0,2915.1894747990323
4497,2248.5,6615.973054390037
4498,2249.0,-24639.6351274426
4499,2249.5,-4306.65086726078
4500,2250.0,-2360.1008481790277
4501,2250.5,-1625.6297619160453
4502,2251.0,-1239.8879190287948
4503,2251.5,-1002.1349222579088
4504,2252.0,-840.9005992716162
4505,2252.5,-724.3535618353206
4506,2253.0,-636.1689323023708
4507,2253.5,-567.1100986324751
4508,2254.0,-511.55873326723827
4509,2254.5,-465.9009531558837
4510,2255.0,-427.7066314783562
4511,2255.5,-395.28146160086703
4512,2256.0,-367.40802499719035
4513,2256.5,-343.18904637469336
4514,2257.0,-321.94872455925156
4515,2257.5,-303.16823862311605
4516,2258.0,-286.44289624879576
4517,2258.5,-271.45209320138633
4518,2259.0,-257.93893601374293
4519,2259.5,-245.69471889340093
4520,2260.0,-234.54865516441726
4521,2260.5,-224.35906499398877
4522,2261.0,-215.00806293999784
4523,2261.5,-206.396102386976
4524,2262.0,-198.43922302037302
4525,2262.5,-191.06548133030233
4526,2263.0,-184.21344568017656
4527,2263.5,-177.82986188800695
4528,2264.0,-171.86875124927994
4529,2264.5,-166.2898711856802
4530,2265.0,-161.05812767806202
4531,2265.5,-156.14256173502815
4532,2266.0,-151.5159257809691
4533,2266.5,-147.1540269114536
4534,2267.0,-143.03539049402215
4535,2267.5,-139.14084728825307
4536,2268.0,-135.4532481244218
4537,2268.5,-131.95721487823133
4538,2269.0,-128.63889298409515
4539,2269.5,-128.24016884857872
4540,2270.0,-132.42375931668548
4541,2270.5,-136.89398842658824
4542,2271.0,-141.68030977333436
4543,2271.5,-146.81643284657167
4544,2272.0,-152.3411862735392
4545,2272.5,-158.29946323277213
4546,2273.0,-164.74349648021237
4547,2273.5,-171.73438288246777
4548,2274.0,-179.34406159970675
4549,2274.5,-187.65781581306172
4550,2275.0,-196.7775119987033
4551,2275.5,-206.82582697335056
4552,2276.0,-217.95185042780545
4553,2276.5,-230.33855863734922
4554,2277.0,-244.2130695841396
4555,2277.5,-259.8606995719883
4556,2278.0,-277.645010756421
4557,2278.5,-298.0363929272132
4558,2279.0,-321.6546531148174
4559,2279.5,-349.33311622978306
4560,2280.0,-382.2195839047755
4561,2280.5,-421.9396901405003
4562,2281.0,-470.87479506106354
4563,2281.5,-532.6585554394575
4564,2282.0,-613.1246149738417
4565,2282.5,-722.2692192094423
4566,2283.0,-878.7674910707448
4567,2283.5,-1122.0099226215725
4568,2284.0,-1551.828282341677
4569,2284.5,-2516.6333002693395
4570,2285.0,-6662.298699661428
4571,2285.5,10266.210765869222
4572,2286.0,2897.016375825459
4573,2286.5,1685.585063716231
4574,2287.0,1188.104225237745
4575,2287.5,917.0483580990184
4576,2288.0,746.4818236354276
4577,2288.5,629.2457386743395
4578,2289.0,543.7059435559655
4579,2289.5,478.53015683436746
4580,2290.0,427.21814884159306
4581,2290.5,385.76643397845737
4582,2291.0,351.5810687169852
4583,2291.5,322.90218649412463
4584,2292.0,298.4981365838933
4585,2292.5,277.477476466424
4586,2293.0,259.1821930115984
4587,2293.5,243.11341540837265
4588,2294.0,228.88824298044833
4589,2294.5,216.20606767940433
4590,2295.0,204.82916053115846
4591,2295.5,194.565742983489
4592,2296.0,185.26051674434242
4593,2296.5,176.7854531141316
4594,2297.0,169.03485872399384
4595,2297.5,161.92004733413788
4596,2298.0,155.36661996514707
4597,2298.5,149.31123153569743
4598,2299.0,143.7000143392547
4599,2299.5,138.48653997146096
4600,2300.0,133.63086286443266
4601,2300.5,129.09819505678695
4602,2301.0,124.8583017194107
4603,2301.5,120.88461612624663
4604,2302.0,117.15384392420509
4605,2302.5,113.64535774989852
4606,2303.0,110.34093034264984
4607,2303.5,107.22431142465531
4608,2304.0,104.28104279416273
4609,2304.5,101.49815739907558
4610,2305.0,98.86404713370938
4611,2305.5,96.36824694487785
4612,2306.0,94.001335610801
4613,2306.5,91.75478216765131
4614,2307.0,89.62086533981513
4615,2307.5,87.59256876318538
4616,2308.0,85.66350805592295
4617,2308.5,83.82786702041803
4618,2309.0,82.08032376712053
4619,2309.5,80.41602331820253
4620,2310.0,78.8304963996014
4621,2310.5,77.31966525037164
4622,2311.0,75.87975107063865
4623,2311.5,74.50730974126394
4624,2312.0,73.19912667301237
4625,2312.5,73.91553484357082
4626,2313.0,75.54350011255082
4627,2313.5,77.24708707639488
4628,2314.0,79.03044913264756
4629,2314.5,80.89804081129965
4630,2315.0,82.85479661296996
4631,2315.5,84.90604161321794
4632,2316.0,87.05767159104491
4633,2316.5,89.31610173252545
4634,2317.0,91.68842257707664
4635,2317.5,94.18242705764048
4636,2318.0,96.80670748023152
4637,2318.5,99.57081537075528
4638,2319.0,102.48525467625936
4639,2319.5,105.56184606270739
4640,2320.0,108.81356115058557
4641,2320.5,112.2551840339555
4642,2321.0,115.9029212664724
4643,2321.5,119.77548016631438
4644,2322.0,123.89338061542006
4645,2322.5,128.28060512479374
4646,2323.0,132.96353356495854
4647,2323.5,137.97336918113265
4648,2324.0,143.34462068550187
4649,2324.5,149.11855490849533
4650,2325.0,155.34130164070632
4651,2325.5,162.06838003861535
4652,2326.0,169.3631075436983
4653,2326.5,177.30178265820564
4654,2327.0,185.97357867183388
4655,2327.5,195.48649981450976
4656,2328.0,205.96988905240195
4657,2328.5,217.58208719958427
4658,2329.0,230.51757085697201
4659,2329.5,245.01849429315754
4660,2330.0,261.39062146096137
4661,2330.5,280.0240625804299
4662,2331.0,301.4275799535685
4663,2331.5,326.27245438634776
4664,2332.0,355.4701743704904
4665,2332.5,390.28028387029195
4666,2333.0,432.5073877321853
4667,2333.5,484.81544273875767
4668,2334.0,551.3261177671119
4669,2334.5,638.755311001681
4670,2335.0,758.8537201726875
4671,2335.5,934.1952548544097
4672,2336.0,1214.381260458916
4673,2336.5,1733.760804786012
4674,2337.0,3027.357276678739
4675,2337.5,11902.840773124492
4676,2338.0,-6164.869128303425
4677,2338.5,-2448.465430884206
4678,2339.0,-1527.452861325308
4679,2339.5,-1109.7859640099666
4680,2340.0,-871.3381825615571
4681,2340.5,-717.0995796483805
4682,2341.0,-609.1303989783818
4683,2341.5,-529.3080484819121
4684,2342.0,-467.8806370283667
4685,2342.5,-419.13531682009665
4686,2343.0,-379.50344913217856
4687,2343.5,-346.6399634259596
4688,2344.0,-318.942193633254
4689,2344.5,-295.27508441453165
4690,2345.0,-274.8154966821582
4691,2345.5,-256.94813824089204
4692,2346.0,-241.2080334508717
4693,2346.5,-227.2333320273857
4694,2347.0,-214.7415726955591
4695,2347.5,-203.5064304289198
4696,2348.0,-193.34642690197333
4697,2348.5,-184.11296803104779
4698,2349.0,-175.68408457788684
4699,2349.5,-167.95835328446944
4700,2350.0,-160.85069979204633
4701,2350.5,-154.28967088441365
4702,2351.0,-148.21404640297175
4703,2351.5,-142.57215099741717
4704,2352.0,-137.31874271094128
4705,2352.5,-132.41561923322877
4706,2353.0,-127.82857159506807
4707,2353.5,-123.52880258355084
4708,2354.0,-119.48999421609413
4709,2354.5,-115.68998439011013
4710,2355.0,-112.10829636887863
4711,2355.5,-108.72752311447732
4712,2356.0,-105.5315430358426
4713,2356.5,-102.50648759769159
4714,2357.0,-99.63951341732093
4715,2357.5,-96.9194314648031
4716,2358.0,-94.33590147288237
4717,2358.5,-91.8797960380207
4718,2359.0,-89.54271023491575
4719,2359.5,-87.31712626982197
4720,2360.0,-85.19615212657553
4721,2360.5,-83.173543737695
4722,2361.0,-82.23530616322434
4723,2361.5,-82.34018917527331
4724,2362.0,-82.44834552086583
4725,2362.5,-82.55972523842946
4726,2363.0,-82.67427416698385
4727,2363.5,-82.79194210034973
4728,2364.0,-82.9126732374301
4729,2364.5,-83.0364169940189
4730,2365.0,-83.16311612890107
4731,2365.5,-83.29271955237134
4732,2366.0,-83.42516877818107
4733,2366.5,-83.56041209487451
4734,2367.0,-83.69838995669846
4735,2367.5,-83.83904992932668
4736,2368.0,-83.98233158011806
4737,2368.5,-84.12818166858834
4738,2369.0,-84.27653903267519
4739,2369.5,-84.42734956193338
4740,2370.0,-84.58055150592178
4741,2370.5,-84.73608984068112
4742,2371.0,-84.89390235154858
4743,2371.5,-85.05393307775056
4744,2372.0,-85.21611944789738
4745,2372.5,-85.3804045607421
4746,2373.0,-85.54672557977247
4747,2373.5,-85.71502467813714
4748,2374.0,-85.88523883112292
4749,2374.5,-86.05730931816888
4750,2375.0,-86.23117299014078
4751,2375.5,-86.40677027990081
4752,2376.0,-86.58403796630276
4753,2376.5,-86.76291569601737
4754,2377.0,-86.9433402188432
4755,2377.5,-87.12525046680015
4756,2378.0,-87.30858319612979
4757,2378.5,-87.49327670475382
4758,2379.0,-87.67926778538828
4759,2379.5,-87.86649418929588
4760,2380.0,-88.0548927721844
4761,2380.5,-88.24440083092335
4762,2381.0,-88.43495530905895
4763,2381.5,-88.6264931442217
4764,2382.0,-88.81895139268138
4765,2382.5,-89.01226672907782
4766,2383.0,-89.20637634886614
4767,2383.5,-89.40121675941683
4768,2384.0,-89.59672532476061
4769,2384.5,-89.79283847877129
4770,2385.0,-89.98949378751308
4771,2385.5,-90.1866277019678
4772,2386.0,-90.38417802868163
4773,2386.5,-90.58208132218778
4774,2387.0,-90.7802756736455
4775,2387.5,-90.97869782264252
4776,2388.0,-91.17728619524621
4777,2388.5,-91.37597779209442
4778,2389.0,-91.57471143087615
4779,2389.5,-91.77342444341586
4780,2390.0,-91.97205610220902
4781,2390.5,-92.17054413438323
4782,2391.0,-92.36882833675244
4783,2391.5,-92.56684688987431
4784,2392.0,-92.76454019039465
4785,2392.5,-92.96184692463066
4786,2393.0,-93.15870817009052
4787,2393.5,-93.35506316572791
4788,2394.0,-93.55085375583512
4789,2394.5,-93.74601977390164
4790,2395.0,-93.9405039210595
4791,2395.5,-94.1342466628426
4792,2396.0,-94.32719165056604
4793,2396.5,-94.51928001559334
4794,2397.0,-94.71045645512822
4795,2397.5,-94.90066279716541
4796,2398.0,-95.08984488187264
4797,2398.5,-95.27794526248118
4798,2399.0,-95.46491101954896
4799,2399.5,-95.65068545876198
4800,2400.0,-95.83521699780914
4801,2400.5,-96.01844972147708
4802,2401.0,-96.20033347960768
4803,2401.5,-96.38081316296646
4804,2402.0,-96.55984014584479
4805,2402.5,-96.73736015286826
4806,2403.0,-96.91332617137941
4807,2403.5,-97.08768478947961
4808,2404.0,-97.26039069155068
4809,2404.5,-97.43139136118896
4810,2405.0,-97.60064325835104
4811,2405.5,-97.76809479714478
4812,2406.0,-97.93370428541633
4813,2406.5,-98.09742110631781
4814,2407.0,-98.25920548100676
4815,2407.5,-98.41900780415324
4816,2408.0,-98.57679026817549
4817,2408.5,-98.73250432601196
4818,2409.0,-98.88611419134388
4819,2409.5,-99.03757242663075
4820,2410.0,-99.1868453085116
4821,2410.5,-99.33388656485172
4822,2411.0,-99.47866446108063
4823,2411.5,-99.62113427289854
4824,2412.0,-99.76126573653234
4825,2412.5,-99.89901650950479
4826,2413.0,-100.03435716061684
4827,2413.5,-100.16724799696486
4828,2414.0,-100.40995688980426
4829,2414.5,-100.65381438997927
4830,2415.0,-100.89552785719383
4831,2415.5,-101.13501789402638
4832,2416.0,-101.37221859721797
4833,2416.5,-101.60705329110367
4834,2417.0,-101.83945575810684
4835,2417.5,-102.06935210277504
4836,2418.0,-102.29667590468291
4837,2418.5,-102.52135608477948
4838,2419.0,-102.74332615194066
4839,2419.5,-102.96251785822925
4840,2420.0,-103.17886479344745
4841,2420.5,-103.39230153512136
4842,2421.0,-103.60276192355086
4843,2421.5,-103.81018333714225
4844,2422.0,-104.01450005236899
4845,2422.5,-104.21565220673372
4846,2423.0,-104.4135747125305
4847,2423.5,-104.60821040938222
4848,2424.0,-104.79949505662563
4849,2424.5,-104.98737412608972
4850,2425.0,-105.171784444323
4851,2425.5,-105.35267403498874
4852,2426.0,-105.52998101811454
4853,2426.5,-105.70365568193404
4854,2427.0,-105.87363826664728
4855,2427.5,-106.03988042421064
4856,2428.0,-106.2023255746023
4857,2428.5,-106.36092609243384
4858,2429.0,-106.51562875810001
4859,2429.5,-106.66638691509368
4860,2430.0,-106.81315058461814
4861,2430.5,-106.95587432501321
4862,2431.0,-107.0945112764139
4863,2431.5,-107.22901745415335
4864,2432.0,-107.35934899647381
4865,2432.5,-107.48546361047433
4866,2433.0,-107.6073203160299
4867,2433.5,-107.72487873589667
4868,2434.0,-107.83810066269831
4869,2434.5,-107.94694784443877
4870,2435.0,-108.05138474833392
4871,2435.5,-108.15137543963733
4872,2436.0,-108.24688697572063
4873,2436.5,-108.33788591038234
4874,2437.0,-108.42434182324413
4875,2437.5,-108.50622390433392
4876,2438.0,-108.58350416882222
4877,2438.5,-108.65615467813534
4878,2439.0,-108.72414976700463
4879,2439.5,-108.78746442366318
4880,2440.0,-108.84607540734947
4881,2440.5,-108.89996056960652
4882,2441.0,-108.94909923571822
4883,2441.5,-108.99347205771318
4884,2442.0,-109.033061039028
4885,2442.5,-109.06784959308703
4886,2443.0,-109.09782248244898
4887,2443.5,-109.1229658679644
4888,2444.0,-109.1432673198285
4889,2444.5,-109.1587157584701
4890,2445.0,-109.16930157685248
4891,2445.5,-109.17501649388011
4892,2446.0,-109.1758537065174
4893,2446.5,-109.17180779799615
4894,2447.0,-109.16287471652831
4895,2447.5,-109.1490520022881
4896,2448.0,-109.13033826832188
4897,2448.5,-109.10673409804674
4898,2449.0,-109.07824074743799
4899,2449.5,-109.04486182746774
4900,2450.0,-109.00660130505895
4901,2450.5,-108.96346573353738
4902,2451.0,-108.91546187057679
4903,2451.5,-108.86259912390383
4904,2452.0,-108.80488713510834
4905,2452.5,-108.7423380492758
4906,2453.0,-108.67496450595732
4907,2453.5,-108.60278124345334
4908,2454.0,-108.52580403206515
4909,2454.5,-108.44405003440042
4910,2455.0,-108.35753830056734
4911,2455.5,-108.26628822648722
4912,2456.0,-108.17032230462786
4913,2456.5,-108.06966195411663
4914,2457.0,-107.96433328278843
4915,2457.5,-107.85435950699059
4916,2458.0,-107.73977053011772
4917,2458.5,-107.62059112734447
4918,2459.0,-107.49685518152972
4919,2459.5,-107.36858877952787
4920,2460.0,-107.23582993952816
4921,2460.5,-107.09860589237068
4922,2461.0,-106.95695838639121
4923,2461.5,-106.81091707482169
4924,2462.0,-106.66052601559161
4925,2462.5,-106.50581780541496
4926,2463.0,-106.34683861682056
4927,2463.5,-106.18362409614947
4928,2464.0,-106.01622233664726
4929,2464.5,-105.84467213143566
4930,2465.0,-105.66902330522724
4931,2465.5,-105.48931788279428
4932,2466.0,-105.30560723912284
4933,2466.5,-105.11793670004863
4934,2467.0,-104.9263590209822
4935,2467.5,-104.73092287978167
4936,2468.0,-104.53168225687573
4937,2468.5,-104.328689211877
4938,2469.0,-104.12199881212739
4939,2469.5,-103.91166650499349
4940,2470.0,-103.69774832650529
4941,2470.5,-103.48030309185656
4942,2471.0,-103.2593877096738
4943,2471.5,-103.03506431528228
4944,2472.0,-102.80739061783322
4945,2472.5,-102.57643199587253
4946,2473.0,-102.34224691250391
4947,2473.5,-102.10490388234645
4948,2474.0,-101.86446210242985
4949,2474.5,-101.62099308549728
4950,2475.0,-101.37455676959603
4951,2475.5,-101.12522749676796
4952,2476.0,-100.87306598037675
4953,2476.5,-100.61814919247828
4954,2477.0,-100.36053868283356
4955,2477.5,-100.10031382472236
4956,2478.0,-99.83753709121174
4957,2478.5,-99.57228999997832
4958,2479.0,-99.30463605866407
4959,2479.5,-99.03465864648565
4960,2480.0,-98.76242243926795
4961,2480.5,-98.48801237142237
4962,2481.0,-98.21149444037795
4963,2481.5,-97.93295480895188
4964,2482.0,-97.65246096637102
4965,2482.5,-97.37009996018031
4966,2483.0,-97.08594095483471
4967,2483.5,-96.80007152606514
4968,2484.0,-96.51256270624218
4969,2484.5,-96.22350223433372
4970,2485.0,-95.93296320815617
4971,2485.5,-95.6410331614258
4972,2486.0,-95.34778745499167
4973,2486.5,-95.05331305049549
4974,2487.0,-94.75768776435703
4975,2487.5,-94.46099762648204
4976,2488.0,-94.16332309098009
4977,2488.5,-93.86474890924919
4978,2489.0,-93.56535833921811
4979,2489.5,-93.26523452577887
4980,2490.0,-92.9644636751277
4981,2490.5,-92.6631270223838
4982,2491.0,-92.36131383905771
4983,2491.5,-92.05910317790455
4984,2492.0,-91.75658745971073
4985,2492.5,-91.45384331881165
4986,2493.0,-91.15096637060455
4987,2493.5,-90.84803063713863
4988,2494.0,-90.54513492983301
4989,2494.5,-90.2423505121416
4990,2495.0,-89.93977934402535
4991,2495.5,-89.63748983656079
4992,2496.0,-89.33558699736052
4993,2496.5,-89.03413634834156
4994,2497.0,-88.73324460681015
4995,2497.5,-88.43297796865227
4996,2498.0,-88.13344055762042
4997,2498.5,-87.83470214701192
4998,2499.0,-87.5368624347727
4999,2499.5,-87.23999521432164
5000,2500.0,-86.9441957880205
5001,2500.5,-86.64954174456243
5002,2501.0,-86.35612409480194
5003,2501.5,-86.06402392592592
5004,2502.0,-85.77332813606982
5005,2502.5,-85.48412094208388
5006,2503.0,-85.19648538260425
5007,2503.5,-84.91050836431084
5008,2504.0,-84.62626939250325
5009,2504.5,-84.34385755514214
5010,2505.0,-84.06334922051906
5011,2505.5,-83.78483508421256
5012,2506.0,-83.50838883989147
5013,2506.5,-83.23410210882842
5014,2507.0,-82.96204657730605
5015,2507.5,-82.69231299069816
5016,2508.0,-82.42497456157915
5017,2508.5,-82.16011784978296
5018,2509.0,-81.89781818664774
5019,2509.5,-81.63815852748701
5020,2510.0,-81.38121558942305
5021,2510.5,-81.12706935024087
5022,2511.0,-80.87579714303828
5023,2511.5,-80.62747663032214
5024,2512.0,-80.34800469179294
5025,2512.5,-75.04308103556704
5026,2513.0,-70.33993053819533
5027,2513.5,-66.13723372860723
5028,2514.0,-62.356149987794375
5029,2514.5,-58.93354666938339
5030,2515.0,-55.819536422412895
5031,2515.5,-52.972714168037605
5032,2516.0,-50.36012674507895
5033,2516.5,-47.953666673164136
5034,2517.0,-45.73063621974874
5035,2517.5,-43.67147618815699
5036,2518.0,-41.76000704921065
5037,2518.5,-39.98237217372323
5038,2519.0,-38.32667708946191
5039,2519.5,-36.782992920126674
5040,2520.0,-35.342335356244256
5041,2520.5,-33.997514882317006
5042,2521.0,-32.74167218108657
5043,2521.5,-31.56943474228605
5044,2522.0,-30.475688169373434
5045,2522.5,-29.456203627998622
5046,2523.0,-28.50719432115172
5047,2523.5,-27.625309620115402
5048,2524.0,-26.807704331653838
5049,2524.5,-26.051749860888926
5050,2525.0,-25.35524023681761
5051,2525.5,-27.679752592957488
5052,2526.0,-30.62621684002678
5053,2526.5,-34.29319617463691
5054,2527.0,-38.95423016121637
5055,2527.5,-45.05078594492092
5056,2528.0,-53.33675370047176
5057,2528.5,-65.22607477689125
5058,2529.0,-83.68913577069341
5059,2529.5,-116.24347869309565
5060,2530.0,-188.95349057488608
5061,2530.5,-495.8896262160724
5062,2531.0,815.1891288793655
5063,2531.5,225.25688422385937
5064,2532.0,131.16595977667615
5065,2532.5,92.75531044778971
5066,2533.0,71.88058285311425
5067,2533.5,58.77190153208708
5068,2534.0,49.7801952937083
5069,2534.5,43.23948386099043
5070,2535.0,38.27732836754312
5071,2535.5,34.39585645451719
5072,2536.0,31.288583302770284
5073,2536.5,28.75817329522751
5074,2537.0,26.985353337515633
5075,2537.5,27.527544132198674
5076,2538.0,28.07138722053272
5077,2538.5,28.61530559618366
5078,2539.0,29.157762921792852
5079,2539.5,29.697170788976802
5080,2540.0,30.231997832839884
5081,2540.5,30.760635604976166
5082,2541.0,31.28159111454137
5083,2541.5,31.793234533844515
5084,2542.0,32.29413744547697
5085,2542.5,32.78265703060351
5086,2543.0,33.257446706683254
5087,2543.5,33.716869565215
5088,2544.0,34.1596606655907
5089,2544.5,34.58424265136285
5090,2545.0,34.98939245708398
5091,2545.5,35.37368173761102
5092,2546.0,35.735891809512154
5093,2546.5,36.074760423923074
5094,2547.0,36.389117154746714
5095,2547.5,36.67785407299566
5096,2548.0,36.939893712915236
5097,2548.5,37.17427154607797
5098,2549.0,37.38004338275864
5099,2549.5,37.55638148292226
5100,2550.0,37.70250901148731
5101,2550.5,37.81773986051996
5102,2551.0,37.901470291196844
5103,2551.5,37.95318249375204
5104,2552.0,37.972448522729934
5105,2552.5,37.95893280194194
5106,2553.0,37.91239760234683
5107,2553.5,37.832686401401844
5108,2554.0,37.719770360770056
5109,2554.5,37.57367748146398
5110,2555.0,37.394585548494376
5111,2555.5,37.1827260456401
5112,2556.0,36.932687460682814
5113,2556.5,36.462645944576735
5114,2557.0,35.97854570803606
5115,2557.5,35.48164468331
5116,2558.0,34.97301294284329
5117,2558.5,34.454038509437346
5118,2559.0,33.92574876073423
5119,2559.5,33.38964582531772
5120,2560.0,32.8467140192532
5121,2560.5,32.2985438755214
5122,2561.0,31.746086416432696
5123,2561.5,31.190985773048492
5124,2562.0,30.63417811308959
5125,2562.5,30.077319407301825
5126,2563.0,29.521355431416627
5127,2563.5,28.967908517766343
5128,2564.0,28.41796086549725
5129,2564.5,27.873056067870177
5130,2565.0,27.3342375136473
5131,2565.5,26.802929953005624
5132,2566.0,26.28025597128319
5133,2566.5,25.767491040868688
5134,2567.0,25.265843718780207
5135,2567.5,24.77642358143206
5136,2568.0,24.300517106594963
5137,2568.5,23.83906813893543
5138,2569.0,23.39337518196131
5139,2569.5,22.96435737639873
5140,2570.0,22.553159562565853
5141,2570.5,22.160755234980385
5142,2571.0,21.788104479357454
5143,2571.5,21.436199905145394
5144,2572.0,21.105867731537927
5145,2572.5,20.798038895804893
5146,2573.0,20.513503690841297
5147,2573.5,20.253053571955366
5148,2574.0,20.0174203085263
5149,2574.5,19.807310561573473
5150,2575.0,20.429314846915478
5151,2575.5,21.218386971143282
5152,2576.0,22.09537751301903
5153,2576.5,23.065460896394544
5154,2577.0,24.134337637178657
5155,2577.5,25.3094215053179
5156,2578.0,26.59825357107103
5157,2578.5,28.01112070906537
5158,2579.0,29.558922296961523
5159,2579.5,31.255445829069473
5160,2580.0,33.11678752512155
5161,2580.5,35.16202312620317
5162,2581.0,37.41504801695489
5163,2581.5,39.903369549279496
5164,2582.0,42.66294829823023
5165,2582.5,45.73534903061451
5166,2583.0,49.17613489247345
5167,2583.5,53.05142375798149
5168,2584.0,57.45075899316302
5169,2584.5,62.48569503485775
5170,2585.0,68.30963963076623
5171,2585.5,75.12500328027343
5172,2586.0,83.21810559622614
5173,2586.5,92.9936392862893
5174,2587.0,105.05448799557587
5175,2587.5,120.33091003512905
5176,2588.0,140.33981093574283
5177,2588.5,167.74165545832446
5178,2589.0,207.63770473934952
5179,2589.5,271.2753600197534
5180,2590.0,389.097469744322
5181,2590.5,682.8063479524798
5182,2591.0,2720.691638318924
5183,2591.5,-1382.2856608002744
5184,2592.0,-552.256772654514
5185,2592.5,-345.22045524858345
5186,2593.0,-251.0301994106788
5187,2593.5,-197.09765040779808
5188,2594.0,-162.10077512149985
5189,2594.5,-137.51539915628697
5190,2595.0,-119.26972762535136
5191,2595.5,-105.2353977477064
5192,2596.0,-107.58324698973358
5193,2596.5,-110.06451981931369
5194,2597.0,-112.6894178248001
5195,2597.5,-115.46887887146868
5196,2598.0,-118.41575104483165
5197,2598.5,-121.54349962461905
5198,2599.0,-124.86820165148129
5199,2599.5,-128.4069604658502
5200,2600.0,-132.1798644617866
5201,2600.5,-136.2090990780938
5202,2601.0,-140.52016425490203
5203,2601.5,-145.14213288784578
5204,2602.0,-150.10804955863898
5205,2602.5,-155.45654047882337
5206,2603.0,-161.2313844464937
5207,2603.5,-167.48480344986913
5208,2604.0,-174.27632655926604
5209,2604.5,-181.67778603050942
5210,2605.0,-189.77269782087055
5211,2605.5,-198.66236498320688
5212,2606.0,-208.46763525936365
5213,2606.5,-219.3363536211017
5214,2607.0,-231.44958177643545
5215,2607.5,-245.03228074828553
5216,2608.0,-260.3677840371331
5217,2608.5,-277.816307477366
5218,2609.0,-297.8463828822901
5219,2609.5,-321.07311451473674
5220,2610.0,-348.32898131973695
5221,2610.5,-380.7565355278284
5222,2611.0,-419.9852073786703
5223,2611.5,-468.39735040497135
5224,2612.0,-529.6503128832554
5225,2612.5,-609.6244311620925
5226,2613.0,-718.4581150631082
5227,2613.5,-875.1990679515974
5228,2614.0,-1120.4193149333357
5229,2614.5,-1558.4776016586911
5230,2615.0,-2564.2731928067833
5231,2615.5,-7273.390054615632
5232,2616.0,8634.62872687615
5233,2616.5,2703.1792797173366
5234,2617.0,1600.3119707751994
5235,2617.5,1135.517120449052
5236,2618.0,879.3047460383058
5237,2618.5,716.9931795004486
5238,2619.0,604.9616634339889
5239,2619.5,522.9760814466878
5240,2620.0,460.3834921402553
5241,2620.5,411.02792690012114
5242,2621.0,371.11613679135127
5243,2621.5,338.1723953864255
5244,2622.0,310.5221214131689
5245,2622.5,286.98308438423607
5246,2623.0,266.7051001189564
5247,2623.5,249.05364349266142
5248,2624.0,233.55235543573846
5249,2624.5,219.83071226199954
5250,2625.0,207.60136262845566
5251,2625.5,196.63364562234585
5252,2626.0,186.74410655310575
5253,2626.5,177.78173312705164
5254,2627.0,169.6239895476658
5255,2627.5,162.16791380535554
5256,2628.0,155.3285902647796
5257,2628.5,149.03343591928004
5258,2629.0,143.22177780152057
5259,2629.5,137.84100147190125
5260,2630.0,132.84662183407377
5261,2630.5,128.19958838455327
5262,2631.0,123.86655605360292
5263,2631.5,119.81795092032988
5264,2632.0,116.02829456395683
5265,2632.5,112.47479790496443
5266,2633.0,109.1376628330655
5267,2633.5,105.99906353354858
5268,2634.0,103.0433837533223
5269,2634.5,100.25649847857652
5270,2635.0,97.62592274912953
5271,2635.5,95.14033869899023
5272,2636.0,92.78964121398933
5273,2636.5,90.56467486600927
5274,2637.0,88.45716732292865
5275,2637.5,86.4596523375611
5276,2638.0,84.56528589984627
5277,2638.5,82.76793786125393
5278,2639.0,81.06188952493716
5279,2639.5,79.44207927739552
5280,2640.0,77.9036842342569
5281,2640.5,76.4425054005073
5282,2641.0,76.53719278157683
5283,2641.5,77.38248188065691
5284,2642.0,78.24430360692136
5285,2642.5,79.12266423947152
5286,2643.0,80.01776886502262
5287,2643.5,80.92962911565542
5288,2644.0,81.85846673046217
5289,2644.5,82.80430200102504
5290,2645.0,83.76737205739757
5291,2645.5,84.74770956194845
5292,2646.0,85.74556561453517
5293,2646.5,86.76098930254702
5294,2647.0,87.79424421019468
5295,2647.5,88.84540017480009
5296,2648.0,89.91473182424764
5297,2648.5,91.00233426057227
5298,2649.0,92.10849188082909
5299,2649.5,93.23332966902808
5300,2650.0,94.37714081561342
5301,2650.5,95.54008481438765
5302,2651.0,96.7224631146427
5303,2651.5,97.92447426397031
5304,2652.0,99.1464280288132
5305,2652.5,100.38856637591495
5306,2653.0,101.65120819994885
5307,2653.5,102.93464298046055
5308,2654.0,104.23920047193891
5309,2654.5,105.56522139938178
5310,2655.0,106.91304920464626
5311,2655.5,108.28307914648907
5312,2656.0,109.67567246094717
5313,2656.5,111.09128170933732
5314,2657.0,112.53029149974019
5315,2657.5,113.99321388068931
5316,2658.0,115.48046408255857
5317,2658.5,116.99261519001146
5318,2659.0,118.53012219096358
5319,2659.5,120.0936184577264
5320,2660.0,121.68361485980654
5321,2660.5,123.30079596247408
5322,2661.0,124.94575696175853
5323,2661.5,126.61922328454624
5324,2662.0,128.32188493667203
5325,2662.5,130.0545214052945
5326,2663.0,131.8179206520898
5327,2663.5,133.61293216651606
5328,2664.0,135.4404448171403
5329,2664.5,137.30139708036836
5330,2665.0,139.19678166221942
5331,2665.5,141.12764839053344
5332,2666.0,143.09509695547632
5333,2666.5,145.10031466604323
5334,2667.0,147.14451187247397
5335,2667.5,149.22904370655104
5336,2668.0,151.3552357917302
5337,2668.5,153.52464616069017
5338,2669.0,155.73872178736298
5339,2669.5,157.99926404371138
5340,2670.0,160.30786786238005
5341,2670.5,162.6665693347561
5342,2671.0,165.07718636162522
5343,2671.5,167.54199910218853
5344,2672.0,170.0630980263983
5345,2672.5,172.64303523363319
5346,2673.0,175.28422874348504
5347,2673.5,177.98953895321426
5348,2674.0,180.7617753382063
5349,2674.5,183.60415305294796
5350,2675.0,186.51994755913478
5351,2675.5,189.51278837060434
5352,2676.0,192.58650426660552
5353,2676.5,195.74521582415323
5354,2677.0,198.99340808986375
5355,2677.5,202.33579170165117
5356,2678.0,205.77763023081775
5357,2678.5,209.32435253306338
5358,2679.0,212.98214715438303
5359,2679.5,216.75733162854465
5360,2680.0,183.37439999631547
5361,2680.5,155.2113035958342
5362,2681.0,134.26528529976645
5363,2681.5,118.04967664763096
5364,2682.0,105.10175009578616
5365,2682.5,94.50827035514028
5366,2683.0,85.66715314043319
5367,2683.5,78.16724282918135
5368,2684.0,71.71739337896449
5369,2684.5,66.10561641579795
5370,2685.0,61.17518600696417
5371,2685.5,56.80538670213222
5372,2686.0,52.905490554837776
5373,2686.5,49.40108588308849
5374,2687.0,46.236892792251886
5375,2687.5,43.36453039073719
5376,2688.0,40.74823048386834
5377,2688.5,38.356273295822014
5378,2689.0,36.163502094704064
5379,2689.5,34.14924248908261
5380,2690.0,32.29471437694767
5381,2690.5,30.586223113873288
5382,2691.0,29.010408707158003
5383,2691.5,27.556790586701165
5384,2692.0,26.216577053656362
5385,2692.5,24.981229008128544
5386,2693.0,23.844680286387234
5387,2693.5,22.801104299348946
5388,2694.0,21.84514830117643
5389,2694.5,20.972963484989815
5390,2695.0,20.18075205586282
5391,2695.5,19.46515500339211
5392,2696.0,18.955343996708994
5393,2696.5,19.617262651876793
5394,2697.0,20.38418425596701
5395,2697.5,21.264039175741484
5396,2698.0,22.266446013091493
5397,2698.5,23.402677987437606
5398,2699.0,24.686700025410385
5399,2699.5,26.13546039866197
5400,2700.0,27.76899376937914
5401,2700.5,29.612943856426597
5402,2701.0,31.698971523556214
5403,2701.5,34.06529991406956
5404,2702.0,36.762877434297295
5405,2702.5,39.855739712498774
5406,2703.0,43.42618240173289
5407,2703.5,47.58694882426694
5408,2704.0,52.48669844548885
5409,2704.5,58.3343633760485
5410,2705.0,65.42910399158728
5411,2705.5,74.20640461534954
5412,2706.0,85.34987704131392
5413,2706.5,99.95583515353427
5414,2707.0,119.94738747365454
5415,2707.5,148.98576282754107
5416,2708.0,195.0341951891063
5417,2708.5,279.3408828690231
5418,2709.0,483.5910660185512
5419,2709.5,1700.3963519590852
5420,2710.0,-1161.6618959263471
5421,2710.5,-438.1911573514075
5422,2711.0,-271.9658318599335
5423,2711.5,-198.09886082489788
5424,2712.0,-156.33979047597845
5425,2712.5,-129.46535005775183
5426,2713.0,-110.71727868986562
5427,2713.5,-96.88292749239277
5428,2714.0,-86.25437893210086
5429,2714.5,-77.82871008054055
5430,2715.0,-70.98769673326946
5431,2715.5,-65.32168787948626
5432,2716.0,-60.55571351645985
5433,2716.5,-56.49192375719668
5434,2717.0,-52.990644769079694
5435,2717.5,-52.603077011396174
5436,2718.0,-53.013720187162775
5437,2718.5,-53.3991773021735
5438,2719.0,-53.75893786820722
5439,2719.5,-54.09272056977461
5440,2720.0,-54.40017509872796
5441,2720.5,-54.68104179011666
5442,2721.0,-54.935108381084326
5443,2721.5,-55.16215967212848
5444,2722.0,-55.36209820972941
5445,2722.5,-55.53477472586253
5446,2723.0,-55.68017848096496
5447,2723.5,-55.79826284484401
5448,2724.0,-55.889071987658994
5449,2724.5,-55.95266450099516
5450,2725.0,-55.98914825870355
5451,2725.5,-55.998669712647256
5452,2726.0,-55.98141320162004
5453,2726.5,-55.93759953647603
5454,2727.0,-55.86749215427052
5455,2727.5,-55.77138290328984
5456,2728.0,-55.64960549764881
5457,2728.5,-55.50252519962176
5458,2729.0,-55.33054103146547
5459,2729.5,-55.13408456614333
5460,2730.0,-54.91362264190472
5461,2730.5,-54.669640131843664
5462,2731.0,-54.402671639669876
5463,2731.5,-54.11325810425692
5464,2732.0,-53.801983228590956
5465,2732.5,-53.46945602932652
5466,2733.0,-53.11628558653118
5467,2733.5,-52.74316502793272
5468,2734.0,-52.35070260085941
5469,2734.5,-51.939667153822576
5470,2735.0,-51.51071546126347
5471,2735.5,-51.06462188383697
5472,2736.0,-50.60212387317229
5473,2736.5,-50.123973787692684
5474,2737.0,-49.63100726948818
5475,2737.5,-49.12392833722675
5476,2738.0,-48.60368022065831
5477,2738.5,-48.070913703482645
5478,2739.0,-47.526636642911114
5479,2739.5,-46.97154331764174
5480,2740.0,-46.4065995906692
5481,2740.5,-45.83257943483221
5482,2741.0,-45.25039383944004
5483,2741.5,-44.66089789038492
5484,2742.0,-44.0649407426391
5485,2742.5,-43.463454186559375
5486,2743.0,-42.85722490792267
5487,2743.5,-42.24725099573603
5488,2744.0,-41.634262308785566
5489,2744.5,-41.01930711514159
5490,2745.0,-40.40306984755212
5491,2745.5,-39.7866278601762
5492,2746.0,-39.17063634083579
5493,2746.5,-38.55617684038065
5494,2747.0,-37.94389485938355
5495,2747.5,-37.334849026087326
5496,2748.0,-36.72969632306099
5497,2748.5,-36.12944498716725
5498,2749.0,-35.53478423077613
5499,2749.5,-34.94664617016371
5500,2750.0,-34.365770396338334
5501,2750.5,-33.79299107846784
5502,2751.0,-33.229111566172705
5503,2751.5,-32.67485223343208
5504,2752.0,-32.13108681435274
5505,2752.5,-31.598413822922975
5506,2753.0,-31.077765349604444
5507,2753.5,-30.56964998674127
5508,2754.0,-30.074973793610596
5509,2754.5,-29.594303742909965
5510,2755.0,-29.12838348161505
5511,2755.5,-29.261721274769968
5512,2756.0,-30.198323356808732
5513,2756.5,-31.260280893079106
5514,2757.0,-32.45988001554101
5515,2757.5,-33.811390090152756
5516,2758.0,-35.331965677685126
5517,2758.5,-37.04208268768463
5518,2759.0,-38.96655417247405
5519,2759.5,-41.13514957596577
5520,2760.0,-43.58512640489399
5521,2760.5,-46.361274466088204
5522,2761.0,-49.521247553405914
5523,2761.5,-53.136493715669054
5524,2762.0,-57.2996598278214
5525,2762.5,-62.13149285093304
5526,2763.0,-67.79098690497943
5527,2763.5,-74.49702211798478
5528,2764.0,-82.54789863799559
5529,2764.5,-92.38028208847271
5530,2765.0,-104.6274731816693
5531,2765.5,-120.29046574758961
5532,2766.0,-140.98200116869384
5533,2766.5,-169.56642802096403
5534,2767.0,-211.5346714659506
5535,2767.5,-279.11852245246894
5536,2768.0,-405.77801812165814
5537,2768.5,-728.9178056925107
5538,2769.0,-3267.684433138522
5539,2769.5,1362.386854500079
5540,2770.0,572.3058993081398
5541,2770.5,365.64908836414014
5542,2771.0,270.56939015251413
5543,2771.5,215.92748297439815
5544,2772.0,180.495679490704
5545,2772.5,155.677030576718
5546,2773.0,137.3439776396171
5547,2773.5,123.26843191100693
5548,2774.0,112.1299828635611
5549,2774.5,103.11670630777316
5550,2775.0,95.67892272630911
5551,2775.5,89.4501155016756
5552,2776.0,84.16769755367655
5553,2776.5,79.63857180617987
5554,2777.0,75.72461664973311
5555,2777.5,72.31436206464004
5556,2778.0,75.98226797118814
5557,2778.5,91.27550340637197
5558,2779.0,113.11815569994191
5559,2779.5,147.20575337426072
5560,2780.0,208.58985080328125
5561,2780.5,354.23405197774355
5562,2781.0,1161.7722854263668
5563,2781.5,-899.2707841763696
5564,2782.0,-321.06150722082657
5565,2782.5,-193.47999457374073
5566,2783.0,-137.0724599362837
5567,2783.5,-105.05761577055456
5568,2784.0,-84.26699570175745
5569,2784.5,-69.59388682684566
5570,2785.0,-58.6192100931655
5571,2785.5,-50.0485880928645
5572,2786.0,-43.14970218497449
5573,2786.5,-37.446270285609344
5574,2787.0,-32.64846504810901
5575,2787.5,-28.544793165435838
5576,2788.0,-24.997716047307918
5577,2788.5,-21.900581854802834
5578,2789.0,-19.183889950103243
5579,2789.5,-16.785533273837512
5580,2790.0,-14.670793578783284
5581,2790.5,-12.804660250319237
5582,2791.0,-11.163980278871238
5583,2791.5,-9.733269971347141
5584,2792.0,-8.499154029621373
5585,2792.5,-7.452193029943931
5586,2793.0,-6.733820664676293
5587,2793.5,-6.523928842761518
5588,2794.0,-6.42464629384602
5589,2794.5,-6.436281322775351
5590,2795.0,-6.558380687612271
5591,2795.5,-6.789706356718878
5592,2796.0,-7.128267906850973
5593,2796.5,-7.571399396046839
5594,2797.0,-8.115868628096205
5595,2797.5,-8.758004245736688
5596,2798.0,-9.493824231545744
5597,2798.5,-10.31915062646354
5598,2799.0,-11.229699843971794
5599,2799.5,-12.221144064872172
5600,2800.0,-13.288047620378153
5601,2800.5,-14.426086413453783
5602,2801.0,-15.631528641312956
5603,2801.5,-16.89938350755046
5604,2802.0,-18.223502739931096
5605,2802.5,-19.601704759914124
5606,2803.0,-21.027200248901917
5607,2803.5,-22.49642065148941
5608,2804.0,-24.004588469506643
5609,2804.5,-25.546147022963183
5610,2805.0,-27.11741578470632
5611,2805.5,-28.712388719085304
5612,2806.0,-30.32695041662239
5613,2806.5,-31.95595021356527
5614,2807.0,-33.59364539272432
5615,2807.5,-36.38134834218986
5616,2808.0,-39.68917318384336
5617,2808.5,-43.38365167654015
5618,2809.0,-47.53382794914809
5619,2809.5,-52.23234603144749
5620,2810.0,-57.6057074259312
5621,2810.5,-63.81392456394946
5622,2811.0,-71.08660473825257
5623,2811.5,-79.7466054016412
5624,2812.0,-90.25390626345707
5625,2812.5,-103.31900732642913
5626,2813.0,-120.06928563516898
5627,2813.5,-142.39946227859093
5628,2814.0,-173.80012972036204
5629,2814.5,-221.45504049376882
5630,2815.0,-302.8307865383456
5631,2815.5,-474.4224652250591
5632,2816.0,-1079.1435323885999
5633,2816.5,4053.158467870783
5634,2817.0,705.4078011073964
5635,2817.5,385.8863839157801
5636,2818.0,265.00979964451227
5637,2818.5,201.24445517635073
5638,2819.0,161.71029857569172
5639,2819.5,134.71050421925887
5640,2820.0,115.03323017044019
5641,2820.5,100.00045717277668
5642,2821.0,88.10944293842758
5643,2821.5,78.44113355329263
5644,2822.0,70.39984219799265
5645,2822.5,63.59374125098075
5646,2823.0,57.747512197114524
5647,2823.5,52.658896882622216
5648,2824.0,48.18557241583971
5649,2824.5,44.21931276163437
5650,2825.0,40.67217775730628
5651,2825.5,37.483378177515846
5652,2826.0,34.60120240126119
5653,2826.5,31.98271228365173
5654,2827.0,29.598738879560553
5655,2827.5,27.419721096650775
5656,2828.0,25.426202472381362
5657,2828.5,24.28182276995816
5658,2829.0,23.87496974479362
5659,2829.5,23.500108738372738
5660,2830.0,23.157084926551498
5661,2830.5,22.84638142454151
5662,2831.0,22.56783391951676
5663,2831.5,22.32180767409282
5664,2832.0,22.108228064969914
5665,2832.5,21.927286148575252
5666,2833.0,21.778998900277674
5667,2833.5,21.66340650898664
5668,2834.0,21.580562613450557
5669,2834.5,21.53042091841159
5670,2835.0,21.512995568853576
5671,2835.5,21.528226675327346
5672,2836.0,21.576047272989424
5673,2836.5,21.656357987929766
5674,2837.0,21.769067545422157
5675,2837.5,21.914003381159823
5676,2838.0,22.091032354834585
5677,2838.5,22.29995752883747
5678,2839.0,22.540561543931027
5679,2839.5,22.81264206137995
5680,2840.0,23.115923633176678
5681,2840.5,23.45014761743089
5682,2841.0,23.81500879518418
5683,2841.5,24.21021618005907
5684,2842.0,24.635416865075875
5685,2842.5,25.09026370993305
5686,2843.0,25.57444182323008
5687,2843.5,26.087447605813654
5688,2844.0,26.6290009008991
5689,2844.5,27.198646879383798
5690,2845.0,27.795892398664723
5691,2845.5,28.420440813436503
5692,2846.0,29.071617457097517
5693,2846.5,29.749132859624336
5694,2847.0,30.45244246489502
5695,2847.5,31.18095982889852
5696,2848.0,31.934406737313235
5697,2848.5,32.71186317091721
5698,2849.0,33.51319670643817
5699,2849.5,34.33757423993349
5700,2850.0,35.184580895300655
5701,2850.5,36.05361836237952
5702,2851.0,36.94398716585723
5703,2851.5,37.85531536127485
5704,2852.0,38.78663595187902
5705,2852.5,39.737776285912545
5706,2853.0,40.70753480845096
5707,2853.5,41.69583733560749
5708,2854.0,42.7014691193689
5709,2854.5,43.724237359371216
5710,2855.0,44.762988965492184
5711,2855.5,45.81741408116944
5712,2856.0,46.88639220939521
5713,2856.5,47.969531119737624
5714,2857.0,49.0657038746971
5715,2857.5,50.17446668957812
5716,2858.0,51.29465189597994
5717,2858.5,52.425787716925996
5718,2859.0,53.56663929232526
5719,2859.5,54.716720421330805
5720,2860.0,55.87471277948142
5721,2860.5,57.04010547632946
5722,2861.0,58.21152778756938
5723,2861.5,59.388367873890715
5724,2862.0,60.56930979705793
5725,2862.5,61.753539511671725
5726,2863.0,62.939811849054095
5727,2863.5,64.12712333455565
5728,2864.0,65.3142680296482
5729,2864.5,66.50007801822231
5730,2865.0,67.68334267451071
5731,2865.5,68.86276472534935
5732,2866.0,70.03707499174261
5733,2866.5,71.20488913244675
5734,2867.0,72.36481876087382
5735,2867.5,73.51543837558184
5736,2868.0,74.65519436107667
5737,2868.5,75.78261254378462
5738,2869.0,76.89599095786156
5739,2869.5,77.73164916796487
5740,2870.0,78.25665836777594
5741,2870.5,78.80186242176634
5742,2871.0,79.36753854827425
5743,2871.5,79.95396924940252
5744,2872.0,80.56148326037544
5745,2872.5,81.1903645886407
5746,2873.0,81.84099202453119
5747,2873.5,82.51365793073053
5748,2874.0,83.20878981109385
5749,2874.5,83.92669615387454
5750,2875.0,84.66785066549966
5751,2875.5,85.43259443550843
5752,2876.0,86.22142414455679
5753,2876.5,87.0347417539124
5754,2877.0,87.87306496763298
5755,2877.5,88.7368576502902
5756,2878.0,89.62666635569497
5757,2878.5,90.54301839691267
5758,2879.0,91.48649761354555
5759,2879.5,92.45769693724407
5760,2880.0,93.45724660935517
5761,2880.5,94.48580809407308
5762,2881.0,95.54406792408801
5763,2881.5,96.6327598863771
5764,2882.0,97.75263758664313
5765,2882.5,98.90451195315072
5766,2883.0,100.08921548379674
5767,2883.5,101.30764227358038
5768,2884.0,102.5607167451597
5769,2884.5,103.84942360612666
5770,2885.0,105.17479366126508
5771,2885.5,106.5379113548295
5772,2886.0,107.93992922278461
5773,2886.5,109.38204492292711
5774,2887.0,110.86554681950064
5775,2887.5,112.39176504911966
5776,2888.0,113.96213781271318
5777,2888.5,115.5781501633132
5778,2889.0,117.24140755628153
5779,2889.5,118.95357547574109
5780,2890.0,120.7164476527399
5781,2890.5,122.53189936520482
5782,2891.0,124.40193803243245
5783,2891.5,126.32868271012359
5784,2892.0,128.31438529099174
5785,2892.5,130.3614481789544
5786,2893.0,132.47240512670734
5787,2893.5,134.64998825700175
5788,2894.0,136.8970587180172
5789,2894.5,139.21673305981142
5790,2895.0,141.61225547197606
5791,2895.5,144.08719194130092
5792,2896.0,146.64523795852386
5793,2896.5,149.2904855239609
5794,2897.0,152.02716930224784
5795,2897.5,154.85999035980325
5796,2898.0,157.7938492247479
5797,2898.5,160.83414904415153
5798,2899.0,163.9865928718854
5799,2899.5,167.25742700965367
5800,2900.0,170.6533173164032
5801,2900.5,174.18153073343038
5802,2901.0,177.84989535251773
5803,2901.5,181.66692364349177
5804,2902.0,185.64185659189067
5805,2902.5,189.7847394170587
5806,2903.0,194.10654446177566
5807,2903.5,198.61921977332983
5808,2904.0,203.3358783293073
5809,2904.5,208.2708525453332
5810,2905.0,213.43992853247096
5811,2905.5,218.860456529432
5812,2906.0,224.55159808849768
5813,2906.5,230.53456402187376
5814,2907.0,236.83283789428302
5815,2907.5,243.47260889847408
5816,2908.0,250.48299002659874
5817,2908.5,257.8966686866377
5818,2909.0,265.7502000575404
5819,2909.5,274.08488597047557
5820,2910.0,282.9472775664775
5821,2910.5,292.39029921574297
5822,2911.0,302.4741699896232
5823,2911.5,313.26780978279197
5824,2912.0,324.8505093996168
5825,2912.5,337.3137046495566
5826,2913.0,350.76392464344644
5827,2913.5,365.3251287789024
5828,2914.0,381.143810608043
5829,2914.5,398.39233439636627
5830,2915.0,417.2777111130776
5831,2915.5,438.04691377594366
5832,2916.0,461.00209384553125
5833,2916.5,486.51025581199815
5834,2917.0,515.0296028741404
5835,2917.5,520.0464685121603
5836,2918.0,523.5722545965517
5837,2918.5,527.1690696665623
5838,2919.0,530.8387800275447
5839,2919.5,534.5830075706929
5840,2920.0,538.403690995655
5841,2920.5,542.3026171456567
5842,2921.0,546.2818096549211
5843,2921.5,550.3432284541109
5844,2922.0,554.4889957619628
5845,2922.5,558.7212538140525
5846,2923.0,563.0422383067928
5847,2923.5,567.4542842216348
5848,2924.0,571.9597570235592
5849,2924.5,576.5611962651183
5850,2925.0,581.261115047034
5851,2925.5,586.062270886246
5852,2926.0,590.9673441693959
5853,2926.5,595.9793255497866
5854,2927.0,601.1010843730095
5855,2927.5,606.3358616214796
5856,2928.0,611.6867395742552
5857,2928.5,617.1572290359967
5858,2929.0,622.7506518195971
5859,2929.5,628.4708106691045
5860,2930.0,634.3212965359785
5861,2930.5,640.3062292208988
5862,2931.0,646.4295018655872
5863,2931.5,652.6955798835112
5864,2932.0,659.1086956243321
5865,2932.5,665.6736926225432
5866,2933.0,672.3951901946298
5867,2933.5,679.2784285649121
5868,2934.0,686.3284800305646
5869,2934.5,693.5510157827487
5870,2935.0,700.9516147077509
5871,2935.5,708.5364307210152
5872,2936.0,716.3116041412055
5873,2936.5,724.2838326758115
5874,2937.0,732.4598809154519
5875,2937.5,740.8470601360503
5876,2938.0,749.4528313827738
5877,2938.5,758.2851995154284
5878,2939.0,767.3524051741808
5879,2939.5,776.6632388995009
5880,2940.0,786.2268169703053
5881,2940.5,796.0528220133267
5882,2941.0,806.1513572474871
5883,2941.5,816.5331208048225
5884,2942.0,827.2093322663085
5885,2942.5,838.1918490016211
5886,2943.0,849.4931579961459
5887,2943.5,861.126443948443
5888,2944.0,873.1056382116832
5889,2944.5,885.4454502495283
5890,2945.0,898.1614639814521
5891,2945.5,911.2701465966833
5892,2946.0,924.7889806202761
5893,2946.5,938.7364671538251
5894,2947.0,953.1322794698198
5895,2947.5,967.9972816561076
5896,2948.0,983.3536863781973
5897,2948.5,999.2251148667513
5898,2949.0,1015.6367375144008
5899,2949.5,1032.615407439184
5900,2950.0,1050.1897576202289
5901,2950.5,1068.3904482529258
5902,2951.0,1087.250187955314
5903,2951.5,1106.8041452700152
5904,2952.0,1127.0898538163851
5905,2952.5,1148.1478512050885
5906,2953.0,1170.0214185378218
5907,2953.5,1192.7575265019707
5908,2954.0,1216.4063479259805
5909,2954.5,1241.0226120145526
5910,2955.0,1266.6648142696074
5911,2955.5,1293.3971072133968
5912,2956.0,1321.2881143088841
5913,2956.5,1350.413521174088
5914,2957.0,1380.8543785286224
5915,2957.5,1412.7006047352368
5916,2958.0,1446.048636554976
5917,2958.5,1481.0061160134828
5918,2959.0,1517.6887161866925
5919,2959.5,1556.2263689161523
5920,2960.0,1596.7590555107245
5921,2960.5,1639.4450340215324
5922,2961.0,1684.4554001355702
5923,2961.5,1731.984690645986
5924,2962.0,1782.2447056169333
5925,2962.5,1835.476870682278
5926,2963.0,1891.9466424068692
5927,2963.5,1951.9574300719441
5928,2964.0,2015.8463734516934
5929,2964.5,2084.0002168191477
5930,2965.0,2156.853559642373
5931,2965.5,2234.907340177238
5932,2966.0,2318.7313212398662
5933,2966.5,2408.986336303292
5934,2967.0,2506.4339040252034
5935,2967.5,2611.9643451477814
5936,2968.0,2726.6184358315313
5937,2968.5,2851.625410011734
5938,2969.0,2988.445332283659
5939,2969.5,3138.82496499271
5940,2970.0,3304.877016507238
5941,2970.5,4817.88131583248
5942,2971.0,10569.477219210969
5943,2971.5,-55206.96651799393
5944,2972.0,-7654.892748909421
5945,2972.5,-4115.863565316833
5946,2973.0,-2815.998941681082
5947,2973.5,-2140.8800192383883
5948,2974.0,-1727.3138194879884
5949,2974.5,-1447.9550395064539
5950,2975.0,-1246.5667770296125
5951,2975.5,-1094.4936250135818
5952,2976.0,-975.5814754287363
5953,2976.5,-880.0426090335213
5954,2977.0,-801.5927364222447
5955,2977.5,-736.0174594068551
5956,2978.0,-680.3816141936992
5957,2978.5,-632.5800586314515
5958,2979.0,-591.0627032590787
5959,2979.5,-554.663167933566
5960,2980.0,-522.4871682982186
5961,2980.5,-493.8370471814031
5962,2981.0,-468.16124896788983
5963,2981.5,-445.01717725384054
5964,2982.0,-424.04640584156886
5965,2982.5,-404.95473885630554
5966,2983.0,-387.49924586733215
5967,2983.5,-371.47683662596575
5968,2984.0,-356.7170309455332
5969,2984.5,-343.0751986642498
5970,2985.0,-330.4281678154799
5971,2985.5,-318.6701885579758
5972,2986.0,-307.71006471889956
5973,2986.5,-297.4686938970663
5974,2987.0,-287.87713125312945
5975,2987.5,-278.87502598790553
5976,2988.0,-270.40930802682755
5977,2988.5,-262.4331274666384
5978,2989.0,-254.90498835341796
5979,2989.5,-247.7879583330103
5980,2990.0,-241.0491425061627
5981,2990.5,-234.65902445924377
5982,2991.0,-228.59120961567245
5983,2991.5,-222.82181573143825
5984,2992.0,-217.32943195049575
5985,2992.5,-212.09452733788055
5986,2993.0,-207.09954836606136
5987,2993.5,-202.3283893244971
5988,2994.0,-197.76650525020435
5989,2994.5,-193.40051007370042
5990,2995.0,-189.21824468222334
5991,2995.5,-254.5287299831213
5992,2996.0,-391.95584522501304
5993,2996.5,-853.1264390059864
5994,2997.0,4747.504342827697
5995,2997.5,625.3363697940154
5996,2998.0,333.83530288738626
5997,2998.5,227.18471665859366
5998,2999.0,171.82170224112528
5999,2999.5,137.88953349562178
6000,3000.0,114.93634423551316
6001,3000.5,98.36342821446232
6002,3001.0,85.82254680108919
6003,3001.5,75.9979777321802
6004,3002.0,68.0875362619345
6005,3002.5,61.58179921193983
6006,3003.0,56.135134276969346
6007,3003.5,51.511037101542804
6008,3004.0,47.536861877599115
6009,3004.5,44.088608363054995
6010,3005.0,41.070836197967054
6011,3005.5,38.412577122050955
6012,3006.0,36.057108021936436
6013,3006.5,33.96102296139329
6014,3007.0,32.08877425343102
6015,3007.5,30.412405247330792
6016,3008.0,28.908730507217566
6017,3008.5,27.559012117683935
6018,3009.0,26.347634490206815
6019,3009.5,25.261674276921877
6020,3010.0,24.290304567283
6021,3010.5,23.424459592549123
6022,3011.0,22.656405352313918
6023,3011.5,21.979746386548584
6024,3012.0,21.38877994814357
6025,3012.5,20.879005940119352
6026,3013.0,20.44609876602334
6027,3013.5,20.08688028945043
6028,3014.0,20.93234685915193
6029,3014.5,23.419941649723224
6030,3015.0,26.453848109042298
6031,3015.5,30.222080864097364
6032,3016.0,35.03021044976125
6033,3016.5,41.37912087588658
6034,3017.0,50.184409376917834
6035,3017.5,63.266003969301735
6036,3018.0,84.88599763934438
6037,3018.5,127.80702631646035
6038,3019.0,255.70836085410158
6039,3019.5,80658.50845673076
6040,3020.0,-256.51195840805485
6041,3020.5,-127.39187438518388
6042,3021.0,-84.24186056809327
6043,3021.5,-62.54797395583918
6044,3022.0,-49.42852720182662
6045,3022.5,-40.60939168695189
6046,3023.0,-34.2493033188972
6047,3023.5,-29.44022534316488
6048,3024.0,-25.67022752442868
6049,3024.5,-22.64074725622539
6050,3025.0,-20.156788088104694
6051,3025.5,-18.09478133545323
6052,3026.0,-16.3655405686907
6053,3026.5,-14.91016054567713
6054,3027.0,-13.683538003055684
6055,3027.5,-12.654394218468356
6056,3028.0,-12.55084154278914
6057,3028.5,-12.798082806596783
6058,3029.0,-13.088315272341987
6059,3029.5,-13.419655959868157
6060,3030.0,-13.790063990714435
6061,3030.5,-14.197204692325531
6062,3031.0,-14.638731140531918
6063,3031.5,-15.111933366936219
6064,3032.0,-15.614063632557153
6065,3032.5,-16.142155334367807
6066,3033.0,-16.692994990992524
6067,3033.5,-17.263436409155176
6068,3034.0,-17.849792865935747
6069,3034.5,-18.448759948374782
6070,3035.0,-19.056229888092464
6071,3035.5,-19.668716815958284
6072,3036.0,-20.28178773716195
6073,3036.5,-20.891732887144975
6074,3037.0,-21.49391279321648
6075,3037.5,-22.084363475535614
6076,3038.0,-22.658348606513293
6077,3038.5,-23.21166265996023
6078,3039.0,-23.739573962343457
6079,3039.5,-24.237691604760972
6080,3040.0,-24.701375239172204
6081,3040.5,-25.126160258245065
6082,3041.0,-25.507578225199644
6083,3041.5,-25.84124577028574
6084,3042.0,-26.12295781073287
6085,3042.5,-26.348595377722603
6086,3043.0,-26.514333476097516
6087,3043.5,-26.832645004175276
6088,3044.0,-27.220491336004702
6089,3044.5,-27.656272501121524
6090,3045.0,-28.14128305921227
6091,3045.5,-28.67682651356771
6092,3046.0,-29.264467025842894
6093,3046.5,-29.90583984700003
6094,3047.0,-30.602846551707454
6095,3047.5,-31.35755154185603
6096,3048.0,-32.17227719231696
6097,3048.5,-33.049645226555945
6098,3049.0,-33.9925085834426
6099,3049.5,-35.00421154648133
6100,3050.0,-36.088289508786715
6101,3050.5,-37.249021796507385
6102,3051.0,-38.49084196829153
6103,3051.5,-39.8192414963338
6104,3052.0,-41.23986182527506
6105,3052.5,-42.759777545994126
6106,3053.0,-44.38628540539849
6107,3053.5,-46.1285563902589
6108,3054.0,-47.996193984064355
6109,3054.5,-50.00120118254324
6110,3055.0,-52.15644915938539
6111,3055.5,-54.477864782966556
6112,3056.0,-56.9830326686491
6113,3056.5,-59.6934814071989
6114,3057.0,-62.63374337707282
6115,3057.5,-65.83362087320376
6116,3058.0,-69.32816725377666
6117,3058.5,-73.15988222278129
6118,3059.0,-77.3802999656429
6119,3059.5,-82.05227557658408
6120,3060.0,-87.25428442833017
6121,3060.5,-93.08352066053014
6122,3061.0,-99.6649345994799
6123,3061.5,-107.15733237264583
6124,3062.0,-115.77143074150433
6125,3062.5,-125.7857614636805
6126,3063.0,-137.58392588402006
6127,3063.5,-151.70156860926414
6128,3064.0,-168.9163096954483
6129,3064.5,-190.39684195733983
6130,3065.0,-217.98685924239157
6131,3065.5,-254.77324466420473
6132,3066.0,-306.3459615607489
6133,3066.5,-383.9781662427858
6134,3067.0,-514.3219496484861
6135,3067.5,-779.1347003311774
6136,3068.0,-1610.5875223437765
6137,3068.5,22612.00795914065
6138,3069.0,1402.8393267111085
6139,3069.5,721.6160967497777
6140,3070.0,484.49239350558446
6141,3070.5,363.84270524952257
6142,3071.0,290.6965500891727
6143,3071.5,241.56295840414003
6144,3072.0,206.25156835969597
6145,3072.5,179.6200592726616
6146,3073.0,158.80189488378608
6147,3073.5,142.06226264085802
6148,3074.0,128.30144109071688
6149,3074.5,116.77652780352751
6150,3075.0,106.97998722217389
6151,3075.5,98.54123496331371
6152,3076.0,91.195376781272
6153,3076.5,84.73688481178512
6154,3077.0,79.01474015800227
6155,3077.5,73.90583555812591
6156,3078.0,69.31805244093552
6157,3078.5,65.17334403098323
6158,3079.0,61.412332717503084
6159,3079.5,57.983455179088075
6160,3080.0,54.84655290115853
6161,3080.5,51.96658350705835
6162,3081.0,49.3151550105212
6163,3081.5,46.86805447642613
6164,3082.0,44.729625432202745
6165,3082.5,43.97661204128621
6166,3083.0,43.31951885223283
6167,3083.5,42.75639289745719
6168,3084.0,42.2850455321969
6169,3084.5,41.90383471764351
6170,3085.0,41.611206198317696
6171,3085.5,41.405880588660445
6172,3086.0,41.286787182719735
6173,3086.5,41.25307463316372
6174,3087.0,41.30408677569535
6175,3087.5,41.43936290797924
6176,3088.0,41.658646415222016
6177,3088.5,41.96187989900011
6178,3089.0,42.349097549798785
6179,3089.5,42.82075963986163
6180,3090.0,43.37699687457644
6181,3090.5,44.01888560770712
6182,3091.0,44.746677942769544
6183,3091.5,45.56192361946851
6184,3092.0,46.46513175838811
6185,3092.5,47.45822113206826
6186,3093.0,48.541921220686504
6187,3093.5,49.71866196579432
6188,3094.0,50.98913523392651
6189,3094.5,52.35668187545325
6190,3095.0,51.57681416600991
6191,3095.5,50.67898375068439
6192,3096.0,49.68561071196487
6193,3096.5,48.60787595734013
6194,3097.0,47.45720787593554
6195,3097.5,46.243824782341605
6196,3098.0,44.97677920448778
6197,3098.5,43.66532164430268
6198,3099.0,42.31699074101962
6199,3099.5,40.93944350174514
6200,3100.0,39.539557619458684
6201,3100.5,38.12384157656791
6202,3101.0,36.698020151041646
6203,3101.5,35.268088082529026
6204,3102.0,33.83893321819006
6205,3102.5,32.41563918705719
6206,3103.0,31.0030839701738
6207,3103.5,29.604890241264957
6208,3104.0,28.226309663618864
6209,3104.5,26.869970281295146
6210,3105.0,25.540820021446613
6211,3105.5,24.241578253597012
6212,3106.0,22.976175275537162
6213,3106.5,21.747672400457798
6214,3107.0,20.559240916562292
6215,3107.5,19.414046107319034
6216,3108.0,18.314932556455954
6217,3108.5,17.264781731543497
6218,3109.0,16.26659094885931
6219,3109.5,15.322558477147599
6220,3110.0,14.436201664081198
6221,3110.5,14.242769658708282
6222,3111.0,14.3679583956371
6223,3111.5,14.579985330154324
6224,3112.0,14.88224993540172
6225,3112.5,15.278728429595148
6226,3113.0,15.77443433133257
6227,3113.5,16.375100740715013
6228,3114.0,17.08788271971349
6229,3114.5,17.921314525103668
6230,3115.0,18.885987828423474
6231,3115.5,19.99481881646261
6232,3116.0,21.263414382906188
6233,3116.5,22.711961685854963
6234,3117.0,24.364641372185016
6235,3117.5,26.252711060684923
6236,3118.0,28.41643335482136
6237,3118.5,30.905391715147022
6238,3119.0,33.78854082532965
6239,3119.5,37.153559366541906
6240,3120.0,41.122654290298414
6241,3120.5,45.86481543644984
6242,3121.0,51.62032181806554
6243,3121.5,58.750761841649336
6244,3122.0,67.80531480147165
6245,3122.5,79.69725297853304
6246,3123.0,95.99853267350466
6247,3123.5,119.7704463359208
6248,3124.0,157.68001257499697
6249,3124.5,227.88868806917708
6250,3125.0,402.48306105110635
6251,3125.5,1599.6980792344723
6252,3126.0,-838.0793421789372
6253,3126.5,-336.02130264342793
6254,3127.0,-211.59559289801484
6255,3127.5,-155.0931895101311
6256,3128.0,-122.79459489373674
6257,3128.5,-101.86199205650674
6258,3129.0,-87.18115258969405
6259,3129.5,-76.30498509021659
6260,3130.0,-67.91847626999072
6261,3130.5,-61.25245276714328
6262,3131.0,-55.82478991360826
6263,3131.5,-51.321814266271346
6264,3132.0,-52.505613084665065
6265,3132.5,-58.93174571780476
6266,3133.0,-66.97888641585754
6267,3133.5,-77.36904150629296
6268,3134.0,-91.3359519920092
6269,3134.5,-111.17271717499098
6270,3135.0,-141.67105924996451
6271,3135.5,-194.81354237450486
6272,3136.0,-311.321341718134
6273,3136.5,-775.7460658576475
6274,3137.0,1555.4988583528846
6275,3137.5,385.9829537208069
6276,3138.0,219.22287218120096
6277,3138.5,152.36781347165248
6278,3139.0,116.25289091554531
6279,3139.5,93.57448744858391
6280,3140.0,77.97925043547997
6281,3140.5,66.5691698362189
6282,3141.0,57.844110811917766
6283,3141.5,50.9453161002545
6284,3142.0,45.34695944734498
6285,3142.5,40.71102338153927
6286,3143.0,36.80706001357653
6287,3143.5,33.47730365735986
6288,3144.0,30.605291434638417
6289,3144.5,28.10844793364211
6290,3145.0,25.922093382707782
6291,3145.5,23.99917865841961
6292,3146.0,22.301529454451543
6293,3146.5,20.968267389535693
6294,3147.0,21.18780430634056
6295,3147.5,21.464421260824693
6296,3148.0,21.79958814410994
6297,3148.5,22.1951099796002
6298,3149.0,22.65279039682005
6299,3149.5,23.174977175207076
6300,3150.0,23.764030985634523
6301,3150.5,24.42286959850646
6302,3151.0,25.154705172073005
6303,3151.5,25.963275119669635
6304,3152.0,26.852804025523813
6305,3152.5,27.82828120327758
6306,3153.0,28.89519050152738
6307,3153.5,30.060255045905667
6308,3154.0,31.330890831915532
6309,3154.5,32.71599472218044
6310,3155.0,34.22588366258091
6311,3155.5,35.87244603252828
6312,3156.0,37.67027085033342
6313,3156.5,39.63559889830903
6314,3157.0,41.78927090554685
6315,3157.5,44.15445018774915
6316,3158.0,46.76110701469969
6317,3158.5,49.64383914482043
6318,3159.0,52.84682761255027
6319,3159.5,56.423539685206286
6320,3160.0,60.44222542434233
6321,3160.5,64.98895759268244
6322,3161.0,70.17534850687419
6323,3161.5,76.14791261233641
6324,3162.0,83.10267930059878
6325,3162.5,91.30890041121347
6326,3163.0,101.14467060809717
6327,3163.5,113.16087446248589
6328,3164.0,128.18833506638296
6329,3164.5,147.54648431747518
6330,3165.0,173.45733471062286
6331,3165.5,209.98441040046393
6332,3166.0,265.42703265163135
6333,3166.5,359.7983477874307
6334,3167.0,556.7314204293364
6335,3167.5,1019.1049480850406
6336,3168.0,989.8825807370367
6337,3168.5,962.3082773752775
6338,3169.0,936.2448436179534
6339,3169.5,911.5700775184564
6340,3170.0,888.1743742413443
6341,3170.5,865.9597034198462
6342,3171.0,844.8374103598707
6343,3171.5,824.7279696871806
6344,3172.0,805.558879768369
6345,3172.5,787.2649735869593
6346,3173.0,769.786367629069
6347,3173.5,753.0691712300955
6348,3174.0,737.0634753165892
6349,3174.5,721.7243423691589
6350,3175.0,707.0098339111248
6351,3175.5,692.8821917897077
6352,3176.0,679.3059105540217
6353,3176.5,666.2490412292497
6354,3177.0,653.6813182892629
6355,3177.5,641.5755321371144
6356,3178.0,629.9057313055722
6357,3178.5,618.6485734456503
6358,3179.0,607.7817186968038
6359,3179.5,597.2849833403311
6360,3180.0,587.1390705811533
6361,3180.5,577.3264233399558
6362,3181.0,567.8302916453259
6363,3181.5,558.6353282889186
6364,3182.0,549.7269268268234
6365,3182.5,541.0916110906813
6366,3183.0,532.7165881278495
6367,3183.5,524.5899754194489
6368,3184.0,516.7005216767715
6369,3184.5,509.03770944690626
6370,3185.0,501.59160387630016
6371,3185.5,494.35286304420566
6372,3186.0,487.31268087099164
6373,3186.5,480.46273288775427
6374,3187.0,473.79518461516903
6375,3187.5,467.30259645142087
6376,3188.0,460.9779732402289
6377,3188.5,454.8146484515929
6378,3189.0,448.8063544250696
6379,3189.5,442.94710295484117
6380,3190.0,437.2312589400652
6381,3190.5,431.65343180529
6382,3191.0,426.2085380974891
6383,3191.5,420.89171582203846
6384,3192.0,415.6983639640398
6385,3192.5,410.62408963696925
6386,3193.0,405.6647152167601
6387,3193.5,400.8162641237657
6388,3194.0,396.07493470684
6389,3194.5,391.43711749341435
6390,3195.0,386.89934732851896
6391,3195.5,382.45833872705725
6392,3196.0,378.11092881639377
6393,3196.5,373.85411865225313
6394,3197.0,369.6850177245662
6395,3197.5,365.6008810322007
6396,3198.0,361.5990641589943
6397,3198.5,357.6770476084608
6398,3199.0,353.83240990536194
6399,3199.5,350.06283219867726
6400,3200.0,346.3660954692621
6401,3200.5,342.74005974216476
6402,3201.0,339.18269026229484
6403,3201.5,335.6920068365384
6404,3202.0,332.2661427585554
6405,3202.5,328.90326084536
6406,3203.0,325.601647934
6407,3203.5,322.3595951015237
6408,3204.0,319.1755297069251
6409,3204.5,316.04785810115675
6410,3205.0,312.97513643564287
6411,3205.5,309.9558748916996
6412,3206.0,306.988746939867
6413,3206.5,304.0723591165553
6414,3207.0,301.205486611752
6415,3207.5,298.38683439653323
6416,3208.0,295.61526050548395
6417,3208.5,292.88956391166624
6418,3209.0,290.2086775004437
6419,3209.5,287.57148720248284
6420,3210.0,284.97699367017077
6421,3210.5,282.424163341553
6422,3211.0,279.91205835680995
6423,3211.5,277.43971973844305
6424,3212.0,275.00626554729985
6425,3212.5,272.61080593699756
6426,3213.0,270.25250995283386
6427,3213.5,267.9305518459008
6428,3214.0,265.6441472691303
6429,3214.5,263.3925299138853
6430,3215.0,261.17495816026224
6431,3215.5,258.9907208215518
6432,3216.0,256.83911556509685
6433,3216.5,254.7194823139842
6434,3217.0,252.63115497398826
6435,3217.5,250.57352084358936
6436,3218.0,248.54594736538328
6437,3218.5,246.54786573170944
6438,3219.0,244.57867452853998
6439,3219.5,242.63784559164355
6440,3220.0,240.72480653027898
6441,3220.5,238.83906678524102
6442,3221.0,236.98008111131094
6443,3221.5,235.14739371116113
6444,3222.0,233.34048482191375
6445,3222.5,231.55893074542996
6446,3223.0,229.80223572778138
6447,3223.5,228.07000567471064
6448,3224.0,226.36176753544746
6449,3224.5,224.67715448009932
6450,3225.0,223.01571500513978
6451,3225.5,222.20679782661395
6452,3226.0,221.65169866883477
6453,3226.5,221.0998775482989
6454,3227.0,220.55132771304798
6455,3227.5,220.00606912287157
6456,3228.0,219.46409668671555
6457,3228.5,218.92542863858142
6458,3229.0,218.39006140155365
6459,3229.5,217.85801162670336
6460,3230.0,217.32927711155412
6461,3230.5,216.80387306005147
6462,3231.0,216.28179851142627
6463,3231.5,215.76306735137953
6464,3232.0,215.24767973494974
6465,3232.5,214.73564835168096
6466,3233.0,214.22697435321055
6467,3233.5,213.72166934839166
6468,3234.0,213.2197353727456
6469,3234.5,212.72118306348852
6470,3235.0,212.2260152335932
6471,3235.5,211.73424165149962
6472,3236.0,211.2458658072458
6473,3236.5,210.7608966974234
6474,3237.0,210.2793383945206
6475,3237.5,209.8011992145555
6476,3238.0,209.32648372334035
6477,3238.5,208.8551996422381
6478,3239.0,208.38735194643584
6479,3239.5,207.92294784352836
6480,3240.0,207.46199263897103
6481,3240.5,207.00449310278796
6482,3241.0,206.5504547960923
6483,3241.5,206.09988412320297
6484,3242.0,205.65278683040975
6485,3242.5,205.20916902423588
6486,3243.0,204.76903656941371
6487,3243.5,204.33239533900897
6488,3244.0,203.8992512528276
6489,3244.5,203.46961001163478
6490,3245.0,203.04347752990398
6491,3245.5,202.6208593944844
6492,3246.0,202.20176145666912
6493,3246.5,201.78618924540467
6494,3247.0,201.37414849311344
6495,3247.5,200.96564472488987
6496,3248.0,200.56068350034317
6497,3248.5,200.1592703932087
6498,3249.0,199.76141073768878
6499,3249.5,199.36711020749388
6500,3250.0,198.97637385977973
6501,3250.5,198.58920751879631
6502,3251.0,198.20561591358552
6503,3251.5,197.82560506910946
6504,3252.0,197.44917933543243
6505,3252.5,197.0763449883692
6506,3253.0,196.70710594799877
6507,3253.5,196.3414687914355
6508,3254.0,195.97943695729177
6509,3254.5,195.62101737505563
6510,3255.0,195.2662129496178
6511,3255.5,194.91503101481976
6512,3256.0,194.56747388853833
6513,3256.5,194.22354936211184
6514,3257.0,193.88325911183216
6515,3257.5,193.546611441056
6516,3258.0,193.21360732845645
6517,3258.5,192.8842556454772
6518,3259.0,192.55855661552042
6519,3259.5,192.2365197358631
6520,3260.0,191.91814441527137
6521,3260.5,191.60344083634857
6522,3261.0,191.29240753210266
6523,3261.5,190.98505543171976
6524,3262.0,190.6813821295858
6525,3262.5,190.38139936444523
6526,3263.0,190.0851037275359
6527,3263.5,189.79250783174245
6528,3264.0,189.50360719911546
6529,3264.5,189.21841538268018
6530,3265.0,188.9369269571778
6531,3265.5,188.6591559153298
6532,3266.0,188.38509659483262
6533,3266.5,188.11476267396452
6534,3267.0,187.84814886504824
6535,3267.5,187.5852682463192
6536,3268.0,187.32611602665165
6537,3268.5,187.07070456091165
6538,3269.0,186.81902967777577
6539,3269.5,186.57110288443397
6540,3270.0,186.32692075326437
6541,3270.5,186.08649381922302
6542,3271.0,185.84981952215304
6543,3271.5,185.61690730081202
6544,3272.0,185.38775558523662
6545,3272.5,185.16237259557374
6546,3273.0,184.94075787272772
6547,3273.5,184.7229182984596
6548,3274.0,184.50885464201576
6549,3274.5,184.29857233084525
6550,3275.0,184.09207347553314
6551,3275.5,183.8893619384825
6552,3276.0,183.6904412787312
6553,3276.5,183.49531368957653
6554,3277.0,183.30398427818156
6555,3277.5,183.1164534729818
6556,3278.0,182.93272801980066
6557,3278.5,182.75280649653692
6558,3279.0,182.57669736721607
6559,3279.5,182.40439728553687
6560,3280.0,182.23591650026913
6561,3280.5,182.07124968135352
6562,3281.0,181.9104089136745
6563,3281.5,181.75338684021506
6564,3282.0,181.60019741583565
6565,3282.5,181.45083195767643
6566,3283.0,181.30530412782636
6567,3283.5,181.1636064518194
6568,3284.0,181.02575048254974
6569,3284.5,180.89173105771667
6570,3285.0,180.76155722407725
6571,3285.5,180.63522616792707
6572,3286.0,180.51274440718072
6573,3286.5,180.39411148472536
6574,3287.0,180.27933139706147
6575,3287.5,180.16840601988716
6576,3288.0,180.06133686928825
6577,3288.5,178.7472001201671
6578,3289.0,173.39622312952258
6579,3289.5,168.33664038468171
6580,3290.0,163.54352886982733
6581,3290.5,158.99519538344683
6582,3291.0,154.67189866500524
6583,3291.5,150.55640112246618
6584,3292.0,146.63291216859918
6585,3292.5,142.88749897506395
6586,3293.0,139.30744880752187
6587,3293.5,135.88136628295942
6588,3294.0,132.59889980969743
6589,3294.5,129.4506586220791
6590,3295.0,126.4281156278469
6591,3295.5,123.52348786272113
6592,3296.0,120.72967035722523
6593,3296.5,118.04018593966171
6594,3297.0,115.44904715892285
6595,3297.5,112.95084892989958
6596,3298.0,110.54048895182751
6597,3298.5,108.21345041604359
6598,3299.0,105.96533786865642
6599,3299.5,103.7923647782094
6600,3300.0,101.6907385292932
6601,3300.5,99.65723943587354
6602,3301.0,97.68861539600535
6603,3301.5,95.78208285681004
6604,3302.0,93.93485890255783
6605,3302.5,92.144515775298
6606,3303.0,90.4086722416284
6607,3303.5,88.72519356761056
6608,3304.0,87.0920429575037
6609,3304.5,85.50732969839989
6610,3305.0,83.96931234589668
6611,3305.5,82.47630601479929
6612,3306.0,81.02682213076034
6613,3306.5,79.61935192478718
6614,3307.0,78.2526226630986
6615,3307.5,76.92527861454279
6616,3308.0,75.63623044775447
6617,3308.5,74.3842575452157
6618,3309.0,73.16842548437609
6619,3309.5,71.98763480238418
6620,3310.0,70.84108094417732
6621,3310.5,69.72777465057172
6622,3311.0,68.64701586196867
6623,3311.5,67.597927012743
6624,3312.0,66.57988259136236
6625,3312.5,65.59211465402694
6626,3313.0,64.6340559142075
6627,3313.5,63.705036675434
6628,3314.0,62.80454117418649
6629,3314.5,61.931985572651506
6630,3315.0,61.08690000745053
6631,3315.5,60.26877562850437
6632,3316.0,59.477183706966905
6633,3316.5,58.71168081626858
6634,3317.0,57.971875311870164
6635,3317.5,57.25738071819125
6636,3318.0,56.56783906442153
6637,3318.5,55.902913227125275
6638,3319.0,55.26227611409845
6639,3319.5,54.645633012589805
6640,3320.0,54.052685540770945
6641,3320.5,53.48317490654949
6642,3321.0,52.93682992624545
6643,3321.5,56.71275281135743
6644,3322.0,62.217821537456096
6645,3322.5,68.87746264434185
6646,3323.0,77.09473013243519
6647,3323.5,87.48781876707432
6648,3324.0,101.05582171875024
6649,3324.5,119.52458610701001
6650,3325.0,146.15336519150614
6651,3325.5,187.92347963371154
6652,3326.0,262.96954311912623
6653,3326.5,437.66016748035065
6654,3327.0,1305.1433544677727
6655,3327.5,-1324.6188683367977
6656,3328.0,-438.5507102255028
6657,3328.5,-262.3763964331846
6658,3329.0,-186.91980781587085
6659,3329.5,-144.9827417794792
6660,3330.0,-118.26855849472993
6661,3330.5,-99.75220423212812
6662,3331.0,-86.15396382666273
6663,3331.5,-75.74195831447992
6664,3332.0,-67.51142968943746
6665,3332.5,-60.843305847616485
6666,3333.0,-55.33219482968256
6667,3333.5,-50.704536211096894
6668,3334.0,-46.76666756462158
6669,3334.5,-43.37985229242244
6670,3335.0,-40.44043704113566
6671,3335.5,-39.46933275673368
6672,3336.0,-41.724603837785075
6673,3336.5,-44.27806661974251
6674,3337.0,-47.186313610486955
6675,3337.5,-50.52210610552577
6676,3338.0,-54.381411753076165
6677,3338.5,-58.892501414200595
6678,3339.0,-64.23140292611356
6679,3339.5,-70.64557376769652
6680,3340.0,-78.49453420624816
6681,3340.5,-88.32084006773796
6682,3341.0,-100.98301241263647
6683,3341.5,-117.92539217321054
6684,3342.0,-141.77657616939752
6685,3342.5,-177.88333103279817
6686,3343.0,-239.02459531967148
6687,3343.5,-365.27099643335157
6688,3344.0,-779.8293924522816
6689,3344.5,5420.908357471694
6690,3345.0,600.8997441173912
6691,3345.5,316.54723186547085
6692,3346.0,214.102117901363
6693,3346.5,161.25933326894312
6694,3347.0,128.99645417437736
6695,3347.5,107.23282579997523
6696,3348.0,91.55251491540797
6697,3348.5,79.712582923519
6698,3349.0,70.452761084844
6699,3349.5,63.01357095249135
6700,3350.0,56.90530763265053
6701,3350.5,51.804193541649134
6702,3351.0,47.481922599588145
6703,3351.5,43.77763350092747
6704,3352.0,40.57195580839954
6705,3352.5,37.775622320471705
6706,3353.0,35.32106527089464
6707,3353.5,33.15465709330364
6708,3354.0,31.235594538504095
