0,0.0,-708.4772769794183
1,0.5,-804.2550376056967
2,1.0,-930.12264032289
3,1.5,-1102.8958420071622
4,2.0,-1354.77426512394
5,2.5,-1756.1983243927918
6,3.0,-2496.507357869256
7,3.5,-4318.163073841054
8,4.0,-16004.360306491932
9,4.5,9369.918935114682
10,5.0,3622.7521558076623
11,5.5,2244.9936981998644
12,6.0,1626.2205376302109
13,6.5,1274.7196327790914
14,7.0,1048.088939596904
15,7.5,889.832574406096
16,8.0,773.0688710901724
17,8.5,683.3759321962932
18,9.0,612.3209321690765
19,9.5,554.6449722813869
20,10.0,506.89706077974665
21,10.5,466.71978586436626
22,11.0,432.44701411662095
23,11.5,402.8685979669499
24,12.0,377.083779913971
25,12.5,354.40868868169423
26,13.0,334.31450948285095
27,13.5,316.38603955921485
28,14.0,300.2926916228851
29,14.5,285.7679756328384
30,15.0,272.5947328385257
31,15.5,260.5941711801266
32,16.0,249.61780826556034
33,16.5,239.54127764472366
34,17.0,230.25963228024162
35,17.5,221.68373392026703
36,18.0,213.7373047157011
37,18.5,206.35482845435686
38,19.0,199.47952173279646
39,19.5,193.0621922064052
40,20.0,187.05967951197687
41,20.5,181.43436918965318
42,21.0,176.15284761387838
43,21.5,171.18590097048775
44,22.0,166.50724210553122
45,22.5,162.0938491986859
46,23.0,157.92477363671767
47,23.5,153.98161094150754
48,24.0,150.24749017698457
49,24.5,146.7075139491045
50,25.0,143.34795517401716
51,25.5,140.1566221018606
52,26.0,137.1222447684906
53,26.5,134.23474404220607
54,27.0,131.4847940826049
55,27.5,128.86398141910567
56,28.0,189.0810051663337
57,28.5,363.31170778474825
58,29.0,4580.740286919567
59,29.5,-430.86760756892886
60,30.0,-205.23303580232337
61,30.5,-134.34299095205898
62,31.0,-99.5872024022288
63,31.5,-78.91230271764896
64,32.0,-65.17797667684584
65,32.5,-55.379991419493166
66,33.0,-48.02936851412359
67,33.5,-42.31005003239532
68,34.0,-37.731948303836795
69,34.5,-33.988936400177025
70,35.0,-30.875196583201003
71,35.5,-28.251451928014735
72,36.0,-26.017484661021225
73,36.5,-24.101257493437814
74,37.0,-22.448939815804962
75,37.5,-21.019856316836645
76,38.0,-19.782962192118735
77,38.5,-18.71394388232854
78,39.0,-17.79382020332394
79,39.5,-17.007568076931076
80,40.0,-16.343048502896618
81,40.5,-15.790625612732324
82,41.0,-15.34243625619721
83,41.5,-15.665351946296532
84,42.0,-16.18532217022494
85,42.5,-16.6914088018215
86,43.0,-17.17802388209625
87,43.5,-17.640301969790652
88,44.0,-18.072958586443306
89,44.5,-18.47148406711438
90,45.0,-18.831170431257434
91,45.5,-19.148013743282725
92,46.0,-19.418101302549342
93,46.5,-19.638129820867363
94,47.0,-19.805146188927765
95,47.5,-19.916756470439026
96,48.0,-19.971087699281394
97,48.5,-19.96683943846056
98,49.0,-19.903305742627577
99,49.5,-19.780408734976895
100,50.0,-19.59866227406008
101,50.5,-19.35927393254532
102,51.0,-19.063980002282257
103,51.5,-18.715283451790235
104,52.0,-18.31606540896268
105,52.5,-17.870114781348924
106,53.0,-17.396117679261398
107,53.5,-17.306190108266623
108,54.0,-17.247657989183757
109,54.5,-17.2202525275192
110,55.0,-17.223549974686062
111,55.5,-17.25709468290313
112,56.0,-17.320358337855748
113,56.5,-17.41275802461615
114,57.0,-17.533607170369237
115,57.5,-17.68222065503602
116,58.0,-17.85776520432564
117,58.5,-18.05939819843105
118,59.0,-18.286193442095296
119,59.5,-18.537158087439238
120,60.0,-18.811239865316796
121,60.5,-19.107331354744833
122,61.0,-19.424267984611706
123,61.5,-19.760799596768553
124,62.0,-20.1157017894145
125,62.5,-20.487572648688708
126,63.0,-20.87510458506765
127,63.5,-21.2768667670161
128,64.0,-21.691357857424507
129,64.5,-22.117197783365377
130,65.0,-22.552688239882237
131,65.5,-22.996453613829846
132,66.0,-23.446808505509026
133,66.5,-23.90220131280816
134,67.0,-24.36104868713935
135,67.5,-24.82163642826334
136,68.0,-25.282496521379958
137,68.5,-25.74178435742763
138,69.0,-26.198110335147827
139,69.5,-26.649651649912574
140,70.0,-27.094980515181945
141,70.5,-27.532383101667314
142,71.0,-27.960395169453214
143,71.5,-28.377422982776856
144,72.0,-28.782009380948608
145,72.5,-29.172678510632682
146,73.0,-29.548022377478834
147,73.5,-29.906683372980407
148,74.0,-30.247340455617866
149,74.5,-30.568758765804887
150,75.0,-30.869736019118207
151,75.5,-31.149169088622422
152,76.0,-31.405999698243917
153,76.5,-31.63926918294195
154,77.0,-31.8480823199861
155,77.5,-32.03163985007721
156,78.0,-32.40026418292741
157,78.5,-34.27509753225439
158,79.0,-36.37786224883873
159,79.5,-38.74616693866303
160,80.0,-41.427736411751965
161,80.5,-44.483761154462776
162,81.0,-47.994321727702385
163,81.5,-52.06541224304339
164,82.0,-56.84134249561873
165,82.5,-62.52189414944056
166,83.0,-69.39390683214839
167,83.5,-77.88109622565675
168,84.0,-88.64034231777698
169,84.5,-102.74234007767595
170,85.0,-122.0630349765539
171,85.5,-150.2101312343694
172,86.0,-195.11984157084174
173,86.5,-278.34162661213725
174,87.0,-486.03516588645215
175,87.5,-1937.8713034120274
176,88.0,966.5482516216213
177,88.5,384.9139268449026
178,89.0,239.39327392114794
179,89.5,173.13110168876628
180,90.0,135.18295111025603
181,90.5,110.55758350154238
182,91.0,93.26557894680313
183,91.5,80.43878892597739
184,92.0,70.53663919751675
185,92.5,62.653764833035645
186,93.0,56.227204303287294
187,93.5,50.885016634216136
188,94.0,46.375490337890135
189,94.5,42.51840644262968
190,95.0,39.18568225018494
191,95.5,36.27940743706812
192,96.0,33.72837930074211
193,96.5,31.47493407334676
194,97.0,29.476563164768695
195,97.5,27.697772424672674
196,98.0,26.111324785926797
197,98.5,24.694684764380657
198,99.0,23.429607148967385
199,99.5,22.301353661494307
200,100.0,21.297373530922552
201,100.5,20.40767660467511
202,101.0,19.623649569886467
203,101.5,18.93821848733367
204,102.0,18.345370247983123
205,102.5,17.840128848098576
206,103.0,17.418087572457356
207,103.5,17.075846955966743
208,104.0,17.470431034615977
209,104.5,18.013968316655603
210,105.0,18.552057804245607
211,105.5,19.080350273514373
212,106.0,19.59469232069067
213,106.5,20.090928724589965
214,107.0,20.56491181336503
215,107.5,21.012713629042125
216,108.0,21.430375978688794
217,108.5,21.81425792960552
218,109.0,22.160756662856357
219,109.5,22.466609797447354
220,110.0,22.72871148946728
221,110.5,22.94429446481469
222,111.0,23.110867933909592
223,111.5,23.22628713245013
224,112.0,23.288774085722075
225,112.5,23.296929270498023
226,113.0,23.249765421714315
227,113.5,23.146735610290992
228,114.0,22.987694761695618
229,114.5,22.7730393791518
230,115.0,22.50347593574215
231,115.5,22.180429215416616
232,116.0,21.80540043154159
233,116.5,21.38091586893976
234,117.0,20.909199315045836
235,117.5,20.62876896522499
236,118.0,20.90724153307144
237,118.5,21.28175661259268
238,119.0,21.75835103730482
239,119.5,22.344281272746244
240,120.0,23.04788185246481
241,120.5,23.87951058868485
242,121.0,24.851213068890136
243,121.5,25.977766632298838
244,122.0,27.2769048540418
245,122.5,28.770565608465017
246,123.0,30.485081445018114
247,123.5,32.453948651988064
248,124.0,34.71845171840639
249,124.5,37.33070578320023
250,125.0,40.358906394239625
251,125.5,43.88832768693495
252,126.0,48.03714367658716
253,126.5,52.95839655279977
254,127.0,58.87000651256195
255,127.5,66.07549255857505
256,128.0,75.02510652532575
257,128.5,86.40442303608812
258,129.0,99.00530444876655
259,129.5,112.03919736824017
260,130.0,128.21763247913205
261,130.5,148.8893181083537
262,131.0,176.30803108154794
263,131.5,214.53699980972877
264,132.0,271.75308225629277
265,132.5,367.1077561448667
266,133.0,558.7817333951617
267,133.5,1144.7712137394128
268,134.0,-35673.10663808993
269,134.5,-1089.4422712420153
270,135.0,-555.7281373933723
271,135.5,-373.77136724516686
272,136.0,-281.78541850170336
273,136.5,-226.1252741978568
274,137.0,-188.7253165086829
275,137.5,-161.79507560995984
276,138.0,-141.42581243006157
277,138.5,-125.44093039563215
278,139.0,-112.53037173485019
279,139.5,-101.86141489081673
280,140.0,-92.87706404526271
281,140.5,-85.1918634354718
282,141.0,-78.53143387633985
283,141.5,-72.69236171736436
284,142.0,-67.52568047717635
285,142.5,-62.913133225381124
286,143.0,-58.76774216862393
287,143.5,-55.016707848560614
288,144.0,-51.605310822449766
289,144.5,-48.48685369208181
290,145.0,-45.625161797115915
291,145.5,-42.98917344214114
292,146.0,-40.554079422466316
293,146.5,-38.298538029189935
294,147.0,-36.205147402380355
295,147.5,-34.258737851189096
296,148.0,-32.44703180747563
297,148.5,-30.758809710890997
298,149.0,-29.185532402027604
299,149.5,-27.7185091643946
300,150.0,-26.352033122960275
301,150.5,-25.07904391610393
302,151.0,-23.895717877049332
303,151.5,-22.796957029147677
304,152.0,-21.77945753496899
305,152.5,-20.839960958646746
306,153.0,-19.97544990518252
307,153.5,-19.183921112920935
308,154.0,-18.46296496459458
309,154.5,-17.811034193214326
310,155.0,-17.515664219932113
311,155.5,-17.7123403691558
312,156.0,-17.941612155631717
313,156.5,-18.202776263292122
314,157.0,-18.49503675003732
315,157.5,-18.817557125001816
316,158.0,-19.169405167589414
317,158.5,-19.549629937577716
318,159.0,-19.957229809593972
319,159.5,-20.391032818155495
320,160.0,-20.85001054371019
321,160.5,-21.332897608207904
322,161.0,-21.838449632276184
323,161.5,-22.365488454934702
324,162.0,-22.912417680637425
325,162.5,-23.47810855102506
326,163.0,-24.06097472397245
327,163.5,-24.659555823911074
328,164.0,-25.27243575349692
329,164.5,-25.89780100097239
330,165.0,-26.534363051306336
331,165.5,-27.1801488842716
332,166.0,-27.833758056454958
333,166.5,-28.49329451655366
334,167.0,-29.157096848894493
335,167.5,-29.823383423866137
336,168.0,-30.490277231168918
337,168.5,-31.15607734707291
338,169.0,-31.81874680649697
339,169.5,-32.47662726167108
340,170.0,-33.12758063763073
341,170.5,-33.76995567959556
342,171.0,-34.40156934171955
343,171.5,-35.02075023297981
344,172.0,-35.62531949307038
345,172.5,-36.21357037886819
346,173.0,-36.783367976908934
347,173.5,-37.33296876165244
348,174.0,-37.86031158190165
349,174.5,-38.36362835175984
350,175.0,-38.84095266002818
351,175.5,-39.290515967135306
352,176.0,-39.710461139638724
353,176.5,-40.09905219783527
354,177.0,-40.45455256971916
355,177.5,-40.77529711177978
356,178.0,-41.05968121897312
357,178.5,-41.30615044014952
358,179.0,-41.513246572300126
359,179.5,-41.67956424496367
360,180.0,-42.093156011409995
361,180.5,-43.75619368071168
362,181.0,-45.59239392022026
363,181.5,-47.62371800529869
364,182.0,-49.876776075320976
365,182.5,-52.38370797599199
366,183.0,-55.18401019892235
367,183.5,-58.326409540071026
368,184.0,-61.87198602877935
369,184.5,-65.89800424209963
370,185.0,-70.50389737083852
371,185.5,-75.81944671705728
372,186.0,-82.01758360164895
373,186.5,-89.33345457376983
374,187.0,-98.09552806351464
375,187.5,-108.77623800724677
376,188.0,-122.08119836711388
377,188.5,-139.1119171915512
378,189.0,-161.690195614993
379,189.5,-193.0586017208684
380,190.0,-239.60537556996604
381,190.5,-315.88862994262183
382,191.0,-463.85908371041205
383,191.5,-874.392538296088
384,192.0,-7771.13260851338
385,192.5,1124.2826092238486
386,193.0,523.2131889400493
387,193.5,340.4712974802881
388,194.0,252.04948957856666
389,194.5,199.89384033525687
390,195.0,165.47793857964717
391,195.5,141.06442253459247
392,196.0,122.84131972711349
393,196.5,108.7201811649966
394,197.0,97.45475042931858
395,197.5,88.26095880454788
396,198.0,80.61632164344296
397,198.5,74.163005918608
398,199.0,68.64495308226641
399,199.5,63.87630515033468
400,200.0,59.71737165715271
401,200.5,56.06229695684613
402,201.0,52.82869964874132
403,201.5,49.95200143386917
404,202.0,47.38065644791688
405,202.5,45.07314616154225
406,203.0,42.99567025566553
407,203.5,41.12044224408961
408,204.0,39.42441809454685
409,204.5,37.888435331640366
410,205.0,36.49623827973942
411,205.5,35.23432981560426
412,206.0,35.2113148070505
413,206.5,35.4655747714716
414,207.0,35.70671512198515
415,207.5,35.93405909233464
416,208.0,36.14702682502596
417,208.5,36.34502407387262
418,209.0,36.52752943056915
419,209.5,36.69403278504214
420,210.0,36.84408167264511
421,210.5,36.977251963060965
422,211.0,37.093168962256
423,211.5,37.19149654650108
424,212.0,37.271944825669095
425,212.5,37.33426780340863
426,213.0,37.37826555756688
427,213.5,37.40378433507465
428,214.0,37.41071742407424
429,214.5,37.399005347944446
430,215.0,37.36863587423828
431,215.5,37.31964571894892
432,216.0,37.25211636082001
433,216.5,37.166182529043816
434,217.0,37.0620165275367
435,217.5,36.93985290080631
436,218.0,36.799949684607945
437,218.5,36.642643142739715
438,219.0,36.46826966160234
439,219.5,36.27726660866799
440,220.0,36.07004728999575
441,220.5,35.84714015952029
442,221.0,35.60903892165545
443,221.5,35.35634917607558
444,222.0,35.08964752835822
445,222.5,34.809602685672445
446,223.0,34.51687704708539
447,223.5,34.21218564729122
448,224.0,33.896280733058255
449,224.5,33.56990467946531
450,225.0,33.233904355525766
451,225.5,32.889029070514496
452,226.0,32.53621732455709
453,226.5,32.17622796430452
454,227.0,31.810047422296904
455,227.5,31.438504628191016
456,228.0,31.06255767933067
457,228.5,30.683128704579573
458,229.0,30.301126052851394
459,229.5,29.91756732778636
460,230.0,29.53329379682863
461,230.5,29.14937846516654
462,231.0,28.85250922673721
463,231.5,29.28833275318273
464,232.0,29.776668974373198
465,232.5,30.319161742935254
466,233.0,30.917537943125296
467,233.5,31.573808849909444
468,234.0,32.290122266741875
469,234.5,33.068909731413314
470,235.0,33.91282847947491
471,235.5,34.82492807910691
472,236.0,35.80839194413353
473,236.5,36.867073073330765
474,237.0,38.00500509774572
475,237.5,39.226829930799006
476,238.0,40.537841515968175
477,238.5,41.94358644401216
478,239.0,43.45101371316776
479,239.5,45.06704754109631
480,240.0,46.800477148128955
481,240.5,48.660528535398264
482,241.0,50.65806632723176
483,241.5,52.80558577944864
484,242.0,55.11679062450755
485,242.5,57.60866909657855
486,243.0,60.298961666478924
487,243.5,63.21078985378764
488,244.0,66.36818802640556
489,244.5,69.80253617680945
490,245.0,73.54779129378744
491,245.5,77.64725147163526
492,246.0,82.15005173715588
493,246.5,87.11814087854606
494,247.0,92.62452516481986
495,247.5,98.7615704691781
496,248.0,105.64171360978168
497,248.5,113.40947642784586
498,249.0,122.24646551337037
499,249.5,132.3924485086956
500,250.0,144.1598405694111
501,250.5,157.97713877528787
502,251.0,174.42931812124422
503,251.5,194.36214660648093
504,252.0,219.00799985237038
505,252.5,250.28892242493512
506,253.0,291.2953365057618
507,253.5,347.45272062506876
508,254.0,429.06479540715577
509,254.5,558.6280292778634
510,255.0,796.0691544508562
511,255.5,1372.769103649534
512,256.0,4840.31106871415
513,256.5,-3029.742995763313
514,257.0,-1064.8702659659302
515,257.5,-647.7857054241388
516,258.0,-466.0737097093393
517,258.5,-364.168867257322
518,259.0,-298.83045953095916
519,259.5,-253.28491279963367
520,260.0,-219.6560128646983
521,260.5,-193.7580364885232
522,261.0,-173.16070945510734
523,261.5,-156.3574902158359
524,262.0,-142.3619415712643
525,262.5,-130.5056903295466
526,263.0,-120.31513392486676
527,263.5,-111.44911751592008
528,264.0,-103.65360024399375
529,264.5,-96.7357747456914
530,265.0,-90.54852952216838
531,265.5,-84.97385237957866
532,266.0,-79.92174740122142
533,266.5,-75.31557144804862
534,267.0,-71.09737322905555
535,267.5,-67.21584472724503
536,268.0,-63.631446225745705
537,268.5,-60.308964905410505
538,269.0,-57.22042978016136
539,269.5,-54.34105654328265
540,270.0,-51.650516974064374
541,270.5,-49.13093544488538
542,271.0,-46.767298955134606
543,271.5,-44.546351199235644
544,272.0,-42.456975792745745
545,272.5,-40.48899233035999
546,273.0,-38.63428971018357
547,273.5,-36.88469977740261
548,274.0,-35.234529980562925
549,274.5,-33.67689014111242
550,275.0,-32.20792698354443
551,275.5,-30.822019292533373
552,276.0,-29.51614521106616
553,276.5,-28.286378121242084
554,277.0,-27.129702592454343
555,277.5,-26.04377855487605
556,278.0,-25.02552092817413
557,278.5,-24.07353395819274
558,279.0,-23.185647797667265
559,279.5,-22.360221306130114
560,280.0,-21.59604567496296
561,280.5,-20.89159237719775
562,281.0,-20.245933927326547
563,281.5,-19.658113774972684
564,282.0,-19.127145741309658
565,282.5,-19.25593285112329
566,283.0,-19.63016867886153
567,283.5,-20.05639224221962
568,284.0,-20.5351963400018
569,284.5,-21.067278668464578
570,285.0,-21.653292854174357
571,285.5,-22.294186997305058
572,286.0,-22.99089434601081
573,286.5,-23.74434499337353
574,287.0,-24.555968879747805
575,287.5,-25.42695282499632
576,288.0,-26.358833331180907
577,288.5,-27.353619642742416
578,289.0,-28.412725498942542
579,289.5,-29.538864892055386
580,290.0,-30.73435644167695
581,290.5,-32.001783164941784
582,291.0,-33.34490420408665
583,291.5,-34.76630353984799
584,292.0,-36.27100823225048
585,292.5,-37.862873452971826
586,293.0,-39.54740155374388
587,293.5,-41.33037560085708
588,294.0,-43.21812467453754
589,294.5,-45.21874536748737
590,295.0,-47.339937101064955
591,295.5,-49.59261732703967
592,296.0,-51.98665557859759
593,296.5,-54.536516262156916
594,297.0,-57.25540165081512
595,297.5,-60.162423262860614
596,298.0,-63.27582473645033
597,298.5,-66.62109715290724
598,299.0,-70.22410311817036
599,299.5,-74.11952763147767
600,300.0,-78.3448877672263
601,300.5,-82.94878230010043
602,301.0,-87.98699687852105
603,301.5,-93.53026537056165
604,302.0,-99.66408526798041
605,302.5,-106.49634639810932
606,303.0,-114.163362530929
607,303.5,-122.83935627491105
608,304.0,-132.75349857495766
609,304.5,-144.20770218893182
610,305.0,-157.61618977724
611,305.5,-173.55194378182696
612,306.0,-192.84334678182702
613,306.5,-216.7216921160872
614,307.0,-247.10896003501745
615,307.5,-294.4564370024405
616,308.0,-394.6064751528883
617,308.5,-598.3237637710536
618,309.0,-1240.6828836914558
619,309.5,15797.05508631872
620,310.0,1065.705630993524
621,310.5,549.2788611506853
622,311.0,368.7465582840134
623,311.5,276.7188436770799
624,312.0,220.83803156913106
625,312.5,183.25838956384604
626,313.0,156.21423005083633
627,313.5,135.79520668745656
628,314.0,119.8118906660131
629,314.5,106.9456232682392
630,315.0,96.35481757639516
631,315.5,87.4755800922789
632,316.0,79.91867410565665
633,316.5,73.40359207284605
634,317.0,67.72656442551983
635,317.5,62.73281092099462
636,318.0,58.30557248846049
637,318.5,54.35296948297271
638,319.0,50.80316268073215
639,319.5,47.59878174474672
640,320.0,44.692865044699694
641,320.5,42.04842513555093
642,321.0,39.633032302983594
643,321.5,37.422379752735665
644,322.0,35.39319302895232
645,322.5,33.528793729763784
646,323.0,31.813040856549346
647,323.5,30.233167340210656
648,324.0,28.778339316034607
649,324.5,27.438358653865457
650,325.0,26.205823446697984
651,325.5,25.073255477287876
652,326.0,24.03470274673886
653,326.5,23.085084029743093
654,327.0,22.219507605982947
655,327.5,21.434304209104305
656,328.0,20.72596886994508
657,328.5,20.091423939572035
658,329.0,19.52815452399642
659,329.5,19.03382921380581
660,330.0,18.60648107860142
661,330.5,18.244316297650414
662,331.0,17.945821123169747
663,331.5,17.70963752094182
664,332.0,17.53449608516655
665,332.5,17.50120468731265
666,333.0,18.5877567781003
667,333.5,19.79871361596593
668,334.0,21.143713773510214
669,334.5,22.636464316740568
670,335.0,24.290929372983374
671,335.5,26.127209123572904
672,336.0,28.167793010142336
673,336.5,30.441888074428952
674,337.0,32.98605709282708
675,337.5,35.84566933963302
676,338.0,39.080994779893324
677,338.5,42.76765464934625
678,339.0,47.00932519650098
679,339.5,51.94216505196485
680,340.0,57.75823838591153
681,340.5,64.7271358528287
682,341.0,73.24705784194919
683,341.5,83.92717974033572
684,342.0,97.74507050947764
685,342.5,116.38957731581719
686,343.0,143.01148379613142
687,343.5,184.3218777958088
688,344.0,257.42432408456045
689,344.5,423.05224840676004
690,345.0,1167.0699546774847
691,345.5,-1557.098304693981
692,346.0,-467.43138326563314
693,346.5,-274.694479600169
694,347.0,-194.1309769321131
695,347.5,-149.75266332264437
696,348.0,-121.5731928870312
697,348.5,-102.03232938043473
698,349.0,-87.64774336889566
699,349.5,-76.58706029817799
700,350.0,-67.79614071226854
701,350.5,-60.62756460146195
702,351.0,-54.65719060333425
703,351.5,-49.60293349900366
704,352.0,-45.26095690305076
705,352.5,-41.49087597300319
706,353.0,-38.182811199702066
707,353.5,-35.25952818551559
708,354.0,-32.65697975590167
709,354.5,-30.329592990060867
710,355.0,-28.237607375264467
711,355.5,-26.352970414237312
712,356.0,-24.64961567011937
713,356.5,-23.10975955902133
714,357.0,-21.71592226068749
715,357.5,-20.456169181136158
716,358.0,-19.31895564558417
717,358.5,-18.29571452890686
718,359.0,-18.636529853568064
719,359.5,-19.103048695295875
720,360.0,-19.653432339045
721,360.5,-20.292542057715593
722,361.0,-21.025767780017524
723,361.5,-21.859732079846214
724,362.0,-22.802185731714836
725,362.5,-23.862503348052392
726,363.0,-25.05164107025766
727,363.5,-26.383272802523642
728,364.0,-27.87345233233479
729,364.5,-29.542169665406053
730,365.0,-31.41395526106919
731,365.5,-33.51871845707177
732,366.0,-35.895208712867344
733,366.5,-38.590350358960386
734,367.0,-41.66725736076287
735,367.5,-45.20541740679934
736,368.0,-49.312515472887945
737,368.5,-54.13288251259937
738,369.0,-59.867260207710736
739,369.5,-66.80278936828347
740,370.0,-75.36151480926092
741,370.5,-86.19784610626537
742,371.0,-100.36837956705011
743,371.5,-119.7215613159786
744,372.0,-147.7663885935981
745,372.5,-192.15094082016938
746,373.0,-273.15885836566184
747,373.5,-468.5982646155722
748,374.0,-1609.4523248897738
749,374.5,1135.8241646141669
750,375.0,421.30009274655197
751,375.5,258.9868257293506
752,376.0,187.07232927908225
753,376.5,146.43002961017817
754,377.0,120.27368764630783
755,377.5,102.00741149755811
756,378.0,88.51466464646205
757,378.5,78.13082687323616
758,379.0,69.88582251978217
759,379.5,63.177155229682064
760,380.0,57.60976003127139
761,380.5,52.91535996474748
762,381.0,48.90399360537209
763,381.5,45.438936920257866
764,382.0,42.417980771840284
765,382.5,39.764501131456036
766,383.0,37.418911196299014
767,383.5,35.3351309700843
768,384.0,33.95207529912467
769,384.5,33.733469228865786
770,385.0,33.50146546162438
771,385.5,33.256890311276436
772,386.0,33.00056407750301
773,386.5,32.733370349209125
774,387.0,32.45617316890963
775,387.5,32.1699012517752
776,388.0,31.875454298667094
777,388.5,31.57379343289706
778,389.0,31.265846575298625
779,389.5,30.95259440613707
780,390.0,30.634986050952442
781,390.5,30.31400928050349
782,391.0,29.990627492192672
783,391.5,29.66582404639546
784,392.0,29.34056934470211
785,392.5,29.01583239382199
786,393.0,28.692582567765722
787,393.5,28.37176666497039
788,394.0,28.054343878383282
789,394.5,27.741233415723073
790,395.0,27.43337382268613
791,395.5,27.13165394959503
792,396.0,26.836979986719545
793,396.5,26.550210094453632
794,397.0,26.272205630262768
795,397.5,26.00379542290701
796,398.0,27.191766378690865
797,398.5,29.078826048542005
798,399.0,31.26026054319932
799,399.5,33.79801444323531
800,400.0,36.77562533419425
801,400.5,40.30736474327992
802,401.0,44.55442247160189
803,401.5,49.75064306563776
804,402.0,56.24857931477769
805,402.5,64.60539823542945
806,403.0,75.75456074255662
807,403.5,91.38945640404592
808,404.0,114.92752751997513
809,404.5,154.45978226949634
810,405.0,234.8621077435666
811,405.5,488.25837276264366
812,406.0,-6285.8541873817585
813,406.5,-422.30740005938503
814,407.0,-218.20849345362043
815,407.5,-146.89512931097033
816,408.0,-110.54055849174203
817,408.5,-88.47432209536503
818,409.0,-73.63879263097131
819,409.5,-63.74148821700417
820,410.0,-64.2592759479735
821,410.5,-64.80490826262267
822,411.0,-65.37908142600922
823,411.5,-65.98226788617546
824,412.0,-66.6152128026669
825,412.5,-67.27848682213008
826,413.0,-67.97288032562892
827,413.5,-68.69907370825452
828,414.0,-69.45791198898394
829,414.5,-70.25019636334552
830,415.0,-71.07683960888626
831,415.5,-71.9387745740766
832,416.0,-72.83699891615424
833,416.5,-73.77258821401962
834,417.0,-74.7466464479561
835,417.5,-75.76040378489827
836,418.0,-76.81509667451607
837,418.5,-77.91212320623598
838,419.0,-79.05288540099072
839,419.5,-80.23895961731823
840,420.0,-81.47195645977324
841,420.5,-82.75364615847383
842,421.0,-84.08588783395109
843,421.5,-85.47068525350275
844,422.0,-86.91017499903735
845,422.5,-88.40664794003779
846,423.0,-89.96255420897255
847,423.5,-91.58053545340563
848,424.0,-93.26340083782117
849,424.5,-95.01421879079383
850,425.0,-96.83621523880637
851,425.5,-98.73297668879927
852,426.0,-100.70821948839482
853,426.5,-102.76614319352703
854,427.0,-104.91109579096448
855,427.5,-107.1479706553847
856,428.0,-109.48190747820965
857,428.5,-111.91863093724535
858,429.0,-114.46425763063067
859,429.5,-117.1255254406052
860,430.0,-119.90976014578534
861,430.5,-122.82494986883658
862,431.0,-125.87992626551333
863,431.5,-129.08423918396784
864,432.0,-132.44861029832177
865,432.5,-135.9845645041139
866,433.0,-139.70521805069853
867,433.5,-143.6246255371303
868,434.0,-147.75895689960495
869,434.5,-152.1255920219681
870,435.0,-156.74459814534663
871,435.5,-161.6378166126548
872,436.0,-166.83038323022564
873,436.5,-172.35010724029095
874,437.0,-178.2289403667409
875,437.5,-184.50277480524898
876,438.0,-191.2129023650799
877,438.5,-198.40638018159032
878,439.0,-206.1375733799944
879,439.5,-214.46931305546198
880,440.0,-223.4747104917801
881,440.5,-233.23947046132758
882,441.0,-243.86434472342305
883,441.5,-255.46922829888467
884,442.0,-268.1969781097163
885,442.5,-282.2204532451645
886,443.0,-297.7491792335526
887,443.5,-315.0416391163463
888,444.0,-334.41796264616187
889,444.5,-356.2824311361709
890,445.0,-381.14951567701615
891,445.5,-409.6883128021697
892,446.0,-442.7804341295669
893,446.5,-481.6173236338603
894,447.0,-527.842960559469
895,447.5,-583.7984108057583
896,448.0,-652.9272817067849
897,448.5,-740.5196594453865
898,449.0,-855.1324062530418
899,449.5,-1011.580664698841
900,450.0,-1237.928858909889
901,450.5,-1594.5786020145226
902,451.0,-2239.674972325444
903,451.5,-3761.1679132468953
904,452.0,-11731.89655964587
905,452.5,10476.770211898978
906,453.0,3620.325852499592
907,453.5,2187.7034630087314
908,454.0,1567.0845428527257
909,454.5,1220.507297739521
910,455.0,999.2574790420722
911,455.5,845.7417723015203
912,456.0,732.968876413934
913,456.5,646.6063321923974
914,457.0,578.3398111454356
915,457.5,523.0124824696885
916,458.0,477.2584160081269
917,458.5,438.78469812373
918,459.0,405.9782074898332
919,459.5,377.6681087717227
920,460.0,352.9871538694157
921,460.5,331.27598343167335
922,461.0,312.0278137179105
923,461.5,294.8431592852387
924,462.0,279.4065369708565
925,462.5,267.21349838382656
926,463.0,272.2856321845808
927,463.5,277.5810158419369
928,464.0,283.1133152178723
929,464.5,288.89798093941386
930,465.0,294.95131070690974
931,465.5,301.2915237875378
932,466.0,307.9381674468283
933,466.5,314.91292087873865
934,467.0,322.23938187932544
935,467.5,329.94359624397356
936,468.0,338.0542651163801
937,468.5,346.60300473690546
938,469.0,355.6250224965187
939,469.5,365.15912537418586
940,470.0,375.24892456491284
941,470.5,385.94263181058597
942,471.0,397.2948713721961
943,471.5,409.36633715696985
944,472.0,422.22631868864306
945,472.5,435.9524013740069
946,473.0,450.63361179679265
947,473.5,466.37087973027155
948,474.0,483.2805612095601
949,474.5,501.49626583649797
950,475.0,521.1731587583613
951,475.5,542.4917471635597
952,476.0,565.6637694270325
953,476.5,590.9389911159553
954,477.0,618.6141779766614
955,477.5,649.0448646867487
956,478.0,682.6603075701332
957,478.5,719.9841251236738
958,479.0,761.6611563263979
959,479.5,808.4952701957226
960,480.0,861.5011347323576
961,480.5,921.9783736068881
962,481.0,991.6193437408567
963,481.5,1072.6688909079535
964,482.0,1168.1711035082235
965,482.5,1282.357936063166
966,483.0,1421.2935363732543
967,483.5,1593.9835345205643
968,484.0,1814.4071372218211
969,484.5,2105.498993160232
970,485.0,2507.686904754076
971,485.5,3099.5081283644677
972,486.0,4056.332011043813
973,486.5,5866.182517863601
974,487.0,10586.358808924468
975,487.5,54021.96696538189
976,488.0,-17429.68227160948
977,488.5,-7508.214367462368
978,489.0,-4786.466815868735
979,489.5,-3514.028544950397
980,490.0,-2776.753316089308
981,490.5,-2295.710868698404
982,491.0,-1957.1311209506262
983,491.5,-1705.9067937484047
984,492.0,-1512.1109979641733
985,492.5,-1358.0836414173668
986,493.0,-1232.733278088498
987,493.5,-1128.7425422070219
988,494.0,-1041.0873719764388
989,494.5,-966.2066210372562
990,495.0,-901.501905027858
991,495.5,-845.0375250443437
992,496.0,-795.3365158073995
993,496.5,-751.2582756746611
994,497.0,-711.9016220277426
995,497.5,-676.5518467492866
996,498.0,-644.627947389567
997,498.5,-615.659622458149
998,499.0,-589.2557002392958
999,499.5,-565.0939784567439
1000,500.0,-542.9017004018207
1001,500.5,-522.4506819247524
1002,501.0,-503.54502031190617
1003,501.5,-486.0185662506195
1004,502.0,-469.727060357046
1005,502.5,-454.5466153056693
1006,503.0,-440.36871427363985
1007,503.5,-427.09906179269547
1008,504.0,-414.65451472852783
1009,504.5,-402.9619967763844
1010,505.0,-391.95677905520444
1011,505.5,-381.5813216525651
1012,506.0,-371.78451954911316
1013,506.5,-362.5204207626474
1014,507.0,-353.74817255101175
1015,507.5,-345.4306100908448
1016,508.0,-337.534712465344
1017,508.5,-330.03007847901716
1018,509.0,-322.88975028975767
1019,509.5,-316.0886041348875
1020,510.0,-309.60443185819446
1021,510.5,-303.41627936769305
1022,511.0,-297.50569863947203
1023,511.5,-291.85506851508904
1024,512.0,-286.4489455562645
1025,512.5,-281.27240187940436
1026,513.0,-276.31241465749906
1027,513.5,-271.55625483531236
1028,514.0,-235.538099607385
1029,514.5,-206.6785668992385
1030,515.0,-184.04413765302743
1031,515.5,-165.78963372251016
1032,516.0,-150.73447832995888
1033,516.5,-138.08812279974728
1034,517.0,-127.30074679070866
1035,517.5,-117.97922651485153
1036,518.0,-109.83366891473624
1037,518.5,-102.6472889382268
1038,519.0,-96.25296554272825
1039,519.5,-90.52176155682075
1040,520.0,-85.35059252901829
1041,520.5,-80.65826241376404
1042,521.0,-76.3776913765954
1043,521.5,-72.45546571487164
1044,522.0,-68.8459622073015
1045,522.5,-65.51286613004237
1046,523.0,-62.42393844891775
1047,523.5,-59.553899745434514
1048,524.0,-56.87916546067263
1049,524.5,-54.381780293648504
1050,525.0,-52.04421033376474
1051,525.5,-49.85321771339226
1052,526.0,-47.7957797042631
1053,526.5,-45.861719410344584
1054,527.0,-44.041403077607505
1055,527.5,-42.326736837339254
1056,528.0,-40.710664325146055
1057,528.5,-39.18652915974346
1058,529.0,-37.749257453101656
1059,529.5,-36.39323138497273
1060,530.0,-35.114699403509846
1061,530.5,-33.90939246824835
1062,531.0,-32.77400152034146
1063,531.5,-31.705493567736
1064,532.0,-30.700903548625206
1065,532.5,-29.758062202221947
1066,533.0,-28.8745389488424
1067,533.5,-28.048529697370608
1068,534.0,-27.27826278192679
1069,534.5,-26.56209794604304
1070,535.0,-25.898733177147506
1071,535.5,-25.286839546918312
1072,536.0,-24.72532766083554
1073,536.5,-24.213168690136186
1074,537.0,-23.74946907372652
1075,537.5,-23.33338267292931
1076,538.0,-22.96418786857217
1077,538.5,-22.64121410919487
1078,539.0,-23.279794991899852
1079,539.5,-24.230921387273654
1080,540.0,-25.271613778986293
1081,540.5,-26.40714229311746
1082,541.0,-27.64392337987573
1083,541.5,-28.989621839000755
1084,542.0,-30.452272092361643
1085,542.5,-32.042804467881176
1086,543.0,-33.772113452949824
1087,543.5,-35.6550220297796
1088,544.0,-37.70742679721324
1089,544.5,-39.949314700364106
1090,545.0,-42.40417292279324
1091,545.5,-45.10010674330106
1092,546.0,-48.0721359152635
1093,546.5,-51.36163966257164
1094,547.0,-55.02199218293008
1095,547.5,-59.117204390464785
1096,548.0,-63.731655708726215
1097,548.5,-68.97000932983376
1098,549.0,-74.97299598916264
1099,549.5,-81.92353231812459
1100,550.0,-90.07450679990811
1101,550.5,-99.77437017833012
1102,551.0,-111.52715832901518
1103,551.5,-126.08106927101696
1104,552.0,-144.60215027953635
1105,552.5,-169.0127451553475
1106,553.0,-202.71288843462665
1107,553.5,-252.36623275729085
1108,554.0,-332.9801455471322
1109,554.5,-487.0943479760397
1110,555.0,-900.7201113911416
1111,555.5,-5786.850932596841
1112,556.0,1314.025389147319
1113,556.5,590.6125359226195
1114,557.0,380.89275331084156
1115,557.5,280.93155666227216
1116,558.0,222.34758240286922
1117,558.5,183.79577795179233
1118,559.0,156.46160998530254
1119,559.5,136.03867782628882
1120,560.0,120.17969192590306
1121,560.5,107.48929378418049
1122,561.0,97.09297474303062
1123,561.5,88.40893029727668
1124,562.0,81.03967920457475
1125,562.5,74.70146864966235
1126,563.0,69.18807622449776
1127,563.5,64.34558206389067
1128,564.0,60.05630596529098
1129,564.5,56.23015793240612
1130,565.0,55.21735547877445
1131,565.5,55.02122287352092
1132,566.0,54.83379863237436
1133,566.5,54.65513450661087
1134,567.0,54.485155668091124
1135,567.5,54.323908731855944
1136,568.0,54.171320725376575
1137,568.5,54.02742791142114
1138,569.0,53.89216302518178
1139,569.5,53.76554901152096
1140,570.0,53.64752615444233
1141,570.5,53.5381029376544
1142,571.0,53.43722743947392
1143,571.5,53.34489396063942
1144,572.0,53.26105741044203
1145,572.5,53.18569923522247
1146,573.0,53.118779358547236
1147,573.5,53.060268412531514
1148,574.0,53.01012898711546
1149,574.5,52.96832334721235
1150,575.0,52.93481415735127
1151,575.5,52.90955789966891
1152,576.0,52.892514729138696
1153,576.5,52.883637833487875
1154,577.0,52.88288251016545
1155,577.5,52.89020080779961
1156,578.0,52.905541972381094
1157,578.5,52.92885646404208
1158,579.0,52.96008911062131
1159,579.5,52.999186606325786
1160,580.0,53.046091712312936
1161,580.5,53.10074547433961
1162,581.0,53.163090157720106
1163,581.5,53.23306010749137
1164,582.0,53.310597836534406
1165,582.5,53.39563189992717
1166,583.0,53.488101652631784
1167,583.5,53.58793418421233
1168,584.0,53.69506261496681
1169,584.5,53.809414387274
1170,585.0,53.930916512299255
1171,585.5,54.059495761040516
1172,586.0,54.19507466915513
1173,586.5,54.3375775197528
1174,587.0,54.48692458048611
1175,587.5,54.64303571579864
1176,588.0,54.805829999681265
1177,588.5,54.97522418814906
1178,589.0,55.15113381147261
1179,589.5,55.333475579685036
1180,590.0,55.522158347990505
1181,590.5,55.717102358850106
1182,591.0,55.918206421003745
1183,591.5,56.125393905558504
1184,592.0,56.338562493484574
1185,592.5,56.55762825081752
1186,593.0,56.78249390393228
1187,593.5,57.013064617382774
1188,594.0,57.24925213840171
1189,594.5,57.49094705666405
1190,595.0,57.73807414495296
1191,595.5,57.990505780923826
1192,596.0,58.248176928010786
1193,596.5,58.51095852919139
1194,597.0,58.77877634784406
1195,597.5,59.051511961220285
1196,598.0,59.32907535443819
1197,598.5,59.611363073730494
1198,599.0,59.89826674374725
1199,599.5,60.1897006331113
1200,600.0,60.485535819861624
1201,600.5,60.78570661876978
1202,601.0,61.090061838757144
1203,601.5,61.3985557618668
1204,602.0,61.71101945400721
1205,602.5,62.027415311053886
1206,603.0,62.34758015888661
1207,603.5,62.67146291019677
1208,604.0,62.99891371946262
1209,604.5,63.32986814207504
1210,605.0,63.6641895934535
1211,605.5,64.00180098695894
1212,606.0,64.34257832986938
1213,606.5,64.68643320835251
1214,607.0,65.03325294470785
1215,607.5,65.38293971269856
1216,608.0,65.73539026826408
1217,608.5,66.09049987876502
1218,609.0,66.44817225991792
1219,609.5,66.8082988527666
1220,610.0,67.17078728659074
1221,610.5,67.53552880558007
1222,611.0,67.90243136138746
1223,611.5,68.27139014875927
1224,612.0,68.6423093392932
1225,612.5,69.01509270638327
1226,613.0,69.38963606712215
1227,613.5,69.76585684011842
1228,614.0,70.14363748527425
1229,614.5,70.52291452520674
1230,615.0,70.90355167917795
1231,615.5,71.1690162475814
1232,616.0,69.31440127948831
1233,616.5,67.49434203183908
1234,617.0,65.70818751857138
1235,617.5,63.954803282272096
1236,618.0,62.233714784623984
1237,618.5,60.544203678128284
1238,619.0,58.88584082013923
1239,619.5,57.258276564949774
1240,620.0,55.66115103318307
1241,620.5,54.094329476015375
1242,621.0,52.55758347519763
1243,621.5,51.05087318484422
1244,622.0,49.57414736102642
1245,622.5,48.12737635859883
1246,623.0,46.7107097441556
1247,623.5,45.32407860466239
1248,624.0,43.96783228973578
1249,624.5,42.641846564494166
1250,625.0,41.346645033013566
1251,625.5,40.08206179657077
1252,626.0,38.84874738137936
1253,626.5,37.646531992163794
1254,627.0,36.47612893644217
1255,627.5,35.337419008074725
1256,628.0,34.231104325429
1257,628.5,33.15717856617518
1258,629.0,32.11625737911409
1259,629.5,31.108507463274357
1260,630.0,30.134390851138367
1261,630.5,29.194294906341593
1262,631.0,28.288478574054402
1263,631.5,27.417575251615958
1264,632.0,26.581617593058468
1265,632.5,25.781428406122362
1266,633.0,25.016978481091158
1267,633.5,24.289014746482167
1268,634.0,23.597752751898252
1269,634.5,22.94362197096985
1270,635.0,22.3270970320673
1271,635.5,21.74837507217016
1272,636.0,21.208020178905457
1273,636.5,20.706271123423303
1274,637.0,20.243526460846063
1275,637.5,19.820116265267398
1276,638.0,19.43632627334033
1277,638.5,19.092470410409668
1278,639.0,18.78881089985717
1279,639.5,18.52559703654884
1280,640.0,18.303017948716043
1281,640.5,18.121321191808565
1282,641.0,18.230418768176765
1283,641.5,19.215722541037238
1284,642.0,20.3160062492376
1285,642.5,21.540786571652063
1286,643.0,22.900774171763537
1287,643.5,24.41062274685797
1288,644.0,26.085719737628324
1289,644.5,27.94806147906226
1290,645.0,30.021817236896098
1291,645.5,32.339805285514196
1292,646.0,34.9411270858523
1293,646.5,37.87755329056441
1294,647.0,41.21433131567997
1295,647.5,45.03863916600001
1296,648.0,49.46540869545291
1297,648.5,54.65353342807598
1298,649.0,60.82298205980912
1299,649.5,68.29505511575822
1300,650.0,77.54564371349352
1301,650.5,89.32868941683465
1302,651.0,104.88459403032391
1303,651.5,126.45100017057192
1304,652.0,158.44514773965497
1305,652.5,211.08256213453632
1306,653.0,314.3303290983104
1307,653.5,610.7831506611205
1308,654.0,10037.992380313131
1309,654.5,-695.8828670678662
1310,655.0,-335.7727206918846
1311,655.5,-220.7747108290358
1312,656.0,-164.03443327463
1313,656.5,-130.1332444588313
1314,657.0,-107.53769209286581
1315,657.5,-91.35462522850104
1316,658.0,-79.16822352389863
1317,658.5,-69.63715204981419
1318,659.0,-61.9657740859378
1319,659.5,-55.6465658146651
1320,660.0,-50.344547447779696
1321,660.5,-45.82766043343555
1322,661.0,-41.931226718839135
1323,661.5,-38.53503194451516
1324,662.0,-35.54918348704075
1325,662.5,-32.90554246052164
1326,663.0,-30.551417759683126
1327,663.5,-28.44535634341813
1328,664.0,-26.55503292824734
1329,664.5,-24.853674748313978
1330,665.0,-23.320950874321404
1331,665.5,-21.938663642514854
1332,666.0,-20.69375795322713
1333,666.5,-19.573790599586186
1334,667.0,-19.03331844397478
1335,667.5,-19.15625756088594
1336,668.0,-19.313875495977296
1337,668.5,-19.505819127847282
1338,669.0,-19.731782672093328
1339,669.5,-19.991304498169754
1340,670.0,-20.28397188048109
1341,670.5,-20.609290018312837
1342,671.0,-20.966743192108574
1343,671.5,-21.355752963801393
1344,672.0,-21.775744275924012
1345,672.5,-22.226062017402576
1346,673.0,-22.706027078300096
1347,673.5,-23.214987948090965
1348,674.0,-23.75206901841553
1349,674.5,-24.31663987488824
1350,675.0,-24.907769009424953
1351,675.5,-25.524657387206204
1352,676.0,-26.16645468058733
1353,676.5,-26.832099473807865
1354,677.0,-27.52086116497539
1355,677.5,-28.23144546175079
1356,678.0,-28.963114875245314
1357,678.5,-29.714596834164404
1358,679.0,-30.484903079388232
1359,679.5,-31.27286181126187
1360,680.0,-32.07723409519508
1361,680.5,-32.89693229841133
1362,681.0,-33.73048427469468
1363,681.5,-34.57685308433864
1364,682.0,-35.43436320738466
1365,682.5,-36.30197952172377
1366,683.0,-37.17787179946517
1367,683.5,-38.06092046512287
1368,684.0,-38.94925382656207
1369,684.5,-39.8415607287798
1370,685.0,-40.73594177552313
1371,685.5,-41.63090429726112
1372,686.0,-42.52449799166447
1373,686.5,-43.41505391326313
1374,687.0,-44.300552358084154
1375,687.5,-45.179147906830295
1376,688.0,-46.04873798378905
1377,688.5,-46.90729586081305
1378,689.0,-47.75262670026417
1379,689.5,-48.58251507425978
1380,690.0,-49.39466659688419
1381,690.5,-50.186670282201014
1382,691.0,-50.95612440316117
1383,691.5,-51.70041975322147
1384,692.0,-52.49165376564656
1385,692.5,-53.56705504953952
1386,693.0,-54.71633101246164
1387,693.5,-55.943868676125156
1388,694.0,-57.254847419703914
1389,694.5,-58.65475895212196
1390,695.0,-60.14997324705204
1391,695.5,-61.747412467761286
1392,696.0,-63.45501210963849
1393,696.5,-65.28156772306997
1394,697.0,-67.23710593913816
1395,697.5,-69.33291430954422
1396,698.0,-71.5818583546825
1397,698.5,-73.9986029300142
1398,699.0,-76.59993680753362
1399,699.5,-79.40520152407392
1400,700.0,-82.43671894933446
1401,700.5,-85.72046720921821
1402,701.0,-89.28675878761086
1403,701.5,-93.1712563170598
1404,702.0,-97.41613912078293
1405,702.5,-102.07166359153365
1406,703.0,-107.19822911037384
1407,703.5,-112.86892549853886
1408,704.0,-119.1732692798968
1409,704.5,-126.22171149939112
1410,705.0,-134.15261470321167
1411,705.5,-143.1410189219049
1412,706.0,-153.41233359958449
1413,706.5,-165.26105633339992
1414,707.0,-179.08021830718113
1415,707.5,-195.40545498460398
1416,708.0,-214.9869493424347
1417,708.5,-238.90786606396276
1418,709.0,-268.79292377658743
1419,709.5,-307.19427232940285
1420,710.0,-358.3639940258212
1421,710.5,-429.9513354439751
1422,711.0,-537.2424295857566
1423,711.5,-715.8596081552906
1424,712.0,-1072.4332494579419
1425,712.5,-2137.2720222723788
1426,713.0,-320955.2262672005
1427,713.5,2164.800625719781
1428,714.0,1078.3278753850034
1429,714.5,717.7511110040182
1430,715.0,537.731152484565
1431,715.5,429.79209090672407
1432,716.0,357.8517973316382
1433,716.5,306.4702069713541
1434,717.0,267.9306129680108
1435,717.5,237.9515500215586
1436,718.0,243.8052008998535
1437,718.5,250.8107888117225
1438,719.0,258.2510753831942
1439,719.5,266.1664003296566
1440,720.0,274.60288845480164
1441,720.5,283.61236129568044
1442,721.0,293.2542586448418
1443,721.5,303.59619998495464
1444,722.0,314.7161744333793
1445,722.5,326.70402472483755
1446,723.0,339.6641925946811
1447,723.5,353.7185862787633
1448,724.0,369.01040424173397
1449,724.5,385.70920226654
1450,725.0,404.01678510627806
1451,725.5,424.1759956430679
1452,726.0,446.4806376217723
1453,726.5,471.29100445331187
1454,727.0,499.05196039974714
1455,727.5,530.3216322989028
1456,728.0,565.8070028743599
1457,728.5,606.4205206306627
1458,729.0,653.356635675556
1459,729.5,708.214102945268
1460,730.0,773.1785031142879
1461,730.5,851.3229943335568
1462,731.0,947.1054932776283
1463,731.5,1067.2518044960993
1464,732.0,1222.4039475828824
1465,732.5,1430.4596524873684
1466,733.0,1724.0237800600758
1467,733.5,2169.421549242167
1468,734.0,2925.4961283489356
1469,734.5,4491.284920412546
1470,735.0,9666.533037297639
1471,735.5,-63356.573016626746
1472,736.0,-7405.060781215683
1473,736.5,-3932.017395656508
1474,737.0,-2676.5267887609634
1475,737.5,-2028.7021186541094
1476,738.0,-1633.344926909099
1477,738.5,-1366.947412376842
1478,739.0,-1175.2665408408093
1479,739.5,-1030.7400790617255
1480,740.0,-917.8778428609107
1481,740.5,-827.3049392211018
1482,741.0,-753.0149752773401
1483,741.5,-690.9818834553876
1484,742.0,-638.4059056994117
1485,742.5,-593.2797823816697
1486,743.0,-554.1267855556563
1487,743.5,-519.8364753968957
1488,744.0,-489.55752535809023
1489,744.5,-462.62664248468013
1490,745.0,-438.5189565412118
1491,745.5,-416.81421489783645
1492,746.0,-397.1713603561042
1493,746.5,-379.31138503925445
1494,747.0,-363.0031364773688
1495,747.5,-348.054159578027
1496,748.0,-334.30231823173904
1497,748.5,-321.6105790815233
1498,749.0,-309.86189680030117
1499,749.5,-298.9560534954223
1500,750.0,-288.80647591703587
1501,750.5,-279.3381686467595
1502,751.0,-270.4857546578875
1503,751.5,-262.1919814371771
1504,752.0,-254.40658899508318
1505,752.5,-247.08509488197316
1506,753.0,-240.18825874314626
1507,753.5,-233.6809743647279
1508,754.0,-227.5321907720368
1509,754.5,-221.7138079838811
1510,755.0,-216.20096660695907
1511,755.5,-210.97088890420366
1512,756.0,-206.003454334426
1513,756.5,-201.28001538596487
1514,757.0,-196.7840769698865
1515,757.5,-192.50027292702612
1516,758.0,-188.41493415845156
1517,758.5,-184.5152966972155
1518,759.0,-180.7899296633008
1519,759.5,-177.22815545220402
1520,760.0,-173.82033310026975
1521,760.5,-170.55747462841643
1522,761.0,-167.43138322003642
1523,761.5,-164.43445178964149
1524,762.0,-161.55965829452703
1525,762.5,-158.80053363763852
1526,763.0,-156.15101881059175
1527,763.5,-153.60558958297182
1528,764.0,-151.15898222711675
1529,764.5,-148.8064622869651
1530,765.0,-146.5434274989967
1531,765.5,-144.36580740602315
1532,766.0,-142.2695538451871
1533,766.5,-140.25115737137673
1534,767.0,-138.30703737837405
1535,767.5,-136.4341602956102
1536,768.0,-134.62934306454738
1537,768.5,-132.8899561231893
1538,769.0,-145.8747035343142
1539,769.5,-164.2207456363555
1540,770.0,-187.6863635106171
1541,770.5,-218.7849397218766
1542,771.0,-262.0082366474611
1543,771.5,-326.22472350903894
1544,772.0,-431.7606188196867
1545,772.5,-637.6732802464369
1546,773.0,-1218.050164275152
1547,773.5,-13559.96517182171
1548,774.0,1483.2471877416804
1549,774.5,702.4532266739941
1550,775.0,459.7554122833932
1551,775.5,341.36433174588996
1552,776.0,271.2044162578671
1553,776.5,224.75195282041045
1554,777.0,191.708123265839
1555,777.5,166.9790590460789
1556,778.0,147.76783746400838
1557,778.5,132.40112798946993
1558,779.0,119.82528263318484
1559,779.5,109.33627943002506
1560,780.0,100.45247951115812
1561,780.5,92.82765408671904
1562,781.0,86.2114146564708
1563,781.5,80.41422039260601
1564,782.0,75.29332197661226
1565,782.5,70.73658297425476
1566,783.0,66.65672813839412
1567,783.5,62.98345311101444
1568,784.0,59.6603682796229
1569,784.5,56.64140370279873
1570,785.0,53.88844779467664
1571,785.5,51.37026148803227
1572,786.0,49.06010847576064
1573,786.5,46.93622689046265
1574,787.0,44.97927617522657
1575,787.5,43.17368869791079
1576,788.0,41.505327696678705
1577,788.5,39.962612966073344
1578,789.0,38.53514343824272
1579,789.5,37.21409209255464
1580,790.0,35.99169976765367
1581,790.5,34.86116123757049
1582,791.0,33.816576645286936
1583,791.5,32.85268749852918
1584,792.0,31.96490174252621
1585,792.5,31.149166184399824
1586,793.0,30.401847737030522
1587,793.5,29.719772543426604
1588,794.0,29.100092716068513
1589,794.5,30.337759361301906
1590,795.0,31.81704519737394
1591,795.5,33.444476549553954
1592,796.0,35.236482459164776
1593,796.5,37.214072634773444
1594,797.0,39.401138389248615
1595,797.5,41.82859804345082
1596,798.0,44.532807903565775
1597,798.5,47.560629042473394
1598,799.0,50.96961008082608
1599,799.5,54.83442750545186
1600,800.0,59.25069279357022
1601,800.5,64.34519360355318
1602,801.0,70.28758527271123
1603,801.5,77.31154925096462
1604,802.0,85.74691071817053
1605,802.5,96.07515204669097
1606,803.0,109.02737598284813
1607,803.5,125.76979394868107
1608,804.0,148.28357540034114
1609,804.5,180.22691443476657
1610,805.0,229.18340863529076
1611,805.5,313.8596633372792
1612,806.0,496.2649750966282
1613,806.5,1179.1980592323453
1614,807.0,-3155.340568128489
1615,807.5,-674.8295691164228
1616,808.0,-377.53223956970595
1617,808.5,-261.8012476665757
1618,809.0,-200.13633486943206
1619,809.5,-161.77601498682532
1620,810.0,-135.57427521638698
1621,810.5,-116.51925694505864
1622,811.0,-102.02016121540429
1623,811.5,-90.60686586554615
1624,812.0,-81.37953586573187
1625,812.5,-73.76022281864708
1626,813.0,-67.35754350638437
1627,813.5,-61.90015317006632
1628,814.0,-57.19139009538514
1629,814.5,-53.087654303395226
1630,815.0,-49.47976798977758
1631,815.5,-46.284850222840966
1632,816.0,-43.43778087558162
1633,816.5,-40.88744982020319
1634,817.0,-38.592909501910135
1635,817.5,-36.52094848063645
1636,818.0,-34.64478078961987
1637,818.5,-32.941906225868955
1638,819.0,-31.394255046737175
1639,819.5,-29.98608832043918
1640,820.0,-29.568350704159055
1641,820.5,-29.84129934959072
1642,821.0,-30.136597582743878
1643,821.5,-30.454056794203005
1644,822.0,-30.793422115501944
1645,822.5,-31.154455635463012
1646,823.0,-31.536895962227533
1647,823.5,-31.940470040775395
1648,824.0,-32.36489352657156
1649,824.5,-32.80987668437151
1650,825.0,-33.27509302026423
1651,825.5,-33.76024601994914
1652,826.0,-34.26497695904584
1653,826.5,-34.78896272259416
1654,827.0,-35.33183188058715
1655,827.5,-35.89321542586957
1656,828.0,-36.47274708049915
1657,828.5,-37.069994832917125
1658,829.0,-37.68461216892711
1659,829.5,-38.31609049458141
1660,830.0,-38.964103720567245
1661,830.5,-39.628086131846
1662,831.0,-40.30769276582677
1663,831.5,-41.002353341450146
1664,832.0,-41.71165610578791
1665,832.5,-42.43504353684996
1666,833.0,-43.172032463532396
1667,833.5,-43.922077990626946
1668,834.0,-44.68462458031994
1669,834.5,-45.459135857556326
1670,835.0,-46.24498614645838
1671,835.5,-47.041640068547544
1672,836.0,-47.848406571070875
1673,836.5,-48.6647409937268
1674,837.0,-49.4898934902199
1675,837.5,-50.32329777758317
1676,838.0,-51.164152915051204
1677,838.5,-52.01185725042716
1678,839.0,-52.86556692086988
1679,839.5,-53.724625641132974
1680,840.0,-54.58816877498977
1681,840.5,-55.455459543069026
1682,841.0,-56.325615396787526
1683,841.5,-57.19781725740054
1684,842.0,-58.07115703895445
1685,842.5,-58.944733610641805
1686,843.0,-59.81760407622038
1687,843.5,-60.68878591621556
1688,844.0,-61.557290788842984
1689,844.5,-62.42205624683139
1690,845.0,-63.28203603568393
1691,845.5,-64.13609053561571
1692,846.0,-64.98310072892427
1693,846.5,-65.82185442563365
1694,847.0,-66.65114246912142
1695,847.5,-131.7146801294869
1696,848.0,1560.5942529626996
1697,848.5,110.88309113405083
1698,849.0,56.74604794033612
1699,849.5,37.68251603470537
1700,850.0,27.907173583429767
1701,850.5,21.942287134612528
1702,851.0,17.92861877527893
1703,851.5,15.053954527529548
1704,852.0,12.916123911199803
1705,852.5,11.290557277492644
1706,853.0,10.04487235924381
1707,853.5,9.097015815786722
1708,854.0,8.39377856701348
1709,854.5,7.900005600969655
1710,855.0,8.386532317333739
1711,855.5,9.379785084485462
1712,856.0,10.538955176926672
1713,856.5,11.874633379475512
1714,857.0,13.409234880760254
1715,857.5,15.169319918218228
1716,858.0,17.200842978903218
1717,858.5,19.567407806897897
1718,859.0,22.372917494783394
1719,859.5,25.78023320773653
1720,860.0,30.066934875415004
1721,860.5,35.741046040473606
1722,861.0,37.78204731235866
1723,861.5,39.38381545140227
1724,862.0,41.319428525030695
1725,862.5,43.659224360031786
1726,863.0,46.491562887190646
1727,863.5,49.940818942728576
1728,864.0,54.17493298109044
1729,864.5,59.43682665688551
1730,865.0,66.08144549206862
1731,865.5,74.65564930667215
1732,866.0,86.04194365790333
1733,866.5,101.76574744257225
1734,867.0,124.70411544099039
1735,867.5,161.02197330775098
1736,868.0,226.6836654982281
1737,868.5,380.02439469675176
1738,869.0,1135.700442778563
1739,869.5,-1199.1777424078848
1740,870.0,-399.567532724647
1741,870.5,-242.71244107708202
1742,871.0,-176.10789006124944
1743,871.5,-139.4075983553526
1744,872.0,-116.30231746567051
1745,872.5,-98.8305247026879
1746,873.0,-83.31596985443518
1747,873.5,-72.0522506473849
1748,874.0,-63.43228417300311
1749,874.5,-56.56266351351119
1750,875.0,-50.91796938110832
1751,875.5,-46.165126342351186
1752,876.0,-42.08433826772561
1753,876.5,-38.52480175686599
1754,877.0,-35.38039761604295
1755,877.5,-32.57267840872857
1756,878.0,-30.04591189341558
1757,878.5,-27.755470618483628
1758,879.0,-25.66981881094109
1759,879.5,-23.762451682224935
1760,880.0,-22.014340339159613
1761,880.5,-20.409395211359342
1762,881.0,-18.935751165933922
1763,881.5,-17.583443932163252
1764,882.0,-16.345175283162295
1765,882.5,-15.214547972648132
1766,883.0,-14.187449290327423
1767,883.5,-13.25952795712617
1768,884.0,-12.428885922268393
1769,884.5,-11.692515577938558
1770,885.0,-11.0496386857951
1771,885.5,-10.498764803616552
1772,886.0,-10.039206936787803
1773,886.5,-10.004804663499959
1774,887.0,-10.769723538413087
1775,887.5,-11.710846648692916
1776,888.0,-12.850568130512862
1777,888.5,-14.220358888534353
1778,889.0,-15.864034792378803
1779,889.5,-17.842417707941163
1780,890.0,-20.24679925904293
1781,890.5,-23.208001474084003
1782,891.0,-26.937089214252047
1783,891.5,-31.766405400198916
1784,892.0,-38.28860466272937
1785,892.5,-47.60923896924021
1786,893.0,-62.13353992996608
1787,893.5,-88.11667912039583
1788,894.0,-148.77321100656823
1789,894.5,-460.3797240645532
1790,895.0,426.8018412218392
1791,895.5,145.6536840035447
1792,896.0,87.43531855001038
1793,896.5,62.11845826805951
1794,897.0,47.870404411715114
1795,897.5,38.68551141384199
1796,898.0,32.241796546626446
1797,898.5,29.948589545382
1798,899.0,29.930125254161915
1799,899.5,29.94524524142449
1800,900.0,29.994297490343907
1801,900.5,30.077624455732433
1802,901.0,30.195640784531726
1803,901.5,30.34872999917417
1804,902.0,30.53735758670337
1805,902.5,30.761988952891098
1806,903.0,31.023126218655715
1807,903.5,31.321355969681527
1808,904.0,31.657213503651437
1809,904.5,32.03143765212666
1810,905.0,32.44462275354355
1811,905.5,32.897641783481134
1812,906.0,33.391232353348094
1813,906.5,33.92635669399625
1814,907.0,34.5039752665845
1815,907.5,35.125168003101436
1816,908.0,35.79112728638808
1817,908.5,36.50312253561747
1818,909.0,37.26257985228867
1819,909.5,38.071042729976554
1820,910.0,38.930200943644316
1821,910.5,39.84193009305951
1822,911.0,40.80828519326429
1823,911.5,41.831495376723744
1824,912.0,42.91412148918709
1825,912.5,44.058784016191346
1826,913.0,45.268677285614274
1827,913.5,46.54699739219144
1828,914.0,47.89760990164008
1829,914.5,49.324560058576914
1830,915.0,50.832473366836744
1831,915.5,52.42652506517131
1832,916.0,54.11230395995545
1833,916.5,55.89645114635629
1834,917.0,57.78581789680991
1835,917.5,59.78889688395191
1836,918.0,61.91439629200608
1837,918.5,64.17303991755414
1838,919.0,66.57624236333743
1839,919.5,69.13761064308773
1840,920.0,71.8722874463613
1841,920.5,74.79790626625
1842,921.0,77.93477063276
1843,921.5,81.30626762247984
1844,922.0,84.94002105366238
1845,922.5,88.8678471101739
1846,923.0,93.1280596334972
1847,923.5,97.8513635185683
1848,924.0,103.29531591234998
1849,924.5,109.34176397867368
1850,925.0,116.09718574517055
1851,925.5,123.69274306611395
1852,926.0,132.2972528713504
1853,926.5,142.1256699376883
1854,927.0,153.46215747169896
1855,927.5,166.68383735498819
1856,928.0,182.3087876273915
1857,928.5,201.06159663897697
1858,929.0,223.99493115676796
1859,929.5,252.69088934493845
1860,930.0,289.650206357597
1861,930.5,339.0623330194172
1862,931.0,408.53151218808364
1863,931.5,513.4318084004093
1864,932.0,690.2545905063639
1865,932.5,1051.7916800079859
1866,933.0,2205.0777892722836
1867,933.5,-23112.247342671035
1868,934.0,-1852.6338360613422
1869,934.5,-965.0218457428088
1870,935.0,-652.3502135892969
1871,935.5,-492.60691014770816
1872,936.0,-395.6069398295269
1873,936.5,-330.428931216673
1874,937.0,-283.60315834548317
1875,937.5,-248.32306773004942
1876,938.0,-220.77761058109317
1877,938.5,-198.6679232517347
1878,939.0,-180.52378319859906
1879,939.5,-165.36250448574057
1880,940.0,-152.50092101307183
1881,940.5,-141.45089836391807
1882,941.0,-131.8528139349544
1883,941.5,-123.4375563017733
1884,942.0,-115.99804841133117
1885,942.5,-109.3741339707603
1886,943.0,-103.43821529374377
1887,943.5,-98.08924852754492
1888,944.0,-93.2443280157806
1889,944.5,-88.83669191202753
1890,945.0,-84.81018507225726
1891,945.5,-81.11895089295807
1892,946.0,-77.72370689371401
1893,946.5,-74.59188928729662
1894,947.0,-71.69527169446822
1895,947.5,-69.01009688702288
1896,948.0,-66.51561568848383
1897,948.5,-64.1940949147666
1898,949.0,-62.02998325400318
1899,949.5,-63.636173823863736
1900,950.0,-65.57968257063504
1901,950.5,-67.66366447532924
1902,951.0,-69.90103432106973
1903,951.5,-72.30658156952789
1904,952.0,-74.89721663920939
1905,952.5,-77.69245725424216
1906,953.0,-80.71486916260044
1907,953.5,-83.99069233840534
1908,954.0,-87.5506797193904
1909,954.5,-91.43092440713279
1910,955.0,-95.6743460743645
1911,955.5,-100.3319899162294
1912,956.0,-105.46547062284994
1913,956.5,-111.14936895648738
1914,957.0,-117.47528150318406
1915,957.5,-124.55651352861008
1916,958.0,-132.53524744768362
1917,958.5,-141.59210752218385
1918,959.0,-151.96012245304723
1919,959.5,-163.94536074658095
1920,960.0,-177.9574415263664
1921,960.5,-194.55823849349446
1922,961.0,-214.53833992274815
1923,961.5,-239.04873204450925
1924,962.0,-269.82928483079866
1925,962.5,-309.6450688230356
1926,963.0,-363.16510616893447
1927,963.5,-438.95134198019605
1928,964.0,-554.5696825070111
1929,964.5,-752.6689069004282
1930,965.0,-1170.5636732311007
1931,965.5,-2630.505317031825
1932,966.0,10650.733545514997
1933,966.5,1760.7380217367115
1934,967.0,959.6000261186427
1935,967.5,659.4322919700505
1936,968.0,502.23477320990935
1937,968.5,405.49476383466185
1938,969.0,339.9505164484838
1939,969.5,292.6009892008572
1940,970.0,256.78923380216
1941,970.5,228.75276650126293
1942,971.0,206.20565601349296
1943,971.5,187.6778814579098
1944,972.0,172.18234807840943
1945,972.5,159.03040159118757
1946,973.0,147.7283025070719
1947,973.5,137.9115283200585
1948,974.0,129.30639186844888
1949,974.5,121.70230484030289
1950,975.0,123.09819117434094
1951,975.5,124.60218747564545
1952,976.0,126.15216531457368
1953,976.5,127.74969640734606
1954,977.0,129.39640391201542
1955,977.5,131.09402264688214
1956,978.0,132.8443747537752
1957,978.5,134.64938683071915
1958,979.0,136.51110274583533
1959,979.5,138.43167423660861
1960,980.0,140.4133939791444
1961,980.5,142.45867776302347
1962,981.0,144.57009951281637
1963,981.5,146.75038462986373
1964,982.0,149.0024273503987
1965,982.5,151.32931463878143
1966,983.0,153.73431321682665
1967,983.5,156.22092728280356
1968,984.0,158.79286349797644
1969,984.5,161.4541074635353
1970,985.0,164.20888729044674
1971,985.5,167.06174869621225
1972,986.0,170.01753921516791
1973,986.5,173.08146138002255
1974,987.0,176.2591008772698
1975,987.5,179.55643653301306
1976,988.0,182.97993717432814
1977,988.5,186.53650646219464
1978,989.0,190.2336748759635
1979,989.5,194.07945683698279
1980,990.0,198.08266618881657
1981,990.5,202.252662558061
1982,991.0,206.59981271133435
1983,991.5,211.13514465802623
1984,992.0,215.8708961135418
1985,992.5,220.820180336323
1986,993.0,225.9975264727304
1987,993.5,231.41864782221552
1988,994.0,237.10093306657737
1989,994.5,243.06335932519437
1990,995.0,249.32692272641424
1991,995.5,255.9147402523902
1992,996.0,262.85241268156557
1993,996.5,270.16836936259455
1994,997.0,277.89416415194904
1995,997.5,286.06513237759856
1996,998.0,294.7206330904844
1997,998.5,303.90511066590136
1998,999.0,313.66831816525416
1999,999.5,324.0669126714962
2000,1000.0,335.1647315299257
2001,1000.5,347.03511039157263
2002,1001.0,359.7613491837186
2003,1001.5,373.4400082911172
2004,1002.0,388.18199398084494
2005,1002.5,404.11694482592657
2006,1003.0,421.3957980090594
2007,1003.5,440.1968103815917
2008,1004.0,460.73065973813215
2009,1004.5,483.2494130017526
2010,1005.0,508.0560894159927
2011,1005.5,535.5191862987895
2012,1006.0,566.090571275959
2013,1006.5,600.3310699988023
2014,1007.0,638.9450362313612
2015,1007.5,682.8295055596494
2016,1008.0,733.1451203626991
2017,1008.5,791.4200508510739
2018,1009.0,859.7089963062199
2019,1009.5,940.8397426223289
2020,1010.0,1038.816750883149
2021,1010.5,1159.5011138966188
2022,1011.0,1311.8318839653468
2023,1011.5,1510.1460682900072
2024,1012.0,1778.9856698185106
2025,1012.5,2164.1313923120133
2026,1013.0,2761.938016747149
2027,1013.5,3815.787896123417
2028,1014.0,6169.547046707463
2029,1014.5,16100.18864532812
2030,1015.0,-26411.019603962297
2031,1015.5,-7254.703479178361
2032,1016.0,-4204.673972569272
2033,1016.5,-2960.017406797674
2034,1017.0,-2283.8188220209868
2035,1017.5,-1859.0183852867906
2036,1018.0,-1567.380960881132
2037,1018.5,-1354.7657418559993
2038,1019.0,-1192.8792315584053
2039,1019.5,-1065.4948523599949
2040,1020.0,-962.6398150463169
2041,1020.5,-877.8473171360072
2042,1021.0,-806.7398793223217
2043,1021.5,-746.2492997610078
2044,1022.0,-694.1603564474881
2045,1022.5,-648.8346881607509
2046,1023.0,-609.0333234804508
2047,1023.5,-573.8032868014392
2048,1024.0,-542.3981531800837
2049,1024.5,-514.2265040243333
2050,1025.0,-488.8120502214001
2051,1025.5,-465.76862143614983
2052,1026.0,-465.9308176015071
2053,1026.5,-468.5604183795196
2054,1027.0,-471.2268604597949
2055,1027.5,-473.9307440330635
2056,1028.0,-476.672772631902
2057,1028.5,-479.4535914964456
2058,1029.0,-482.27392623215076
2059,1029.5,-485.1344688265074
2060,1030.0,-488.0359695699683
2061,1030.5,-490.9791689906455
2062,1031.0,-493.9648449142532
2063,1031.5,-496.9937883099135
2064,1032.0,-500.066807645827
2065,1032.5,-503.184746352776
2066,1033.0,-506.3484469262681
2067,1033.5,-509.5588074143199
2068,1034.0,-512.8167080250898
2069,1034.5,-516.1231037305332
2070,1035.0,-519.478916462594
2071,1035.5,-522.8851605932301
2072,1036.0,-526.3428041431584
2073,1036.5,-529.8529235499211
2074,1037.0,-533.4165414061388
2075,1037.5,-537.0347878932859
2076,1038.0,-540.7087563483879
2077,1038.5,-544.4396306683966
2078,1039.0,-548.2285794075514
2079,1039.5,-552.0768454521796
2080,1040.0,-555.9856763873968
2081,1040.5,-559.9563801892867
2082,1041.0,-563.9902876199657
2083,1041.5,-568.0887784025507
2084,1042.0,-572.253270994214
2085,1042.5,-576.4852241344176
2086,1043.0,-580.7861489098766
2087,1043.5,-585.1575910195808
2088,1044.0,-589.6011595808396
2089,1044.5,-594.1184959387347
2090,1045.0,-598.7113131655079
2091,1045.5,-603.3813577604046
2092,1046.0,-608.1304532624707
2093,1046.5,-612.9604620254391
2094,1047.0,-617.8733243794876
2095,1047.5,-622.8710306326234
2096,1048.0,-627.9556460640299
2097,1048.5,-633.1292999661754
2098,1049.0,-638.3941944754285
2099,1049.5,-643.7526076072131
2100,1050.0,-649.2068922851887
2101,1050.5,-654.7594860290561
2102,1051.0,-660.4129079145632
2103,1051.5,-666.169766925182
2104,1052.0,-672.0327652608702
2105,1052.5,-678.0046966618291
2106,1053.0,-684.0884652290737
2107,1053.5,-690.2870642643901
2108,1054.0,-696.6036205775725
2109,1054.5,-703.0413435543687
2110,1055.0,-709.6036058116141
2111,1055.5,-716.2938512964165
2112,1056.0,-723.1157241204821
2113,1056.5,-730.0729234997559
2114,1057.0,-737.169388202631
2115,1057.5,-744.409112352806
2116,1058.0,-751.7963430003045
2117,1058.5,-759.3354066643004
2118,1059.0,-767.0308867463312
2119,1059.5,-774.8874791508404
2120,1060.0,-782.9101362069333
2121,1060.5,-791.103964464353
2122,1061.0,-799.4743220103358
2123,1061.5,-808.0267725119878
2124,1062.0,-816.7671215592424
2125,1062.5,-825.701442408028
2126,1063.0,-834.836035587612
2127,1063.5,-844.1775433410987
2128,1064.0,-853.7328151866866
2129,1064.5,-863.5091297757776
2130,1065.0,-873.5139473718579
2131,1065.5,-883.7552597788904
2132,1066.0,-894.2412087727007
2133,1066.5,-904.9805856835388
2134,1067.0,-915.9822988631879
2135,1067.5,-927.2560195575692
2136,1068.0,-938.8115663899974
2137,1068.5,-950.6595539269598
2138,1069.0,-962.8108454043415
2139,1069.5,-975.2771184166908
2140,1070.0,-988.070420688157
2141,1070.5,-1001.2036319028922
2142,1071.0,-1014.6901465577305
2143,1071.5,-1028.544208578753
2144,1072.0,-1042.780748246436
2145,1072.5,-1057.4155635534999
2146,1073.0,-1072.465341599673
2147,1073.5,-1087.9476575891106
2148,1074.0,-1103.8812150375368
2149,1074.5,-1120.28562982605
2150,1075.0,-1137.1819281550786
2151,1075.5,-1154.5920790971084
2152,1076.0,-1172.53979460353
2153,1076.5,-1191.049769772255
2154,1077.0,-1314.1896330734583
2155,1077.5,-1500.062789781982
2156,1078.0,-1746.9636754607172
2157,1078.5,-2090.8689254445057
2158,1079.0,-2602.9729709310923
2159,1079.5,-3446.6674421879143
2160,1080.0,-5098.384244043426
2161,1080.5,-9786.000460867754
2162,1081.0,-120960.37038645842
2163,1081.5,11679.010791837329
2164,1082.0,5571.269666212328
2165,1082.5,3658.3897717208147
2166,1083.0,2723.415808307275
2167,1083.5,2169.089174336187
2168,1084.0,1802.251567962706
2169,1084.5,1541.52744832124
2170,1085.0,1346.6815699978774
2171,1085.5,1195.5378168538973
2172,1086.0,1074.8692442194147
2173,1086.5,976.2976477556233
2174,1087.0,894.2580503995739
2175,1087.5,824.909700823338
2176,1088.0,765.5158661677126
2177,1088.5,714.0743010225507
2178,1089.0,669.0856720430771
2179,1089.5,629.4057755757065
2180,1090.0,594.1453848311492
2181,1090.5,562.6039693470661
2182,1091.0,534.2210790543915
2183,1091.5,508.544161087447
2184,1092.0,485.2026106336655
2185,1092.5,463.89117087190107
2186,1093.0,444.35508179994076
2187,1093.5,426.3810044625432
2188,1094.0,409.7881031434969
2189,1094.5,394.42280246118685
2190,1095.0,380.1532322418778
2191,1095.5,366.86602709737787
2192,1096.0,354.4627930529426
2193,1096.5,342.8580185759787
2194,1097.0,331.97682548180944
2195,1097.5,321.7534876682798
2196,1098.0,312.1300386883741
2197,1098.5,303.0551176630642
2198,1099.0,294.4831729848388
2199,1099.5,286.37347649315103
2200,1100.0,278.6897568002279
2201,1100.5,271.39929149539864
2202,1101.0,264.47285855092963
2203,1101.5,257.8838563317993
2204,1102.0,251.60849478170414
2205,1102.5,245.6249169577896
2206,1103.0,239.91356555508509
2207,1103.5,234.45632870219805
2208,1104.0,229.23696171231447
2209,1104.5,224.24035903907492
2210,1105.0,219.45289256919165
2211,1105.5,214.86187877703804
2212,1106.0,210.4557956789414
2213,1106.5,206.22392237868263
2214,1107.0,202.15644805114073
2215,1107.5,198.24425514936422
2216,1108.0,194.4789353732586
2217,1108.5,190.85269058852336
2218,1109.0,187.35827169111255
2219,1109.5,183.98897336607132
2220,1110.0,180.73851230022368
2221,1110.5,177.60109350519286
2222,1111.0,174.57124459451424
2223,1111.5,171.64393266115033
2224,1112.0,168.81437140377602
2225,1112.5,166.0781677641034
2226,1113.0,163.43112274790676
2227,1113.5,160.8693778698483
2228,1114.0,158.38924748917648
2229,1114.5,155.98731885577575
2230,1115.0,153.66034779471593
2231,1115.5,151.40530654269102
2232,1116.0,149.21932780928606
2233,1116.5,147.09971873972194
2234,1117.0,145.04393430162776
2235,1117.5,143.04957509045173
2236,1118.0,141.11437186138772
2237,1118.5,139.23618419406938
2238,1119.0,137.4129788957604
2239,1119.5,135.64284575386597
2240,1120.0,133.92395349896393
2241,1120.5,132.25459798871705
2242,1121.0,130.63312045531097
2243,1121.5,129.05800247405068
2244,1122.0,127.52773540987602
2245,1122.5,126.04096009047201
2246,1123.0,124.59630837366849
2247,1123.5,123.19255294949257
2248,1124.0,121.82845803796269
2249,1124.5,120.50290811031894
2250,1125.0,119.2147885892381
2251,1125.5,117.96307965501386
2252,1126.0,116.74677824780288
2253,1126.5,115.5649462935381
2254,1127.0,114.41668373336655
2255,1127.5,113.30112215732754
2256,1128.0,118.02738361710432
2257,1128.5,126.4471660754665
2258,1129.0,136.13060095483837
2259,1129.5,147.38530619393904
2260,1130.0,160.62722908838512
2261,1130.5,176.4355130296292
2262,1131.0,195.6375775543982
2263,1131.5,219.46282347524433
2264,1132.0,249.813914391728
2265,1132.5,289.8093177689977
2266,1133.0,344.9267954888124
2267,1133.5,425.77156527822586
2268,1134.0,555.8829755161202
2269,1134.5,800.1419228293091
2270,1135.0,1426.468119886873
2271,1135.5,6556.396204674871
2272,1136.0,-2525.7461477727416
2273,1136.5,-1058.7829383317055
2274,1137.0,-669.6456112906699
2275,1137.5,-489.5645649808904
2276,1138.0,-385.7186905950873
2277,1138.5,-318.139176565063
2278,1139.0,-270.6410417873367
2279,1139.5,-235.42375150680755
2280,1140.0,-208.26426231597662
2281,1140.5,-186.6771409913359
2282,1141.0,-169.1045262866009
2283,1141.5,-154.51995205885547
2284,1142.0,-142.2202195012661
2285,1142.5,-131.70671639312562
2286,1143.0,-122.61695507668975
2287,1143.5,-114.68015484797645
2288,1144.0,-107.69102610543621
2289,1144.5,-101.49003245234168
2290,1145.0,-95.95246516619453
2291,1145.5,-90.97830808135907
2292,1146.0,-86.48755820134252
2293,1146.5,-82.4144377555434
2294,1147.0,-78.70528271535635
2295,1147.5,-75.31516317576683
2296,1148.0,-72.20674905331177
2297,1148.5,-69.34837292523049
2298,1149.0,-66.71328899142522
2299,1149.5,-64.27857796357733
2300,1150.0,-62.024605246649124
2301,1150.5,-59.93439935788712
2302,1151.0,-57.99325731637212
2303,1151.5,-56.18835312526347
2304,1152.0,-54.508502041820165
2305,1152.5,-52.943826572531066
2306,1153.0,-51.4857167065984
2307,1153.5,-53.03844932171933
2308,1154.0,-57.4888216855599
2309,1154.5,-62.734233571150796
2310,1155.0,-69.00287200358649
2311,1155.5,-76.62363371145157
2312,1156.0,-86.08334570271316
2313,1156.5,-98.14055584424653
2314,1157.0,-114.03735159438178
2315,1157.5,-135.96687864502994
2316,1158.0,-168.1857885269221
2317,1158.5,-220.20265829780294
2318,1159.0,-318.4609585917689
2319,1159.5,-574.3501440985065
2320,1160.0,-2915.174341227606
2321,1160.5,947.5272426612726
2322,1161.0,407.26102978934045
2323,1161.5,259.17629998895063
2324,1162.0,189.91719062650353
2325,1162.5,149.75014648987823
2326,1163.0,123.51157928596989
2327,1163.5,105.01774554256313
2328,1164.0,91.27558976490567
2329,1164.5,80.65927942715975
2330,1165.0,72.21084551658717
2331,1165.5,65.32804733343124
2332,1166.0,59.61482294764825
2333,1166.5,54.79862959446916
2334,1167.0,50.691655803766714
2335,1167.5,54.210176145008006
2336,1168.0,58.29694641510968
2337,1168.5,63.09141492085742
2338,1169.0,68.78334536023053
2339,1169.5,75.63980134344547
2340,1170.0,84.04690309968701
2341,1170.5,94.58570971533882
2342,1171.0,108.17158045550899
2343,1171.5,126.33530523396682
2344,1172.0,151.8436590376278
2345,1172.5,190.2617277198455
2346,1173.0,254.6853160561798
2347,1173.5,384.990632197061
2348,1174.0,787.8569266530349
2349,1174.5,-17218.395714172715
2350,1175.0,-722.3116748315173
2351,1175.5,-369.0360245654446
2352,1176.0,-247.90084051896406
2353,1176.5,-186.68482825857444
2354,1177.0,-149.75194566404636
2355,1177.5,-125.05018437296823
2356,1178.0,-107.37320645533597
2357,1178.5,-94.10330131502423
2358,1179.0,-90.40186051935434
2359,1179.5,-92.91621324153711
2360,1180.0,-95.57317748219184
2361,1180.5,-98.38404348538388
2362,1181.0,-101.36143832266268
2363,1181.5,-104.51944631038836
2364,1182.0,-107.87402723544427
2365,1182.5,-111.44298273552835
2366,1183.0,-115.2467412419833
2367,1183.5,-119.30814307623669
2368,1184.0,-123.6537139134626
2369,1184.5,-128.3132641186403
2370,1185.0,-133.32181023611835
2371,1185.5,-138.71902519460136
2372,1186.0,-144.55199752778154
2373,1186.5,-150.87482831532907
2374,1187.0,-157.75219826697534
2375,1187.5,-165.25981219164606
2376,1188.0,-173.48902460898483
2377,1188.5,-182.5489361181651
2378,1189.0,-192.57296929570163
2379,1189.5,-203.7240398813101
2380,1190.0,-216.20504888556255
2381,1190.5,-230.270161002432
2382,1191.0,-246.2437040714826
2383,1191.5,-264.54467016319046
2384,1192.0,-285.7252527978359
2385,1192.5,-310.5272299996759
2386,1193.0,-339.97177862395574
2387,1193.5,-375.50411646832845
2388,1194.0,-419.239231664531
2389,1194.5,-474.4009458712136
2390,1195.0,-546.1572395339945
2391,1195.5,-643.3475434229331
2392,1196.0,-782.4442618510221
2393,1196.5,-998.0642606008752
2394,1197.0,-1377.4379434084465
2395,1197.5,-2221.636202710423
2396,1198.0,-5738.132045546618
2397,1198.5,9840.795631192832
2398,1199.0,2648.155120588527
2399,1199.5,1529.5154536296484
2400,1200.0,1075.0035518022096
2401,1200.5,828.5243302366673
2402,1201.0,673.8177530535901
2403,1201.5,567.655179755634
2404,1202.0,490.2695002283098
2405,1202.5,431.34752734997875
2406,1203.0,384.9748112620966
2407,1203.5,347.52304717380446
2408,1204.0,316.6367989762316
2409,1204.5,290.72577439175205
2410,1205.0,268.67273646636636
2411,1205.5,249.67392243088867
2412,1206.0,233.13279406432673
2413,1206.5,218.60032879397625
2414,1207.0,205.72954899337103
2415,1207.5,194.2502284129621
2416,1208.0,183.94705841236186
2417,1208.5,174.6477709534656
2418,1209.0,166.211838780857
2419,1209.5,158.52426929842892
2420,1210.0,151.48956090935897
2421,1210.5,145.02800325525587
2422,1211.0,139.07252093793574
2423,1211.5,133.56608929066263
2424,1212.0,128.4602975179306
2425,1212.5,123.71324050082595
2426,1213.0,119.28917285985614
2427,1213.5,115.15657988776071
2428,1214.0,111.28855377120095
2429,1214.5,107.66091304056171
2430,1215.0,104.25304795829945
2431,1215.5,101.04612598528274
2432,1216.0,98.02405564427426
2433,1216.5,95.17204055828314
2434,1217.0,92.47727061936591
2435,1217.5,89.92800611374545
2436,1218.0,87.51391445454217
2437,1218.5,85.22558491825706
2438,1219.0,83.05458860092908
2439,1219.5,80.99330891316245
2440,1220.0,79.03480508171923
2441,1220.5,77.1728541896457
2442,1221.0,75.40169891054177
2443,1221.5,73.71620507173503
2444,1222.0,72.11157291590774
2445,1222.5,70.5835180192611
2446,1223.0,69.12803886302345
2447,1223.5,67.74151347084695
2448,1224.0,66.42059230575997
2449,1224.5,65.16220017427531
2450,1225.0,63.96350733959817
2451,1225.5,62.821903570435026
2452,1226.0,61.73497032052082
2453,1226.5,60.70049881810202
2454,1227.0,59.7163941888635
2455,1227.5,58.78079864688936
2456,1228.0,57.89187076800699
2457,1228.5,57.04806227218693
2458,1229.0,56.24773963323664
2459,1229.5,55.48959816754857
2460,1230.0,56.31367867736185
2461,1230.5,59.34488839757208
2462,1231.0,62.70042553833482
2463,1231.5,66.43202164297446
2464,1232.0,70.60442030571771
2465,1232.5,75.29823776103625
2466,1233.0,80.6162548870864
2467,1233.5,86.6907285564918
2468,1234.0,93.69508215229038
2469,1234.5,101.86135568313726
2470,1235.0,111.50636673339737
2471,1235.5,123.07579910872495
2472,1236.0,137.2144349635981
2473,1236.5,154.89496071268593
2474,1237.0,177.65106078975506
2475,1237.5,208.05750393090435
2476,1238.0,250.7823462785628
2477,1238.5,315.27328031138586
2478,1239.0,423.950067914872
2479,1239.5,646.1599953176087
2480,1240.0,1355.5155521951287
2481,1240.5,-13978.192301574187
2482,1241.0,-1135.2538221503612
2483,1241.5,-591.4033331351116
2484,1242.0,-399.629124067473
2485,1242.5,-301.5899383400854
2486,1243.0,-242.01968781637066
2487,1243.5,-201.9679197672554
2488,1244.0,-173.17270254533156
2489,1244.5,-151.46314526155328
2490,1245.0,-134.49976973989456
2491,1245.5,-120.87492917870183
2492,1246.0,-109.68545990037725
2493,1246.5,-100.33018437263874
2494,1247.0,-92.38931335528493
2495,1247.5,-85.56448400878563
2496,1248.0,-79.63484135847892
2497,1248.5,-74.43597556744197
2498,1249.0,-69.84097167245986
2499,1249.5,-65.75194993488529
2500,1250.0,-62.091032815920656
2501,1250.5,-58.79636950226439
2502,1251.0,-55.81770895069253
2503,1251.5,-53.11407470768708
2504,1252.0,-50.651734288599435
2505,1252.5,-48.40248825459548
2506,1253.0,-46.34295479408532
2507,1253.5,-44.453128536684446
2508,1254.0,-42.71635460629728
2509,1254.5,-41.11810476593314
2510,1255.0,-39.646210209702666
2511,1255.5,-38.32036235480201
2512,1256.0,-37.156284484834146
2513,1256.5,-36.03055796160782
2514,1257.0,-34.94265998176545
2515,1257.5,-33.89210584516479
2516,1258.0,-32.878542576741545
2517,1258.5,-31.901701117247434
2518,1259.0,-30.961324052350808
2519,1259.5,-30.057338571782964
2520,1260.0,-29.18953726908556
2521,1260.5,-28.35800750600826
2522,1261.0,-27.562591469076157
2523,1261.5,-26.8034541189164
2524,1262.0,-26.08056106981044
2525,1262.5,-25.394053428482902
2526,1263.0,-24.74401264512973
2527,1263.5,-24.13056602886841
2528,1264.0,-23.553859355932158
2529,1264.5,-23.014032298028052
2530,1265.0,-22.511237011054003
2531,1265.5,-22.04565401388208
2532,1266.0,-21.61740789939064
2533,1266.5,-21.22668907489268
2534,1267.0,-20.873622038555023
2535,1267.5,-20.55835677896266
2536,1268.0,-20.281041246662326
2537,1268.5,-20.041752278817007
2538,1269.0,-20.33367889792434
2539,1269.5,-22.44203587067294
2540,1270.0,-24.981068349430434
2541,1270.5,-28.082629747746328
2542,1271.0,-31.939209655786854
2543,1271.5,-36.85979727889227
2544,1272.0,-43.34716228221925
2545,1272.5,-52.308360839673036
2546,1273.0,-65.51359292015357
2547,1273.5,-87.00985063217743
2548,1274.0,-128.36603463082707
2549,1274.5,-241.6978479029054
2550,1275.0,-1930.2518063774157
2551,1275.5,324.03576975236
2552,1276.0,149.42677893089015
2553,1276.5,96.9240737072551
2554,1277.0,71.54175795862454
2555,1277.5,56.535137869154745
2556,1278.0,46.594133479413024
2557,1278.5,39.51106010965017
2558,1279.0,34.20095561419118
2559,1279.5,30.071961785020218
2560,1280.0,26.771797048014683
2561,1280.5,24.080181196088954
2562,1281.0,22.78321911906555
2563,1281.5,24.361653283604298
2564,1282.0,26.242063257426214
2565,1282.5,28.49679008200115
2566,1283.0,31.228070744603684
2567,1283.5,34.582844734542796
2568,1284.0,38.781711267523484
2569,1284.5,44.16878377514556
2570,1285.0,51.31359969973783
2571,1285.5,61.22766865615255
2572,1286.0,75.8979180569094
2573,1286.5,99.82609554530826
2574,1287.0,145.85439881860458
2575,1287.5,271.06836334901806
2576,1288.0,1951.760669442625
2577,1288.5,-373.39865543371513
2578,1289.0,-169.87131035127985
2579,1289.5,-109.67683677846226
2580,1290.0,-80.81259809590154
2581,1290.5,-63.861005735101685
2582,1291.0,-52.707659935289065
2583,1291.5,-44.81478134078851
2584,1292.0,-38.94156046731357
2585,1292.5,-34.40846052118985
2586,1293.0,-30.81415796264747
2587,1293.5,-27.905153257149664
2588,1294.0,-25.51507383109057
2589,1294.5,-23.529529131435826
2590,1295.0,-24.711136530649274
2591,1295.5,-26.640848502482612
2592,1296.0,-28.91152811976963
2593,1296.5,-31.60518975556362
2594,1297.0,-34.83602314565653
2595,1297.5,-38.76787677917895
2596,1298.0,-43.64250738265136
2597,1298.5,-49.8349374257121
2598,1299.0,-57.95256022281219
2599,1299.5,-69.05836807526399
2600,1300.0,-85.17479794960626
2601,1300.5,-110.71527539287864
2602,1301.0,-157.41734313165156
2603,1301.5,-270.51356255149216
2604,1302.0,-942.9181737248257
2605,1302.5,640.5187982702674
2606,1303.0,239.6298358034829
2607,1303.5,147.4921444455936
2608,1304.0,106.54084968488964
2609,1304.5,83.3675037343479
2610,1305.0,68.4465584217734
2611,1305.5,58.02949890199527
2612,1306.0,50.342515931811135
2613,1306.5,45.824041725019356
2614,1307.0,45.79571424744102
2615,1307.5,45.758160053957354
2616,1308.0,45.711404932220404
2617,1308.5,45.655492342021255
2618,1309.0,45.5904779804296
2619,1309.5,45.516436014901565
2620,1310.0,45.43345197943363
2621,1310.5,45.341630138306044
2622,1311.0,45.2410857132395
2623,1311.5,45.131952107516945
2624,1312.0,45.01437401808783
2625,1312.5,44.88851268210794
2626,1313.0,44.75454200437398
2627,1313.5,44.61264941370537
2628,1314.0,44.46303770177382
2629,1314.5,44.30591853241524
2630,1315.0,44.14152320180422
2631,1315.5,43.970085374190354
2632,1316.0,43.79186438791215
2633,1316.5,43.60711344646324
2634,1317.0,43.416119357555964
2635,1317.5,43.21915224284357
2636,1318.0,43.01652565332356
2637,1318.5,42.80852392921108
2638,1319.0,42.595485619277696
2639,1319.5,42.377709033083434
2640,1320.0,42.15555167597488
2641,1320.5,41.92933127560005
2642,1321.0,41.69941519191949
2643,1321.5,41.46614169086988
2644,1322.0,41.229884799626454
2645,1322.5,40.991002180753384
2646,1323.0,40.74987163978428
2647,1323.5,40.506868654499684
2648,1324.0,40.26237234685885
2649,1324.5,40.01677390217511
2650,1325.0,39.77045184005
2651,1325.5,39.5238103485711
2652,1326.0,39.277226064442544
2653,1326.5,39.03111246103544
2654,1327.0,38.78584482279368
2655,1327.5,38.54183831110739
2656,1328.0,38.29947483272082
2657,1328.5,38.05916040398078
2658,1329.0,37.821283137215794
2659,1329.5,37.586240037759794
2660,1330.0,37.35442098864707
2661,1330.5,37.126214842920994
2662,1331.0,36.90200831777578
2663,1331.5,36.68218356685598
2664,1332.0,36.782555891110455
2665,1332.5,37.60973646984405
2666,1333.0,38.48925973250402
2667,1333.5,39.423087498531196
2668,1334.0,40.413501016305545
2669,1334.5,41.46288614505029
2670,1335.0,42.574006744893815
2671,1335.5,43.749819424868164
2672,1336.0,44.993661430336296
2673,1336.5,46.30923804391826
2674,1337.0,47.70059240781823
2675,1337.5,49.1723997050421
2676,1338.0,50.72960092932485
2677,1338.5,52.37812276823872
2678,1339.0,54.12408001355425
2679,1339.5,55.97501972558789
2680,1340.0,57.938626079654185
2681,1340.5,60.024539992291025
2682,1341.0,62.242658246476786
2683,1341.5,64.60531521917841
2684,1342.0,67.1255323407043
2685,1342.5,69.81927551409125
2686,1343.0,72.70392524019532
2687,1343.5,75.80056530895786
2688,1344.0,79.13276151657368
2689,1344.5,82.72899057820041
2690,1345.0,86.62183908030863
2691,1345.5,90.85076932756073
2692,1346.0,95.4619535571523
2693,1346.5,100.51173076297873
2694,1347.0,106.06752057603212
2695,1347.5,112.21264527640386
2696,1348.0,119.04928196177288
2697,1348.5,126.70604853270301
2698,1349.0,135.34517204911373
2699,1349.5,145.17604995461863
2700,1350.0,156.4719716964641
2701,1350.5,169.59792930781848
2702,1351.0,185.05146003479697
2703,1351.5,203.52918774365318
2704,1352.0,226.03799179944994
2705,1352.5,254.0869581547411
2706,1353.0,290.0500593613607
2707,1353.5,337.879257343172
2708,1354.0,404.69527608596803
2709,1354.5,504.723353279548
2710,1355.0,671.173251247037
2711,1355.5,1003.5679805244184
2712,1356.0,1999.1217441769315
2713,1356.5,1333217.2865779991
2714,1357.0,-1989.5979535282222
2715,1357.5,-989.7064517253247
2716,1358.0,-928.937364389986
2717,1358.5,-903.5642227914444
2718,1359.0,-879.5189693736903
2719,1359.5,-856.7132206810708
2720,1360.0,-835.0632849441888
2721,1360.5,-814.4946591902637
2722,1361.0,-794.9384182500635
2723,1361.5,-776.3311033686672
2724,1362.0,-758.6156625054427
2725,1362.5,-741.7375636174586
2726,1363.0,-725.6493372860549
2727,1363.5,-710.3037820852551
2728,1364.0,-695.6611793309658
2729,1364.5,-681.6804434487826
2730,1365.0,-668.3279016649922
2731,1365.5,-655.5683317576998
2732,1366.0,-643.3722265326903
2733,1366.5,-631.7097241533481
2734,1367.0,-620.5546141731761
2735,1367.5,-609.8815008854192
2736,1368.0,-599.667080381641
2737,1368.5,-589.8895850480721
2738,1369.0,-580.5283093788016
2739,1369.5,-571.5644218597229
2740,1370.0,-562.979566757135
2741,1370.5,-554.7572544827491
2742,1371.0,-546.8813422624802
2743,1371.5,-539.3371571216353
2744,1372.0,-532.1105746547416
2745,1372.5,-525.1884543135527
2746,1373.0,-518.5583441178626
2747,1373.5,-512.2085447193805
2748,1374.0,-506.1279427360125
2749,1374.5,-500.3061941411575
2750,1375.0,-494.7332526074642
2751,1375.5,-489.40004568256853
2752,1376.0,-484.2974243696277
2753,1376.5,-479.41735822736814
2754,1377.0,-474.7516170986779
2755,1377.5,-470.29293336118207
2756,1378.0,-466.0340196922285
2757,1378.5,-461.9681986293931
2758,1379.0,-458.08906580016645
2759,1379.5,-454.3904211317871
2760,1380.0,-450.86667821169647
2761,1380.5,-447.5120302855105
2762,1381.0,-444.32163945691104
2763,1381.5,-441.290032432601
2764,1382.0,-438.413046792582
2765,1382.5,-435.68557603152817
2766,1383.0,-427.814227166657
2767,1383.5,-411.33714422869065
2768,1384.0,-396.122260174628
2769,1384.5,-382.0232015707201
2770,1385.0,-368.91801371028066
2771,1385.5,-356.70007611384636
2772,1386.0,-345.2787800490006
2773,1386.5,-334.5746998195039
2774,1387.0,-324.51907818122874
2775,1387.5,-315.05157999822814
2776,1388.0,-306.11907412323757
2777,1388.5,-297.6749305413947
2778,1389.0,-289.67744318491503
2779,1389.5,-282.09001633458126
2780,1390.0,-274.87946151217517
2781,1390.5,-268.01665893759974
2782,1391.0,-261.47487993444815
2783,1391.5,-255.23066229639102
2784,1392.0,-249.2622514109805
2785,1392.5,-243.55052745865234
2786,1393.0,-238.07761785585186
2787,1393.5,-232.82777889198414
2788,1394.0,-227.7862043761902
2789,1394.5,-222.93980663286357
2790,1395.0,-218.27622780707017
2791,1395.5,-213.7844926632853
2792,1396.0,-209.45421720842052
2793,1396.5,-205.27612335527127
2794,1397.0,-201.24143242948116
2795,1397.5,-197.34224268145047
2796,1398.0,-193.57109145957114
2797,1398.5,-189.92120293069402
2798,1399.0,-186.38620122073263
2799,1399.5,-182.96023899324447
2800,1400.0,-179.63784395416752
2801,1400.5,-176.41394014371895
2802,1401.0,-173.28381134997844
2803,1401.5,-170.2430267892014
2804,1402.0,-167.28750679234653
2805,1402.5,-164.41336347392672
2806,1403.0,-161.6170562693154
2807,1403.5,-158.8951565706917
2808,1404.0,-156.24458309833906
2809,1404.5,-153.66229756372937
2810,1405.0,-151.1456123059772
2811,1405.5,-148.69182200713115
2812,1406.0,-146.29857840516675
2813,1406.5,-143.963461066724
2814,1407.0,-141.68441621848845
2815,1407.5,-139.45926767454037
2816,1408.0,-137.28621884751917
2817,1408.5,-135.16330320285232
2818,1409.0,-133.08895027375345
2819,1409.5,-131.0613735259347
2820,1410.0,-129.07920267195584
2821,1410.5,-127.14080561676701
2822,1411.0,-125.24498990276358
2823,1411.5,-123.39025759306473
2824,1412.0,-121.57556604831991
2825,1412.5,-119.79955650691639
2826,1413.0,-118.06129568767017
2827,1413.5,-116.35955925705113
2828,1414.0,-114.69350474597812
2829,1414.5,-113.06203286083979
2830,1415.0,-111.46437569297709
2831,1415.5,-109.89955100592324
2832,1416.0,-108.36685125520773
2833,1416.5,-106.86540434792494
2834,1417.0,-105.39455077767597
2835,1417.5,-103.95352246039828
2836,1418.0,-102.54169732826595
2837,1418.5,-101.15840569888663
2838,1419.0,-99.80305395872631
2839,1419.5,-98.47506553008935
2840,1420.0,-97.17386779721481
2841,1420.5,-95.89897211323903
2842,1421.0,-94.64982086107364
2843,1421.5,-93.42600811450562
2844,1422.0,-92.22698665430066
2845,1422.5,-91.05242789486582
2846,1423.0,-89.90179175925209
2847,1423.5,-88.77481528664055
2848,1424.0,-87.6709817524398
2849,1424.5,-86.59005688942761
2850,1425.0,-85.5315908744074
2851,1425.5,-84.49533514290484
2852,1426.0,-83.4809149673321
2853,1426.5,-82.48806767581706
2854,1427.0,-81.5164872641511
2855,1427.5,-80.5658983468558
2856,1428.0,-79.63605667203261
2857,1428.5,-78.72667665250164
2858,1429.0,-77.83756824284906
2859,1429.5,-76.96843918416897
2860,1430.0,-76.11914166933727
2861,1430.5,-75.28939288826307
2862,1431.0,-74.47905872121619
2863,1431.5,-73.68789991582449
2864,1432.0,-72.91576591902988
2865,1432.5,-72.16246387668751
2866,1433.0,-71.42783294440972
2867,1433.5,-70.7117173372458
2868,1434.0,-70.01395260403001
2869,1434.5,-70.47259298682738
2870,1435.0,-71.13312146161317
2871,1435.5,-71.81638649207605
2872,1436.0,-72.52273659519321
2873,1436.5,-73.25250862572699
2874,1437.0,-74.00607263433565
2875,1437.5,-74.78380787439063
2876,1438.0,-75.5861153049053
2877,1438.5,-76.41341078106431
2878,1439.0,-77.26613985251154
2879,1439.5,-78.14474882830545
2880,1440.0,-79.04974269145403
2881,1440.5,-79.98159198371864
2882,1441.0,-80.94086706924618
2883,1441.5,-81.92808646878323
2884,1442.0,-82.94386665689915
2885,1442.5,-83.98879740639946
2886,1443.0,-85.06353456864962
2887,1443.5,-86.16875712103347
2888,1444.0,-87.30515688398161
2889,1444.5,-88.47352000835076
2890,1445.0,-89.67457202348315
2891,1445.5,-90.90922506456218
2892,1446.0,-92.17823757691365
2893,1446.5,-93.4826446902484
2894,1447.0,-94.8233068362865
2895,1447.5,-96.20132929130021
2896,1448.0,-97.61771674366175
2897,1448.5,-99.07364600755214
2898,1449.0,-100.57028931545992
2899,1449.5,-102.10890247661388
2900,1450.0,-103.69084904071454
2901,1450.5,-105.31747443974453
2902,1451.0,-106.99035929269638
2903,1451.5,-108.71095300195537
2904,1452.0,-110.48108147132449
2905,1452.5,-112.30231678903628
2906,1453.0,-114.17674279494187
2907,1453.5,-116.10613407949201
2908,1454.0,-118.09279906226229
2909,1454.5,-120.13880120671749
2910,1455.0,-122.24667442295797
2911,1455.5,-124.41882508265762
2912,1456.0,-126.65805363811167
2913,1456.5,-128.96715969630498
2914,1457.0,-131.34926080238935
2915,1457.5,-133.8076090360064
2916,1458.0,-136.3457011668469
2917,1458.5,-138.96731227533883
2918,1459.0,-141.67639473978505
2919,1459.5,-144.4773315290296
2920,1460.0,-147.37462472604486
2921,1460.5,-150.37336842077647
2922,1461.0,-153.47873073096696
2923,1461.5,-156.69664366607594
2924,1462.0,-160.03308590983394
2925,1462.5,-163.49498465880123
2926,1463.0,-167.08930984731583
2927,1463.5,-170.82418081935936
2928,1464.0,-174.70778630775683
2929,1464.5,-178.74968691934802
2930,1465.0,-182.95957918386955
2931,1465.5,-187.34878328569098
2932,1466.0,-191.92887411236237
2933,1466.5,-196.71333305084144
2934,1467.0,-201.716122089979
2935,1467.5,-206.95339067973651
2936,1468.0,-212.44213242303618
2937,1468.5,-218.20187205131387
2938,1469.0,-224.25346720901197
2939,1469.5,-230.62077869421572
2940,1470.0,-237.32964723284488
2941,1470.5,-244.4095751800527
2942,1471.0,-251.89292097487387
2943,1471.5,-259.8166324792998
2944,1472.0,-268.2217273896635
2945,1472.5,-277.15513894318127
2946,1473.0,-286.6695914650989
2947,1473.5,-296.8256554384213
2948,1474.0,-307.69219471097244
2949,1474.5,-319.3487936399021
2950,1475.0,-331.88706744382677
2951,1475.5,-345.41374671726396
2952,1476.0,-360.0533471533338
2953,1476.5,-375.952433299169
2954,1477.0,-393.28452675639465
2955,1477.5,-412.25654676512295
2956,1478.0,-433.117593337344
2957,1478.5,-456.16956799732066
2958,1479.0,-481.7830668818262
2959,1479.5,-510.4164461189029
2960,1480.0,-542.6457017533319
2961,1480.5,-579.2017300009102
2962,1481.0,-621.0301633983543
2963,1481.5,-669.3712197979879
2964,1482.0,-725.8908806407386
2965,1482.5,-792.8719104575389
2966,1483.0,-873.5398364268204
2967,1483.5,-972.5905741263564
2968,1484.0,-1097.1560900873408
2969,1484.5,-1258.5920024461616
2970,1485.0,-1476.186089403579
2971,1485.5,-1739.9472564848195
2972,1486.0,-2085.0654289315553
2973,1486.5,-2602.6919023822766
2974,1487.0,-3465.270593149366
2975,1487.5,-5189.78962013281
2976,1488.0,-10358.203300491534
2977,1488.5,-6727310.303437933
2978,1489.0,10363.412221905337
2979,1489.5,5171.128373640736
2980,1490.0,3442.1700552579305
2981,1490.5,2578.046609853724
2982,1491.0,2059.6997231067357
2983,1491.5,1714.193330604538
2984,1492.0,1467.4408705673995
2985,1492.5,1282.3985369624806
2986,1493.0,1138.4970399084375
2987,1493.5,1023.3884527269099
2988,1494.0,929.2230894997092
2989,1494.5,850.760988119498
2990,1495.0,784.3816320944368
2991,1495.5,727.4923798544864
2992,1496.0,678.1984934316209
2993,1496.5,635.0727672722659
2994,1497.0,597.0297686273315
2995,1497.5,563.2198117217125
2996,1498.0,532.9770178787963
2997,1498.5,505.764619599495
2998,1499.0,481.15136194264164
2999,1499.5,458.7818644599868
3000,1500.0,438.36452922920387
3001,1500.5,419.65490805605543
3002,1501.0,402.4487158797535
3003,1501.5,386.57242952225045
3004,1502.0,371.87861307977767
3005,1502.5,358.2407967590989
3006,1503.0,345.5498454228531
3007,1503.5,333.7114951537954
3008,1504.0,322.6431794511091
3009,1504.5,312.27327362774787
3010,1505.0,302.5381132692315
3011,1505.5,293.3823584905403
3012,1506.0,284.75609390290265
3013,1506.5,276.6158906185775
3014,1507.0,268.92215141980876
3015,1507.5,261.6402050215257
3016,1508.0,254.73833839590876
3017,1508.5,248.18847048435532
3018,1509.0,241.9649434747497
3019,1509.5,236.04475688047117
3020,1510.0,230.40694782380928
3021,1510.5,225.0324869989356
3022,1511.0,219.90409330444888
3023,1511.5,215.0058814224519
3024,1512.0,210.32348648700128
3025,1512.5,205.84354223313503
3026,1513.0,201.55401395795812
3027,1513.5,197.4435766517991
3028,1514.0,193.502055313476
3029,1514.5,189.71984599728736
3030,1515.0,186.08823583875846
3031,1515.5,182.5990482047142
3032,1516.0,179.2447798632737
3033,1516.5,176.01842550419
3034,1517.0,172.91349450016367
3035,1517.5,169.92394635236613
3036,1518.0,167.04414617113932
3037,1518.5,164.2688509522722
3038,1519.0,161.59315567509518
3039,1519.5,159.01247825622733
3040,1520.0,156.52254178475428
3041,1520.5,154.11931708806395
3042,1521.0,151.79905983837133
3043,1521.5,149.55821848853904
3044,1522.0,147.39349457782185
3045,1522.5,145.30175561984962
3046,1523.0,143.2800759335489
3047,1523.5,141.3256932314471
3048,1524.0,139.4359935105044
3049,1524.5,137.60854393817166
3050,1525.0,135.84099084347196
3051,1525.5,134.13119655808345
3052,1526.0,132.47702452899262
3053,1526.5,130.87660309105098
3054,1527.0,129.32798799369417
3055,1527.5,127.82951381062807
3056,1528.0,126.37943814270908
3057,1528.5,124.9762520474632
3058,1529.0,123.61840700372635
3059,1529.5,122.30452188580149
3060,1530.0,121.03322541280126
3061,1530.5,119.80324328599548
3062,1531.0,118.61336650787624
3063,1531.5,117.46241016696602
3064,1532.0,116.34931387697061
3065,1532.5,115.27296779474942
3066,1533.0,114.23244743856696
3067,1533.5,113.2267064731163
3068,1534.0,112.25494432540367
3069,1534.5,111.316169054944
3070,1535.0,110.40969251285435
3071,1535.5,109.53458024556183
3072,1536.0,108.6902151766568
3073,1536.5,113.56601478813418
3074,1537.0,119.79787209057962
3075,1537.5,126.69842239876381
3076,1538.0,134.3818109509605
3077,1538.5,142.99197668001844
3078,1539.0,152.70901903040632
3079,1539.5,163.76517442276918
3080,1540.0,176.46122897996852
3081,1540.5,191.19761550472052
3082,1541.0,208.51551398969409
3083,1541.5,229.16843637673168
3084,1542.0,254.23371344094653
3085,1542.5,285.31129782011703
3086,1543.0,324.88013624600063
3087,1543.5,377.0022063488621
3088,1544.0,448.82113778409587
3089,1544.5,554.1739382007192
3090,1545.0,723.8208665315012
3091,1545.5,1042.7218420179217
3092,1546.0,1863.3709964926197
3093,1546.5,8755.501570299562
3094,1547.0,-3240.8764774714386
3095,1547.5,-1366.3051878291471
3096,1548.0,-865.008798350663
3097,1548.5,-632.4009332797525
3098,1549.0,-498.0585286981752
3099,1549.5,-410.53142252199336
3100,1550.0,-348.95190327572857
3101,1550.5,-303.2494915152552
3102,1551.0,-267.9697793094419
3103,1551.5,-239.8991596429446
3104,1552.0,-217.02389845334866
3105,1552.5,-198.01523749752786
3106,1553.0,-181.9639518075975
3107,1553.5,-168.2237846165975
3108,1554.0,-156.32615430240762
3109,1554.5,-145.91951172080567
3110,1555.0,-136.7387284139101
3111,1555.5,-128.5761565568892
3112,1556.0,-121.27105897599073
3113,1556.5,-114.69274008193416
3114,1557.0,-108.73841177415561
3115,1557.5,-103.32174089263862
3116,1558.0,-98.37391931967312
3117,1558.5,-93.83586944533616
3118,1559.0,-89.65963369093954
3119,1559.5,-85.80361560014263
3120,1560.0,-82.23328090433192
3121,1560.5,-78.91865257052592
3122,1561.0,-75.83413729688563
3123,1561.5,-72.95773560531397
3124,1562.0,-56.19151038064894
3125,1562.5,-40.48419694283733
3126,1563.0,-31.459570329901112
3127,1563.5,-25.583931140549723
3128,1564.0,-21.447361117672116
3129,1564.5,-18.383504255226224
3130,1565.0,-16.034096438114883
3131,1565.5,-14.192207924568871
3132,1566.0,-12.73038827093818
3133,1566.5,-11.566070192889924
3134,1567.0,-10.64470809192139
3135,1567.5,-9.928731250040089
3136,1568.0,-9.391921488210642
3137,1568.5,-9.015556030117214
3138,1569.0,-8.786401659967668
3139,1569.5,-8.98657211263229
3140,1570.0,-9.71856163912837
3141,1570.5,-10.413466818615847
3142,1571.0,-11.047003795139792
3143,1571.5,-11.598935904613468
3144,1572.0,-12.048904724234408
3145,1572.5,-12.380111752750192
3146,1573.0,-12.578449633185768
3147,1573.5,-12.633704674958059
3148,1574.0,-12.539984494681551
3149,1574.5,-12.296036058924008
3150,1575.0,-11.905994544671218
3151,1575.5,-11.492160004850735
3152,1576.0,-11.623865030591675
3153,1576.5,-11.873454368969199
3154,1577.0,-12.248851167692774
3155,1577.5,-12.761159476881152
3156,1578.0,-13.42401201057859
3157,1578.5,-14.256027062998045
3158,1579.0,-15.281645791087648
3159,1579.5,-16.534147996493306
3160,1580.0,-18.05899767328548
3161,1580.5,-19.920532410621384
3162,1581.0,-22.20974535214899
3163,1581.5,-25.063794805759485
3164,1582.0,-28.690077336437675
3165,1582.5,-33.42806228828308
3166,1583.0,-39.85639846535828
3167,1583.5,-49.06570397302231
3168,1584.0,-63.3540408836934
3169,1584.5,-88.56939894189433
3170,1585.0,-145.17024388405895
3171,1585.5,-390.0874184519246
3172,1586.0,588.8326080403206
3173,1586.5,169.15173857735562
3174,1587.0,99.10489075621425
3175,1587.5,85.76025601588927
3176,1588.0,82.77809939474025
3177,1588.5,79.93902681836155
3178,1589.0,77.23046190010702
3179,1589.5,74.64117524793106
3180,1590.0,72.16163873559157
3181,1590.5,69.78338513682066
3182,1591.0,67.4990322064081
3183,1591.5,65.3021821897713
3184,1592.0,63.18697965525201
3185,1592.5,61.14861401343907
3186,1593.0,59.18233040814063
3187,1593.5,57.2845539440339
3188,1594.0,55.45133981479273
3189,1594.5,53.68007930121522
3190,1595.0,51.96744511803118
3191,1595.5,50.31157706951034
3192,1596.0,48.70964460446865
3193,1596.5,47.160352147222376
3194,1597.0,45.66129739826847
3195,1597.5,44.21158904355441
3196,1598.0,42.80922147990016
3197,1598.5,41.453566026493014
3198,1599.0,40.143006205031845
3199,1599.5,38.87705197690498
3200,1600.0,37.65448098884927
3201,1600.5,36.47483691663919
3202,1601.0,35.337298813363
3203,1601.5,34.24136117418984
3204,1602.0,33.186604808504654
3205,1602.5,32.17241779559785
3206,1603.0,31.19876822648486
3207,1603.5,30.264909594831135
3208,1604.0,29.37105494893171
3209,1604.5,28.516647125691584
3210,1605.0,27.701751602814483
3211,1605.5,26.926177464049058
3212,1606.0,26.189763753430743
3213,1606.5,25.49262299522374
3214,1607.0,24.83447803502887
3215,1607.5,24.21552655546881
3216,1608.0,23.63567798492977
3217,1608.5,23.094953319138984
3218,1609.0,22.593428950502535
3219,1609.5,22.131077104526796
3220,1610.0,21.707995305296265
3221,1610.5,21.324206534289747
3222,1611.0,20.979770839050474
3223,1611.5,20.67470678204804
3224,1612.0,20.40909215239992
3225,1612.5,20.445573747292354
3226,1613.0,21.38584725249657
3227,1613.5,22.42903198560327
3228,1614.0,23.583120250677922
3229,1614.5,24.85658890458188
3230,1615.0,26.260764184225653
3231,1615.5,27.808244187972267
3232,1616.0,29.514522132571024
3233,1616.5,31.398760866626702
3234,1617.0,33.48295179893423
3235,1617.5,35.79645634401303
3236,1618.0,38.37206112863707
3237,1618.5,41.255203072189495
3238,1619.0,44.49865488571961
3239,1619.5,48.17448662582333
3240,1620.0,52.3720515816888
3241,1620.5,57.21382085263364
3242,1621.0,62.86074727627879
3243,1621.5,69.53985871183595
3244,1622.0,77.56872220428939
3245,1622.5,87.42006783972394
3246,1623.0,99.8107180222639
3247,1623.5,115.90586025904881
3248,1624.0,137.70039783169892
3249,1624.5,168.9654677057176
3250,1625.0,217.7095522920239
3251,1625.5,304.60064786791844
3252,1626.0,503.9448297990351
3253,1626.5,1441.643922152049
3254,1627.0,-1688.127083663281
3255,1627.5,-532.7072158620341
3256,1628.0,-316.0350878296867
3257,1628.5,-224.3808671336888
3258,1629.0,-173.6692919585154
3259,1629.5,-141.41165063116816
3260,1630.0,-119.04166525792502
3261,1630.5,-102.58605542557612
3262,1631.0,-89.95152238659254
3263,1631.5,-79.92830518799262
3264,1632.0,-71.77204549592284
3265,1632.5,-64.995657975675
3266,1633.0,-59.27181764210241
3267,1633.5,-54.36754691233503
3268,1634.0,-50.11779646824427
3269,1634.5,-46.39735800071561
3270,1635.0,-43.114635935475185
3271,1635.5,-40.19655597155677
3272,1636.0,-37.588494277299326
3273,1636.5,-35.245221130417704
3274,1637.0,-33.13222719020659
3275,1637.5,-31.220351536523697
3276,1638.0,-29.48670640023781
3277,1638.5,-30.381205535016242
3278,1639.0,-32.42518359769988
3279,1639.5,-34.86549929632733
3280,1640.0,-37.80368540391039
3281,1640.5,-41.38121570321248
3282,1641.0,-45.80441990817969
3283,1641.5,-51.38123175588735
3284,1642.0,-58.59725623778187
3285,1642.5,-68.25975934598436
3286,1643.0,-81.8195376448041
3287,1643.5,-102.16705867177525
3288,1644.0,-136.00743238268018
3289,1644.5,-203.23382521510086
3290,1645.0,-400.772042510744
3291,1645.5,-12418.380877739757
3292,1646.0,430.90000464136676
3293,1646.5,212.5341464005528
3294,1647.0,141.44826551294133
3295,1647.5,106.25928217488348
3296,1648.0,85.28770076304865
3297,1648.5,71.38872908591003
3298,1649.0,61.52252804803922
3299,1649.5,54.17357331369476
3300,1650.0,48.506228909880825
3301,1650.5,44.01725340505429
3302,1651.0,40.3911934850572
3303,1651.5,37.414731795170304
3304,1652.0,50.97785180737198
3305,1652.5,115.68264071188335
3306,1653.0,-455.5558907446675
3307,1653.5,-76.51602496934498
3308,1654.0,-41.419036705321666
3309,1654.5,-28.115262155035488
3310,1655.0,-21.06283671423283
3311,1655.5,-16.68026595145428
3312,1656.0,-13.696802072045754
3313,1656.5,-11.553793757675553
3314,1657.0,-9.967890757468618
3315,1657.5,-8.78240893684887
3316,1658.0,-7.905203009765601
3317,1658.5,-7.279629137988728
3318,1659.0,-6.869251518898088
3319,1659.5,-6.782563096949293
3320,1660.0,-7.6200963088060645
3321,1660.5,-8.54022506154529
3322,1661.0,-9.525984440672994
3323,1661.5,-10.55421563534644
3324,1662.0,-11.604295174642639
3325,1662.5,-12.64875481738864
3326,1663.0,-13.660776313324837
3327,1663.5,-14.608963668012713
3328,1664.0,-15.459160996140927
3329,1664.5,-16.17418445189473
3330,1665.0,-16.7144969717952
3331,1665.5,-17.037456473037427
3332,1666.0,-16.798701392960464
3333,1666.5,-16.37800126179707
3334,1667.0,-16.01354004229935
3335,1667.5,-15.70525527456598
3336,1668.0,-15.454292634431546
3337,1668.5,-15.260815408883959
3338,1669.0,-15.125663144719718
3339,1669.5,-15.04929391206431
3340,1670.0,-15.032349128616994
3341,1670.5,-15.07543084142343
3342,1671.0,-15.179235946411557
3343,1671.5,-15.3443983220557
3344,1672.0,-15.571759488058461
3345,1672.5,-15.862119664295186
3346,1673.0,-16.216417584322325
3347,1673.5,-16.635787874469692
3348,1674.0,-17.121407604057094
3349,1674.5,-17.67472970336824
3350,1675.0,-18.297343576292263
3351,1675.5,-18.991264585534854
3352,1676.0,-19.758553839580905
3353,1676.5,-20.601900509862887
3354,1677.0,-21.524416716185684
3355,1677.5,-22.529247157103804
3356,1678.0,-23.621001143784063
3357,1678.5,-24.804009616445192
3358,1679.0,-26.084175533110397
3359,1679.5,-27.468127067651498
3360,1680.0,-28.963175904865047
3361,1680.5,-30.57925985293734
3362,1681.0,-32.325875113851055
3363,1681.5,-34.21718149557682
3364,1682.0,-36.26717422474375
3365,1682.5,-38.4950933208285
3366,1683.0,-40.92208504994133
3367,1683.5,-43.57541218402917
3368,1684.0,-46.48720205058959
3369,1684.5,-49.697979708299734
3370,1685.0,-53.25764035353174
3371,1685.5,-57.22952999270274
3372,1686.0,-61.69425111417024
3373,1686.5,-66.75664510944502
3374,1687.0,-72.55467774433333
3375,1687.5,-79.27459159608146
3376,1688.0,-87.17230788395229
3377,1688.5,-96.61136869010126
3378,1689.0,-108.12292107923167
3379,1689.5,-122.51827897730884
3380,1690.0,-141.09710631394952
3381,1690.5,-166.08299595212762
3382,1691.0,-184.0596265531906
3383,1691.5,-182.7765555519854
3384,1692.0,-181.50019274888822
3385,1692.5,-180.23069827836832
3386,1693.0,-178.9679340467783
3387,1693.5,-177.71208338092396
3388,1694.0,-176.46298747412663
3389,1694.5,-175.22084909483522
3390,1695.0,-173.98549254913803
3391,1695.5,-172.75713611085038
3392,1696.0,-171.53559119771143
3393,1696.5,-170.3210859639906
3394,1697.0,-169.11342767211713
3395,1697.5,-167.91284528075786
3396,1698.0,-166.71914847107527
3397,1698.5,-165.5325639688283
3398,1699.0,-164.35290226121032
3399,1699.5,-163.18039176447002
3400,1700.0,-162.01483979933624
3401,1700.5,-160.85647657946433
3402,1701.0,-159.70511385536673
3403,1701.5,-158.560973271945
3404,1702.0,-157.42387913562763
3405,1702.5,-156.29403813722845
3406,1703.0,-155.17129220614845
3407,1703.5,-154.05582865863252
3408,1704.0,-152.94751141582356
3409,1704.5,-151.84650407135393
3410,1705.0,-150.75269681904234
3411,1705.5,-149.66622528476498
3412,1706.0,-148.58701009762294
3413,1706.5,-147.5151548038813
3414,1707.0,-146.45061448179922
3415,1707.5,-145.39345664968712
3416,1708.0,-144.3436746699709
3417,1708.5,-143.30129627811328
3418,1709.0,-142.26635674707867
3419,1709.5,-141.23884049748682
3420,1710.0,-140.21882810134332
3421,1710.5,-139.20625738418073
3422,1711.0,-138.20125733916672
3423,1711.5,-137.20371619633246
3424,1712.0,-136.21381054223212
3425,1712.5,-135.23138728542412
3426,1713.0,-134.2566365307565
3427,1713.5,-133.28944200554741
3428,1714.0,-132.32993161360275
3429,1714.5,-131.37805262027092
3430,1715.0,-130.43386857309824
3431,1715.5,-129.4973922068644
3432,1716.0,-128.5686209618388
3433,1716.5,-128.25814466768958
3434,1717.0,-133.49448169870774
3435,1717.5,-139.25597656951703
3436,1718.0,-145.61878078014368
3437,1718.5,-152.67281951192336
3438,1719.0,-160.52888353197827
3439,1719.5,-169.32181636571806
3440,1720.0,-179.21955661724508
3441,1720.5,-190.43273618532737
3442,1721.0,-203.22943732786413
3443,1721.5,-217.95664414177674
3444,1722.0,-235.07060265840983
3445,1722.5,-255.1844510671124
3446,1723.0,-279.14145463720706
3447,1723.5,-308.1337519842671
3448,1724.0,-343.90477273623895
3449,1724.5,-389.1079245673014
3450,1725.0,-447.9894700721221
3451,1725.5,-527.7994668574987
3452,1726.0,-642.0002196701611
3453,1726.5,-818.7848494415534
3454,1727.0,-1128.6707852731179
3455,1727.5,-1812.0883239752459
3456,1728.0,-4563.508283885383
3457,1728.5,8931.453631022543
3458,1729.0,2266.515535430783
3459,1729.5,1301.4312057602854
3460,1730.0,914.6549603082954
3461,1730.5,706.3413165741891
3462,1731.0,576.1887016239671
3463,1731.5,487.2239528385944
3464,1732.0,422.59514817755587
3465,1732.5,373.56118877177204
3466,1733.0,335.1029120700938
3467,1733.5,304.1597681607495
3468,1734.0,278.73925993893124
3469,1734.5,257.50304543954746
3470,1735.0,239.50860523961452
3471,1735.5,224.08009071826444
3472,1736.0,210.71567271672208
3473,1736.5,199.03767680615505
3474,1737.0,188.75510757658415
3475,1737.5,179.6404501411703
3476,1738.0,171.51368235032413
3477,1738.5,164.2296163379567
3478,1739.0,157.67102865006993
3479,1739.5,151.74100127039685
3480,1740.0,146.35990668331374
3481,1740.5,141.46072700365792
3482,1741.0,136.98736402188905
3483,1741.5,132.89220177511206
3484,1742.0,138.66214860766928
3485,1742.5,159.53367731727366
3486,1743.0,187.14274990081293
3487,1743.5,225.46588355749714
3488,1744.0,282.4114359237542
3489,1744.5,376.1583100233074
3490,1745.0,560.1151883823635
3491,1745.5,1087.4045701387156
3492,1746.0,16966.549929389505
3493,1746.5,-1251.992516200416
3494,1747.0,-604.0345384633167
3495,1747.5,-397.8423517853362
3496,1748.0,-296.3073966540768
3497,1748.5,-235.76255739533113
3498,1749.0,-195.47686458311645
3499,1749.5,-166.6855255550848
3500,1750.0,-145.0403805955727
3501,1750.5,-128.14661467018144
3502,1751.0,-114.56726186650226
3503,1751.5,-103.39908709029692
3504,1752.0,-94.03447344695688
3505,1752.5,-86.0606628386007
3506,1753.0,-79.17797519532341
3507,1753.5,-73.17181471960834
3508,1754.0,-67.87790639645952
3509,1754.5,-63.174042889766746
3510,1755.0,-58.96288393143359
3511,1755.5,-55.17003576755053
3512,1756.0,-51.73420175989064
3513,1756.5,-48.60785818325451
3514,1757.0,-45.75037701252218
3515,1757.5,-43.13040845551455
3516,1758.0,-40.71973554806536
3517,1758.5,-38.49733636939052
3518,1759.0,-36.44270433787134
3519,1759.5,-34.541538471113185
3520,1760.0,-32.77889182970742
3521,1760.5,-31.14432518963428
3522,1761.0,-29.62735705572341
3523,1761.5,-28.219696871170566
3524,1762.0,-26.914279738489583
3525,1762.5,-25.704222017946012
3526,1763.0,-24.584764220631424
3527,1763.5,-23.550671193397754
3528,1764.0,-22.598115760177805
3529,1764.5,-21.723598008732015
3530,1765.0,-20.92372599369114
3531,1765.5,-20.196130465127556
3532,1766.0,-19.53832586700974
3533,1766.5,-18.948277230571584
3534,1767.0,-18.42425016261465
3535,1767.5,-18.200270472930015
3536,1768.0,-18.612798515940494
3537,1768.5,-19.072453196943698
3538,1769.0,-19.579104198435328
3539,1769.5,-20.13280427744092
3540,1770.0,-20.733547994865017
3541,1770.5,-21.381186090808402
3542,1771.0,-22.07597098385123
3543,1771.5,-22.81776550318355
3544,1772.0,-23.606742174286083
3545,1772.5,-24.443212382617208
3546,1773.0,-25.32692835608541
3547,1773.5,-26.258683329515026
3548,1774.0,-27.238358059926373
3549,1774.5,-28.26661741256344
3550,1775.0,-29.343921716623946
3551,1775.5,-30.470611965995715
3552,1776.0,-31.64785072008346
3553,1776.5,-32.87570265856313
3554,1777.0,-34.15599581918143
3555,1777.5,-35.48878170947793
3556,1778.0,-36.8763002201495
3557,1778.5,-38.31903863852884
3558,1779.0,-39.81942791214843
3559,1779.5,-41.37851311732575
3560,1780.0,-42.99909854909848
3561,1780.5,-44.68280334418118
3562,1781.0,-46.43301734249443
3563,1781.5,-48.251991319986125
3564,1782.0,-50.14393977425275
3565,1782.5,-52.11187306727634
3566,1783.0,-54.161099359344114
3567,1783.5,-56.29562249961577
3568,1784.0,-58.52206234836084
3569,1784.5,-60.846081190414715
3570,1785.0,-63.27571519397404
3571,1785.5,-65.81896803850522
3572,1786.0,-68.48586572693384
3573,1786.5,-71.28747010062649
3574,1787.0,-74.23680017805823
3575,1787.5,-77.34895904263921
3576,1788.0,-80.64150824528907
3577,1788.5,-84.13507326129303
3578,1789.0,-87.8541719399155
3579,1789.5,-91.82730667191724
3580,1790.0,-96.0897979596206
3581,1790.5,-100.68221368402662
3582,1791.0,-105.65625325084883
3583,1791.5,-111.07251475009382
3584,1792.0,-117.00890842825488
3585,1792.5,-123.56011913171884
3586,1793.0,-131.54846765909426
3587,1793.5,-144.83232123338388
3588,1794.0,-161.49839960317198
3589,1794.5,-182.99680830588974
3590,1795.0,-211.74808584975736
3591,1795.5,-252.1171133681544
3592,1796.0,-312.8515859284583
3593,1796.5,-414.4349760956236
3594,1797.0,-618.6826838717974
3595,1797.5,-1239.0914594730143
3596,1798.0,68448.83695735697
3597,1798.5,1179.0649711835626
3598,1799.0,590.6033274908514
3599,1799.5,392.28853771235197
3600,1800.0,292.76723250778207
3601,1800.5,232.99217374543503
3602,1801.0,193.13511314985564
3603,1801.5,164.69378451606906
3604,1802.0,143.39028104317939
3605,1802.5,126.85693075994611
3606,1803.0,113.66383152719989
3607,1803.5,102.90472231434659
3608,1804.0,93.97321869566039
3609,1804.5,86.44987650082088
3610,1805.0,80.03565277418542
3611,1805.5,74.51018324197156
3612,1806.0,69.70965638887864
3613,1806.5,65.50760477691203
3614,1807.0,61.806795178315866
3615,1807.5,58.52993751844482
3616,1808.0,55.61559419375995
3617,1808.5,53.014024237528766
3618,1809.0,50.68470120313892
3619,1809.5,48.594116435477865
3620,1810.0,46.71470794828289
3621,1810.5,45.023042616166265
3622,1811.0,43.49973700378358
3623,1811.5,42.12810518900431
3624,1812.0,40.894037138198634
3625,1812.5,39.78551192306937
3626,1813.0,38.79192173449037
3627,1813.5,37.90455930796997
3628,1814.0,37.11522601798565
3629,1814.5,36.417566036818634
3630,1815.0,35.80519024692157
3631,1815.5,35.27324546008565
3632,1816.0,34.816857228956586
3633,1816.5,34.432216954107105
3634,1817.0,34.115565021892984
3635,1817.5,33.863890291000786
3636,1818.0,33.674251513996744
3637,1818.5,31.961574939557778
3638,1819.0,29.217984867932824
3639,1819.5,26.77574221812924
3640,1820.0,24.574269740992865
3641,1820.5,22.572583626822116
3642,1821.0,20.741585734554878
3643,1821.5,19.059599174057464
3644,1822.0,17.51243105932664
3645,1822.5,16.088141735058183
3646,1823.0,14.779951976921616
3647,1823.5,13.581384574208052
3648,1824.0,12.489711130137414
3649,1824.5,11.501570699665423
3650,1825.0,10.61666188964878
3651,1825.5,9.83337599964564
3652,1826.0,9.15267113512764
3653,1826.5,9.338547296606084
3654,1827.0,10.258534877869442
3655,1827.5,11.469250394805023
3656,1828.0,13.052436844678628
3657,1828.5,15.141193075544482
3658,1829.0,17.960683867098677
3659,1829.5,21.92785390868298
3660,1830.0,27.883538443946577
3661,1830.5,37.83829874004349
3662,1831.0,57.97573208061223
3663,1831.5,121.279832952676
3664,1832.0,-7253.495334599129
3665,1832.5,-3943.0054217540533
3666,1833.0,-2707.5023707630808
3667,1833.5,-2061.6342654231235
3668,1834.0,-1664.6332818973776
3669,1834.5,-1395.9042588365082
3670,1835.0,-1201.9329043126802
3671,1835.5,-1055.3394115273807
3672,1836.0,-940.6588532784187
3673,1836.5,-848.4976290331952
3674,1837.0,-772.8184420302488
3675,1837.5,-709.566279223078
3676,1838.0,-655.9144555770926
3677,1838.5,-609.8342555438564
3678,1839.0,-569.8301673502953
3679,1839.5,-534.7769849287095
3680,1840.0,-503.81068602319607
3681,1840.5,-476.25774672692444
3682,1841.0,-451.58468346427054
3683,1841.5,-429.36395033056306
3684,1842.0,-409.2485920103125
3685,1842.5,-390.9542311848237
3686,1843.0,-374.24561918892135
3687,1843.5,-358.92626485598663
3688,1844.0,-357.6125276109305
3689,1844.5,-365.6134153323012
3690,1845.0,-373.97177730065954
3691,1845.5,-382.7122061796307
3692,1846.0,-391.86124433119176
3693,1846.5,-401.4484166466146
3694,1847.0,-411.50566273982776
3695,1847.5,-422.0686874851649
3696,1848.0,-433.17637019984596
3697,1848.5,-444.87221317039354
3698,1849.0,-457.20403136019905
3699,1849.5,-470.2254061291941
3700,1850.0,-483.9957702989248
3701,1850.5,-498.58191605446683
3702,1851.0,-514.0586039341586
3703,1851.5,-530.5102118729143
3704,1852.0,-548.0320565230451
3705,1852.5,-566.7323349176198
3706,1853.0,-586.7344450483022
3707,1853.5,-608.1794840592249
3708,1854.0,-631.2300230562001
3709,1854.5,-656.0736276156829
3710,1855.0,-682.9288399794347
3711,1855.5,-712.0505631749583
3712,1856.0,-743.73955684795
3713,1856.5,-778.3512545916393
3714,1857.0,-816.3111588287901
3715,1857.5,-858.1301452974674
3716,1858.0,-904.4303067774657
3717,1858.5,-955.9733479854845
3718,1859.0,-1013.7057384755827
3719,1859.5,-1078.814720412069
3720,1860.0,-1152.8136150264218
3721,1860.5,-1237.6585659831271
3722,1861.0,-1335.9266127303833
3723,1861.5,-1451.0801040735892
3724,1862.0,-1587.8855218007518
3725,1862.5,-1753.0886756199534
3726,1863.0,-1956.5633687705179
3727,1863.5,-2213.360506052728
3728,1864.0,-2547.6138405844417
3729,1864.5,-3000.609528921589
3730,1865.0,-3649.3138448576838
3731,1865.5,-4655.547750056741
3732,1866.0,-6427.402209626932
3733,1866.5,-10375.490447924309
3734,1867.0,-26891.126813849158
3735,1867.5,45453.820254852246
3736,1868.0,12317.856490454778
3737,1868.5,7124.384311336118
3738,1869.0,5011.464578955166
3739,1869.5,3865.1309406592454
3740,1870.0,3145.564421451388
3741,1870.5,2651.8301854079764
3742,1871.0,2292.0231806693196
3743,1871.5,2018.1511396412889
3744,1872.0,1802.705013072471
3745,1872.5,1628.7856574075065
3746,1873.0,1485.4376471647101
3747,1873.5,1365.2481309629468
3748,1874.0,1263.0213606642717
3749,1874.5,1175.0079842596917
3750,1875.0,1098.4341196605867
3751,1875.5,1031.2037186157131
3752,1876.0,971.7033601864554
3753,1876.5,918.6708518763495
3754,1877.0,871.1047708609403
3755,1877.5,828.2001267900159
3756,1878.0,789.3028686796638
3757,1878.5,753.8755676606321
3758,1879.0,721.4731617423657
3759,1879.5,691.7232086244811
3760,1880.0,664.312468138735
3761,1880.5,638.9746950381725
3762,1881.0,615.4831196778713
3763,1881.5,593.6423493749081
3764,1882.0,573.2842154314379
3765,1882.5,554.2621304612783
3766,1883.0,536.4487115687226
3767,1883.5,519.7318761697935
3768,1884.0,504.01335980458805
3769,1884.5,489.20601950924595
3770,1885.0,475.2328315799358
3771,1885.5,462.02504068569226
3772,1886.0,449.52140965641115
3773,1886.5,437.6669816440711
3774,1887.0,426.4124485729352
3775,1887.5,415.71337231981903
3776,1888.0,405.5295937264043
3777,1888.5,395.8248068405745
3778,1889.0,386.5659634982322
3779,1889.5,377.72312496110663
3780,1890.0,369.26883733128466
3781,1890.5,361.17820455712103
3782,1891.0,353.4282225556101
3783,1891.5,345.99803062041343
3784,1892.0,338.86820009252517
3785,1892.5,332.02112252272644
3786,1893.0,325.4402917267799
3787,1893.5,319.11071923501987
3788,1894.0,313.01831866659376
3789,1894.5,307.1502312344264
3790,1895.0,305.535806966217
3791,1895.5,310.1510980270199
3792,1896.0,314.9161450081159
3793,1896.5,319.837960789819
3794,1897.0,324.9240542444584
3795,1897.5,330.18241175005437
3796,1898.0,335.6215552143305
3797,1898.5,341.25060955920515
3798,1899.0,347.07929448664083
3799,1899.5,353.1180743955554
3800,1900.0,359.3780922459538
3801,1900.5,365.87139817689024
3802,1901.0,372.610835439179
3803,1901.5,379.6103438894639
3804,1902.0,386.8848129712657
3805,1902.5,394.450441395771
3806,1903.0,402.3246053150588
3807,1903.5,410.52622232735365
3808,1904.0,419.0757035044809
3809,1904.5,427.9952854849827
3810,1905.0,437.3090925436804
3811,1905.5,447.0434526245368
3812,1906.0,457.2270739210206
3813,1906.5,467.89137179214595
3814,1907.0,479.07076826951476
3815,1907.5,490.80306564099004
3816,1908.0,503.1298835083928
3817,1908.5,516.0971276024239
3818,1909.0,529.7555888524315
3819,1909.5,544.1615748749842
3820,1910.0,559.3777112912151
3821,1910.5,575.4738318785991
3822,1911.0,592.5280480590286
3823,1911.5,610.628035746903
3824,1912.0,629.8724927044619
3825,1912.5,650.3730060553758
3826,1913.0,672.2561236378083
3827,1913.5,695.666066227185
3828,1914.0,720.7677969869876
3829,1914.5,747.7510137483636
3830,1915.0,776.8348518922678
3831,1915.5,808.2739112006301
3832,1916.0,842.3656857122174
3833,1916.5,879.4599786176373
3834,1917.0,919.9710251902272
3835,1917.5,964.3928310490222
3836,1918.0,1013.3197044456225
3837,1918.5,1067.4725171316888
3838,1919.0,1127.735095514061
3839,1919.5,1195.2018875763165
3840,1920.0,1271.2462220286695
3841,1920.5,1357.6131259896056
3842,1921.0,1456.5568003501883
3843,1921.5,1571.0378801300662
3844,1922.0,1705.0270439772744
3845,1922.5,1863.972318794172
3846,1923.0,2055.560409737805
3847,1923.5,2290.994281070216
3848,1924.0,2587.2674040688507
3849,1924.5,2971.4562698079394
3850,1925.0,3489.5045094558027
3851,1925.5,4226.121545319544
3852,1926.0,5356.596575497464
3853,1926.5,7312.060168713964
3854,1927.0,11514.342879630965
3855,1927.5,27063.997255799342
3856,1928.0,-77308.87624634121
3857,1928.5,-15922.189153225927
3858,1929.0,-8876.217783115448
3859,1929.5,-6153.822800899391
3860,1930.0,-4709.771464333523
3861,1930.5,-3814.8667160668547
3862,1931.0,-3205.9175284116204
3863,1931.5,-2764.7456734702805
3864,1932.0,-2430.412782227148
3865,1932.5,-2168.30173081367
3866,1933.0,-1957.2948160764656
3867,1933.5,-1783.775007001248
3868,1934.0,-1638.5692423782698
3869,1934.5,-1515.2712680082045
3870,1935.0,-1409.2720241115694
3871,1935.5,-1317.1708142014286
3872,1936.0,-1236.4031884009523
3873,1936.5,-1164.999580029364
3874,1937.0,-1101.4212183907655
3875,1937.5,-1044.4497112565293
3876,1938.0,-993.1063623990909
3877,1938.5,-946.5975653600041
3878,1939.0,-904.2713318886792
3879,1939.5,-865.5888505584195
3880,1940.0,-830.099107745784
3881,1940.5,-797.4234903677975
3882,1941.0,-767.2402042320892
3883,1941.5,-739.275410493466
3884,1942.0,-713.2934294131129
3885,1942.5,-689.0912985082855
3886,1943.0,-666.4924959830059
3887,1943.5,-645.3433938172564
3888,1944.0,-625.5091974203732
3889,1944.5,-606.8714712469787
3890,1945.0,-589.3255360050038
3891,1945.5,-572.7786032163751
3892,1946.0,-568.1566051950407
3893,1946.5,-576.852021628849
3894,1947.0,-585.8100384491931
3895,1947.5,-595.0428246730643
3896,1948.0,-604.5631538816011
3897,1948.5,-614.3848115135312
3898,1949.0,-624.5222416744956
3899,1949.5,-634.9911150443342
3900,1950.0,-645.807836430537
3901,1950.5,-656.9902833239582
3902,1951.0,-668.5571829988819
3903,1951.5,-680.5289897419623
3904,1952.0,-692.9272328997139
3905,1952.5,-705.7753793563227
3906,1953.0,-719.0983095059414
3907,1953.5,-732.923092851243
3908,1954.0,-747.2786228422185
3909,1954.5,-762.1963054382975
3910,1955.0,-777.709873007805
3911,1955.5,-793.8559881457358
3912,1956.0,-810.674261287097
3913,1956.5,-828.2077756979224
3914,1957.0,-846.5033395550458
3915,1957.5,-865.6119434141646
3916,1958.0,-885.5892860029505
3917,1958.5,-906.4961835246572
3918,1959.0,-928.3994204687268
3919,1959.5,-951.3721422640978
3920,1960.0,-975.4950998755149
3921,1960.5,-1000.857075878691
3922,1961.0,-1027.556617456107
3923,1961.5,-1055.7025747039734
3924,1962.0,-1085.4164557757308
3925,1962.5,-1116.8332014857765
3926,1963.0,-1150.1043570823535
3927,1963.5,-1185.3992798894092
3928,1964.0,-1222.9093918082804
3929,1964.5,-1262.8502719888234
3930,1965.0,-1305.4671650389569
3931,1965.5,-1351.0387647338168
3932,1966.0,-1399.8845245182495
3933,1966.5,-1452.3710748430613
3934,1967.0,-1508.9224780254651
3935,1967.5,-1570.0308239932315
3936,1968.0,-1636.2714326771058
3937,1968.5,-1708.320355476067
3938,1969.0,-1786.9781703158644
3939,1969.5,-1873.199434555188
3940,1970.0,-1968.132027268407
3941,1970.5,-2073.1684038775898
3942,1971.0,-2190.014525203926
3943,1971.5,-2320.783403956102
3944,1972.0,-2468.123964252656
3945,1972.5,-2635.402892327443
3946,1973.0,-2826.964745984487
3947,1973.5,-3048.5156703257217
3948,1974.0,-3307.701037116566
3949,1974.5,-3615.0070579190315
3950,1975.0,-3985.213886721053
3951,1975.5,-4439.845778944989
3952,1976.0,-5011.511399929501
3953,1976.5,-5752.09468002041
3954,1977.0,-6749.466276618848
3955,1977.5,-8165.2273303906795
3956,1978.0,-10332.576921649917
3957,1978.5,-14066.373740902764
3958,1979.0,-22026.06291174135
3959,1979.5,-50739.50670944842
3960,1980.0,167062.3319179343
3961,1980.5,31563.068822909598
3962,1981.0,17426.92229415965
3963,1981.5,12035.736732878082
3964,1982.0,9191.732700423387
3965,1982.5,7434.640062318015
3966,1983.0,6241.312603729699
3967,1983.5,5377.919524344781
3968,1984.0,4724.235782250327
3969,1984.5,4212.122206802631
3970,1985.0,3800.074725392469
3971,1985.5,3461.3683547263004
3972,1986.0,3178.0174278269023
3973,1986.5,2937.472045420204
3974,1987.0,2730.7103683499035
3975,1987.5,2551.0783815593695
3976,1988.0,2393.563044466304
3977,1988.5,2254.313469135457
3978,1989.0,2130.3251250249473
3979,1989.5,2019.2167452592178
3980,1990.0,1919.079513053546
3981,1990.5,1828.3624754340458
3982,1991.0,1745.7955010760757
3983,1991.5,1670.325319991508
3984,1992.0,1601.0743051749032
3985,1992.5,1537.3023346984214
3986,1993.0,1478.3835551617672
3987,1993.5,1423.7828192575844
3988,1994.0,1373.0418491985647
3989,1994.5,1325.7641872052727
3990,1995.0,1281.60657401283
3991,1995.5,1240.2691061106184
3992,1996.0,1201.4895812622713
3993,1996.5,1165.0369923557769
3994,1997.0,1130.7075844978456
3995,1997.5,1098.320579783442
3996,1998.0,1067.7152222194127
3997,1998.5,1038.7480532820543
3998,1999.0,1011.2905166609921
3999,1999.5,985.2273509275865
4000,2000.0,960.4544959812148
4001,2000.5,936.8783170124116
4002,2001.0,914.4136548706597
4003,2001.5,892.9836870903995
4004,2002.0,872.5180250772213
4005,2002.5,852.9530763623218
4006,2003.0,834.2301289427701
4007,2003.5,816.2961107625133
4008,2004.0,799.1016570695074
4009,2004.5,782.6021055209399
4010,2005.0,766.755717389887
4011,2005.5,751.5245688605623
4012,2006.0,736.8731623359213
4013,2006.5,722.7690755639203
4014,2007.0,709.1819413646919
4015,2007.5,696.0838639424995
4016,2008.0,683.4487256339893
4017,2008.5,671.2523814898378
4018,2009.0,659.4722585720078
4019,2009.5,648.0873407106956
4020,2010.0,637.0780311899147
4021,2010.5,626.4259398468815
4022,2011.0,616.1139841215587
4023,2011.5,606.1259905875514
4024,2012.0,596.4470126081699
4025,2012.5,587.0627581109097
4026,2013.0,577.9601047054509
4027,2013.5,569.1263651277022
4028,2014.0,560.549979589245
4029,2014.5,552.2196458762652
4030,2015.0,544.1251221727513
4031,2015.5,536.2563616364855
4032,2016.0,528.6042028845301
4033,2016.5,521.1597086507066
4034,2017.0,513.9146520233388
4035,2017.5,506.86106403795867
4036,2018.0,499.99152913040245
4037,2018.5,493.29892656037134
4038,2019.0,486.7765478069322
4039,2019.5,480.4180178126457
4040,2020.0,474.21724638401923
4041,2020.5,468.16851618645836
4042,2021.0,462.2662796138784
4043,2021.5,456.50540127670797
4044,2022.0,450.8808112678474
4045,2022.5,445.38789058891825
4046,2023.0,440.0219912588575
4047,2023.5,434.7789444300442
4048,2024.0,429.6545038767224
4049,2024.5,424.64486584813557
4050,2025.0,419.74617610276186
4051,2025.5,414.95493132498126
4052,2026.0,410.26763688434613
4053,2026.5,405.68105680944564
4054,2027.0,401.1920197982259
4055,2027.5,396.79752847019694
4056,2028.0,392.4947027904348
4057,2028.5,388.28075893542
4058,2029.0,384.1530797086039
4059,2029.5,380.1090730092158
4060,2030.0,376.14635918608764
4061,2030.5,372.26251878824223
4062,2031.0,368.455387132173
4063,2031.5,364.7227007338215
4064,2032.0,361.06247695484706
4065,2032.5,357.4726317786056
4066,2033.0,353.95130888744825
4067,2033.5,350.4966019826009
4068,2034.0,347.1067674946294
4069,2034.5,343.7800616174864
4070,2035.0,340.51484330019525
4071,2035.5,337.30951686317115
4072,2036.0,334.1625348191552
4073,2036.5,331.0724365571833
4074,2037.0,328.03776031762595
4075,2037.5,325.05716865401627
4076,2038.0,322.12927868180753
4077,2038.5,319.2528640035638
4078,2039.0,316.4266183173862
4079,2039.5,313.6494044865723
4080,2040.0,310.92001314429893
4081,2040.5,308.2373640076016
4082,2041.0,305.60034487405545
4083,2041.5,303.0079282832256
4084,2042.0,300.4590908616589
4085,2042.5,297.95285449412415
4086,2043.0,295.4882769137565
4087,2043.5,293.0644263639504
4088,2044.0,290.68043451194137
4089,2044.5,288.33541340824297
4090,2045.0,286.0285619764467
4091,2045.5,283.75903390855984
4092,2046.0,281.5260843527044
4093,2046.5,279.3289212202073
4094,2047.0,277.1668353879458
4095,2047.5,275.0390930685484
4096,2048.0,277.91685316358036
4097,2048.5,293.5058574599302
4098,2049.0,310.9964306569203
4099,2049.5,330.7510530002798
4100,2050.0,353.23065313978896
4101,2050.5,379.0308576376324
4102,2051.0,408.9341388476165
4103,2051.5,443.9912254106751
4104,2052.0,485.6431104533295
4105,2052.5,535.927096812658
4106,2053.0,597.8112487454382
4107,2053.5,675.8074630554697
4108,2054.0,777.108424891982
4109,2054.5,913.9464955606682
4110,2055.0,1108.9203930884287
4111,2055.5,1408.9555159070442
4112,2056.0,1930.065998123975
4113,2056.5,3058.544215205531
4114,2057.0,7336.496185859623
4115,2057.5,-18600.42302601296
4116,2058.0,-4111.767565748077
4117,2058.5,-2315.0754102434107
4118,2059.0,-1612.9877684535395
4119,2059.5,-1238.8868322665955
4120,2060.0,-1006.4936074931976
4121,2060.5,-848.1710627905527
4122,2061.0,-733.394248360043
4123,2061.5,-646.4025721490065
4124,2062.0,-578.210280392122
4125,2062.5,-523.338297718004
4126,2063.0,-478.24205723777294
4127,2063.5,-440.53680739851745
4128,2064.0,-408.5522314626873
4129,2064.5,-381.0882352884657
4130,2065.0,-357.2574126578494
4131,2065.5,-336.39108195769126
4132,2066.0,-317.97519756347424
4133,2066.5,-301.60794208931264
4134,2067.0,-286.971433122395
4135,2067.5,-273.80972885403685
4136,2068.0,-261.9159220387277
4137,2068.5,-251.1192755023866
4138,2069.0,-241.27942826073092
4139,2069.5,-232.2781424764366
4140,2070.0,-224.01687736757194
4141,2070.5,-216.4112053670479
4142,2071.0,-209.3898949850228
4143,2071.5,-202.89112341537972
4144,2072.0,-196.86206718610967
4145,2072.5,-191.25651350056137
4146,2073.0,-186.03437802701828
4147,2073.5,-181.16053956750656
4148,2074.0,-176.60392441789455
4149,2074.5,-172.33749694175424
4150,2075.0,-168.33667213813322
4151,2075.5,-166.58396460251296
4152,2076.0,-195.84043169409537
4153,2076.5,-236.87246991958114
4154,2077.0,-298.7533973912991
4155,2077.5,-403.0483530819528
4156,2078.0,-616.8575373751154
4157,2078.5,-1306.3255644126923
4158,2079.0,11397.476184166166
4159,2079.5,1063.2675416832692
4160,2080.0,557.2044742242706
4161,2080.5,377.0471592772845
4162,2081.0,284.5004070169404
4163,2081.5,228.05896073304206
4164,2082.0,189.97576049823635
4165,2082.5,162.50081686105247
4166,2083.0,141.70617689413749
4167,2083.5,125.3955315018133
4168,2084.0,112.23620571686264
4169,2084.5,101.38273926782146
4170,2085.0,92.26207107661243
4171,2085.5,84.48378668971618
4172,2086.0,77.76085057346538
4173,2086.5,71.88982341753949
4174,2087.0,66.71110084262581
4175,2087.5,62.10891350435587
4176,2088.0,57.98731651031032
4177,2088.5,54.276213213861276
4178,2089.0,50.91432624496164
4179,2089.5,47.85701612011104
4180,2090.0,45.06361881320099
4181,2090.5,42.50417050913463
4182,2091.0,40.15107293178895
4183,2091.5,37.983214520939406
4184,2092.0,35.98170058690765
4185,2092.5,34.13090482752477
4186,2093.0,32.41797905813644
4187,2093.5,30.83078795755387
4188,2094.0,29.36058649262307
4189,2094.5,27.99818375792532
4190,2095.0,26.73696403184
4191,2095.5,25.570595772930183
4192,2096.0,24.493435219316755
4193,2096.5,23.501235333829243
4194,2097.0,22.589582193485583
4195,2097.5,21.75514159220325
4196,2098.0,20.994889737234203
4197,2098.5,20.30593860697831
4198,2099.0,19.686154437784595
4199,2099.5,19.13342329388175
4200,2100.0,18.645958439979363
4201,2100.5,18.22219968976849
4202,2101.0,18.198611563341814
4203,2101.5,18.938533503655304
4204,2102.0,19.767674759904526
4205,2102.5,20.69057937000045
4206,2103.0,21.712954211091784
4207,2103.5,22.841617919631638
4208,2104.0,24.08366900203215
4209,2104.5,25.44908739484953
4210,2105.0,26.948326686005203
4211,2105.5,28.59447158374143
4212,2106.0,30.403653486426194
4213,2106.5,32.393491190681566
4214,2107.0,34.58832425291776
4215,2107.5,37.014249964064035
4216,2108.0,39.70700812627241
4217,2108.5,42.70787013483768
4218,2109.0,46.07090187717401
4219,2109.5,49.8633529101162
4220,2110.0,54.172492066437236
4221,2110.5,59.11266799911326
4222,2111.0,64.83563375135785
4223,2111.5,71.54946215814067
4224,2112.0,79.54347074363271
4225,2112.5,89.23626020992128
4226,2113.0,101.25234003424129
4227,2113.5,116.56925726291367
4228,2114.0,136.80756316628631
4229,2114.5,164.85615566381102
4230,2115.0,206.43472120193178
4231,2115.5,274.6303892257717
4232,2116.0,407.5389994670613
4233,2116.5,781.9996105083119
4234,2117.0,8853.123242190137
4235,2117.5,-955.5723620817381
4236,2118.0,-453.98361222365736
4237,2118.5,-297.7461254019107
4238,2119.0,-221.38920805015508
4239,2119.5,-176.0361472601508
4240,2120.0,-145.9322215065239
4241,2120.5,-124.452457877483
4242,2121.0,-108.32499163512456
4243,2121.5,-95.74997217669132
4244,2122.0,-85.65232825881394
4245,2122.5,-77.35515841479473
4246,2123.0,-70.40517222840984
4247,2123.5,-64.49434626140614
4248,2124.0,-59.39931039232447
4249,2124.5,-54.96056690555502
4250,2125.0,-51.055877112766694
4251,2125.5,-47.594654430061546
4252,2126.0,-44.50470889238002
4253,2126.5,-41.730992041654815
4254,2127.0,-41.3618788984446
4255,2127.5,-41.46030408362601
4256,2128.0,-41.5813109603147
4257,2128.5,-41.7250040108917
4258,2129.0,-41.891546877119566
4259,2129.5,-42.08104463011701
4260,2130.0,-42.29368615604506
4261,2130.5,-42.52957454719827
4262,2131.0,-42.78893098117382
4263,2131.5,-43.07185464908877
4264,2132.0,-43.37860527753671
4265,2132.5,-43.709283226834025
4266,2133.0,-44.064176294831995
4267,2133.5,-44.44341174808297
4268,2134.0,-44.847278973069486
4269,2134.5,-45.275960887223626
4270,2135.0,-45.72974342885336
4271,2135.5,-46.20886876399972
4272,2136.0,-46.71362599065252
4273,2136.5,-47.24431680756546
4274,2137.0,-47.80124431689156
4275,2137.5,-48.384767198632275
4276,2138.0,-48.99521725554425
4277,2138.5,-49.633005422472756
4278,2139.0,-50.298512353592166
4279,2139.5,-50.99218882880683
4280,2140.0,-51.71448678322846
4281,2140.5,-52.46590229498587
4282,2141.0,-53.24696026088199
4283,2141.5,-54.05822233519421
4284,2142.0,-54.90028212190439
4285,2142.5,-55.773791304253166
4286,2143.0,-56.67940921889012
4287,2143.5,-57.617903727343375
4288,2144.0,-58.5899992066465
4289,2144.5,-59.596596379515326
4290,2145.0,-60.638519943046084
4291,2145.5,-61.7167899263753
4292,2146.0,-62.832378503535395
4293,2146.5,-63.98642110780271
4294,2147.0,-65.18007419789372
4295,2147.5,-66.41460217834701
4296,2148.0,-67.69138113065992
4297,2148.5,-69.01182475383804
4298,2149.0,-70.37756735019721
4299,2149.5,-71.79020048006667
4300,2150.0,-73.2516596085423
4301,2150.5,-74.76375276299838
4302,2151.0,-76.32874722032692
4303,2151.5,-77.94877283256555
4304,2152.0,-79.37031757882666
4305,2152.5,-79.42221465291057
4306,2153.0,-79.46548271673811
4307,2153.5,-79.50014867765717
4308,2154.0,-79.52624689074877
4309,2154.5,-79.54381502538425
4310,2155.0,-79.55289594214894
4311,2155.5,-79.55353698324444
4312,2156.0,-79.54579006716064
4313,2156.5,-79.52971132499226
4314,2157.0,-79.50536205338946
4315,2157.5,-79.47280647049398
4316,2158.0,-79.43211536443224
4317,2158.5,-79.38336049819323
4318,2159.0,-79.32662208219001
4319,2159.5,-79.26197904734377
4320,2160.0,-79.18952071674829
4321,2160.5,-79.10933331224253
4322,2161.0,-79.02151389400282
4323,2161.5,-78.92615677474205
4324,2162.0,-78.82336593142726
4325,2162.5,-78.71324363003738
4326,2163.0,-78.59590031251994
4327,2163.5,-78.47144594556512
4328,2164.0,-78.33999707060188
4329,2164.5,-78.20167100323802
4330,2165.0,-78.05659009260926
4331,2165.5,-77.90487856702968
4332,2166.0,-77.7466643535493
4333,2166.5,-77.58207808655077
4334,2167.0,-77.41125309216763
4335,2167.5,-77.2343258470683
4336,2168.0,-77.05143493822689
4337,2168.5,-76.86272207632831
4338,2169.0,-76.66833100161692
4339,2169.5,-76.46840801823345
4340,2170.0,-76.26310193326297
4341,2170.5,-76.05256298323499
4342,2171.0,-75.83694496749521
4343,2171.5,-75.61640138491995
4344,2172.0,-75.39109095522174
4345,2172.5,-75.16116977195588
4346,2173.0,-74.92680114888205
4347,2173.5,-74.68814386419122
4348,2174.0,-74.4453648088846
4349,2174.5,-74.19862560123065
4350,2175.0,-73.948095918549
4351,2175.5,-73.69394021144785
4352,2176.0,-73.4363302625044
4353,2176.5,-73.17543330889589
4354,2177.0,-72.91142257516387
4355,2177.5,-72.64446802511664
4356,2178.0,-72.37474369249071
4357,2178.5,-72.10242218238453
4358,2179.0,-71.82767774824732
4359,2179.5,-71.5506855144489
4360,2180.0,-71.27161942052626
4361,2180.5,-70.99065694031921
4362,2181.0,-70.70797123388012
4363,2181.5,-70.42374189621705
4364,2182.0,-70.13814092191562
4365,2182.5,-69.8513497302977
4366,2183.0,-69.56353885472545
4367,2183.5,-69.27489116434128
4368,2184.0,-68.98557553511384
4369,2184.5,-68.69577548018441
4370,2185.0,-68.40565916710476
4371,2185.5,-68.11540881461667
4372,2186.0,-67.82519329985467
4373,2186.5,-67.5351919902885
4374,2187.0,-67.2455745496379
4375,2187.5,-66.95651735540666
4376,2188.0,-66.6681904022516
4377,2188.5,-66.38076706000126
4378,2189.0,-66.09441709781521
4379,2189.5,-65.80931098172456
4380,2190.0,-65.52561759960483
4381,2190.5,-65.24350473632313
4382,2191.0,-64.96313964828335
4383,2191.5,-64.68468777400625
4384,2192.0,-64.40831390258927
4385,2192.5,-64.13418156267898
4386,2193.0,-63.86245216730411
4387,2193.5,-63.5932878587449
4388,2194.0,-63.32684570909271
4389,2194.5,-63.06328706600792
4390,2195.0,-62.80276418051485
4391,2195.5,-62.54543668296708
4392,2196.0,-62.291452994802995
4393,2196.5,-62.04096983867451
4394,2197.0,-61.794132525321565
4395,2197.5,-61.55109391711704
4396,2198.0,-61.311996792846415
4397,2198.5,-61.07698927002694
4398,2199.0,-60.84621216750889
4399,2199.5,-60.619808017842914
4400,2200.0,-60.39791621338149
4401,2200.5,-60.180672938503115
4402,2201.0,-59.9682166209723
4403,2201.5,-59.760676443641664
4404,2202.0,-59.558190227222006
4405,2202.5,-59.360879641740055
4406,2203.0,-59.16888208841005
4407,2203.5,-63.38760146565516
4408,2204.0,-68.41889197262232
4409,2204.5,-74.28974720880217
4410,2205.0,-81.22680118268146
4411,2205.5,-89.54949920721079
4412,2206.0,-99.71900874643173
4413,2206.5,-112.43119870481134
4414,2207.0,-128.7813865501851
4415,2207.5,-150.606044893069
4416,2208.0,-181.22769240470794
4417,2208.5,-227.3489185483861
4418,2209.0,-304.802799836199
4419,2209.5,-462.1389336459743
4420,2210.0,-955.4184423323894
4421,2210.5,13940.144392424672
4422,2211.0,838.6387663174463
4423,2211.5,431.71576060304415
4424,2212.0,290.3086426598485
4425,2212.5,218.42839436816598
4426,2213.0,174.88585349755695
4427,2213.5,145.6659259176486
4428,2214.0,124.6870841670843
4429,2214.5,108.88650962557948
4430,2215.0,96.55228097140983
4431,2215.5,86.6536716381632
4432,2216.0,78.53276558858325
4433,2216.5,71.74978025406561
4434,2217.0,65.55974186763757
4435,2217.5,59.71646052696985
4436,2218.0,54.7344837547941
4437,2218.5,50.430387699032266
4438,2219.0,46.67229449170139
4439,2219.5,43.3593944500938
4440,2220.0,40.41753695099736
4441,2220.5,37.787080768572054
4442,2221.0,35.423083581488974
4443,2221.5,33.288573488956274
4444,2222.0,31.354564346235207
4445,2222.5,29.597421707171396
4446,2223.0,27.99746869015823
4447,2223.5,26.539299416112243
4448,2224.0,25.209042966172646
4449,2224.5,23.996310121201393
4450,2225.0,22.89158982591734
4451,2225.5,21.887242881407857
4452,2226.0,20.976821630473122
4453,2226.5,20.1546546149125
4454,2227.0,19.416228574322112
4455,2227.5,18.757490874199974
4456,2228.0,18.175091871254665
4457,2228.5,18.308193107048034
4458,2229.0,19.12711696743704
4459,2229.5,20.04816850670932
4460,2230.0,21.078380189963884
4461,2230.5,22.22650631258193
4462,2231.0,23.50307797279752
4463,2231.5,24.92017852448666
4464,2232.0,26.49379205824463
4465,2232.5,28.24135261581869
4466,2233.0,30.18676264242372
4467,2233.5,32.3572608481179
4468,2234.0,34.78866980035983
4469,2234.5,37.52500114307523
4470,2235.0,40.62302841132434
4471,2235.5,44.15646214752916
4472,2236.0,48.22156463996977
4473,2236.5,52.949075820780244
4474,2237.0,58.516383391318385
4475,2237.5,65.17625092546227
4476,2238.0,73.29346225438942
4477,2238.5,83.42327994458543
4478,2239.0,96.44369886055486
4479,2239.5,113.83973929246496
4480,2240.0,138.32652235134725
4481,2240.5,175.461469190505
4482,2241.0,238.68063382955285
4483,2241.5,370.8854012177358
4484,2242.0,823.4805835916821
4485,2242.5,-3842.4734108439366
4486,2243.0,-577.3572292109136
4487,2243.5,-311.98740892254517
4488,2244.0,-213.4841794551118
4489,2244.5,-161.99101979915093
4490,2245.0,-130.272377737541
4491,2245.5,-108.72289924710716
4492,2246.0,-93.09811819496971
4493,2246.5,-81.2251591891177
4494,2247.0,-71.88278667492575
4495,2247.5,-64.32717507272153
4496,2248.0,-58.08329132721778
4497,2248.5,-52.830946738695815
4498,2249.0,-48.34857541524042
4499,2249.5,-44.476686124971216
4500,2250.0,-41.0986710182723
4501,2250.5,-38.12659595640573
4502,2251.0,-35.49369883714405
4503,2251.5,-33.147694878146744
4504,2252.0,-31.048023125848157
4505,2252.5,-29.161697406954993
4506,2253.0,-27.463037627275707
4507,2253.5,-25.930217741312774
4508,2254.0,-24.605836765134267
4509,2254.5,-24.86778197092584
4510,2255.0,-25.17175616789188
4511,2255.5,-25.51846205052066
4512,2256.0,-25.90845611701306
4513,2256.5,-26.3425044005769
4514,2257.0,-26.821361381706403
4515,2257.5,-27.345893415242585
4516,2258.0,-27.917060904954575
4517,2258.5,-28.535912587237416
4518,2259.0,-29.203605444391574
4519,2259.5,-29.921464748175087
4520,2260.0,-30.690885741805676
4521,2260.5,-31.513513324757806
4522,2261.0,-32.391104576782055
4523,2261.5,-33.32563184764835
4524,2262.0,-34.319374111254895
4525,2262.5,-35.374663010294896
4526,2263.0,-36.49448263967252
4527,2263.5,-37.68159264201026
4528,2264.0,-38.93981810670447
4529,2264.5,-40.27269605048082
4530,2265.0,-41.684889010093336
4531,2265.5,-43.18106735859376
4532,2266.0,-44.76694736931394
4533,2266.5,-46.4486946735469
4534,2267.0,-48.23344483179331
4535,2267.5,-50.12932766126145
4536,2268.0,-52.1454373802034
4537,2268.5,-54.292519506341876
4538,2269.0,-56.58242279022824
4539,2269.5,-59.0294503749435
4540,2270.0,-61.649393726463956
4541,2270.5,-64.46152573051393
4542,2271.0,-67.4873925758166
4543,2271.5,-70.7534293878238
4544,2272.0,-74.28978314029467
4545,2272.5,-78.13358206760196
4546,2273.0,-82.32821334858376
4547,2273.5,-86.92742184372614
4548,2274.0,-91.99574701451432
4549,2274.5,-97.61397685798215
4550,2275.0,-103.88205264699309
4551,2275.5,-110.92726078297277
4552,2276.0,-118.91237580194532
4553,2276.5,-128.05022494904992
4554,2277.0,-138.62381319010515
4555,2277.5,-151.0175191805654
4556,2278.0,-165.76833785504175
4557,2278.5,-183.64667233014828
4558,2279.0,-205.8041115739869
4559,2279.5,-239.55943063570015
4560,2280.0,-366.6830145156552
4561,2280.5,-786.6158388789621
4562,2281.0,5133.031820110733
4563,2281.5,597.9859156558465
4564,2282.0,316.1793879883236
4565,2282.5,214.2517101762355
4566,2283.0,161.60630954670808
4567,2283.5,129.44797501729713
4568,2284.0,107.7510608432369
4569,2284.5,92.12328440695083
4570,2285.0,80.32468293291068
4571,2285.5,71.1040718514844
4572,2286.0,63.698441001074485
4573,2286.5,57.624299582450575
4574,2287.0,52.554089198166785
4575,2287.5,48.26299904375828
4576,2288.0,44.58834061543423
4577,2288.5,41.411786839982234
4578,2289.0,38.64405166889093
4579,2289.5,36.217069230725116
4580,2290.0,34.078169143836796
4581,2290.5,32.18556161636345
4582,2291.0,30.506394842210717
4583,2291.5,29.0137908849381
4584,2292.0,27.68626443774168
4585,2292.5,26.506015643573456
4586,2293.0,25.45841282272655
4587,2293.5,25.92719854801431
4588,2294.0,26.897422050112695
4589,2294.5,27.946873881495897
4590,2295.0,29.080206136100532
4591,2295.5,30.3032121138299
4592,2296.0,31.621984209785495
4593,2296.5,33.04446547097271
4594,2297.0,34.57898461343582
4595,2297.5,36.23628678043501
4596,2298.0,38.02813818462508
4597,2298.5,39.96924494684149
4598,2299.0,42.07649443655055
4599,2299.5,44.370601840594134
4600,2300.0,46.87624221455188
4601,2300.5,49.62360058031819
4602,2301.0,52.64968050619104
4603,2301.5,56.000238362195574
4604,2302.0,59.73280728735393
4605,2302.5,63.92010248912041
4606,2303.0,68.65603978665037
4607,2303.5,74.06316336532723
4608,2304.0,80.30508932768885
4609,2304.5,87.6046797233627
4610,2305.0,94.83320805987569
4611,2305.5,98.8414208400633
4612,2306.0,103.22700898172444
4613,2306.5,108.04320204964148
4614,2307.0,113.35347656886641
4615,2307.5,119.23533435901544
4616,2308.0,125.78303751393739
4617,2308.5,133.1138748597139
4618,2309.0,141.37393060784203
4619,2309.5,150.7493907555151
4620,2310.0,161.47908884566482
4621,2310.5,173.87698157031954
4622,2311.0,188.3613680904593
4623,2311.5,205.50519757538763
4624,2312.0,226.11139132809677
4625,2312.5,251.3447334547216
4626,2313.0,282.95733546159113
4627,2313.5,323.71697838356926
4628,2314.0,378.2617701313822
4629,2314.5,455.0083594627092
4630,2315.0,570.9734120570089
4631,2315.5,766.5411777111259
4632,2316.0,1166.5128654449195
4633,2316.5,2442.220158045706
4634,2317.0,-25754.246331846927
4635,2317.5,-2050.710839076858
4636,2318.0,-1067.264500852716
4637,2318.5,-721.054798071601
4638,2319.0,-544.2772061104121
4639,2319.5,-437.00501962848364
4640,2320.0,-364.97927037083883
4641,2320.5,-313.2809027193075
4642,2321.0,-274.3686002664787
4643,2321.5,-244.02276943669497
4644,2322.0,-219.6956236266695
4645,2322.5,-199.76019920288672
4646,2323.0,-183.1267105378995
4647,2323.5,-169.039740899344
4648,2324.0,-156.9574863025384
4649,2324.5,-146.48261982087777
4650,2325.0,-137.31611776350283
4651,2325.5,-129.2294257864039
4652,2326.0,-122.0443159777417
4653,2326.5,-115.62015654489778
4654,2327.0,-109.8442572689467
4655,2327.5,-104.62542523376851
4656,2328.0,-99.88899560207082
4657,2328.5,-95.5733071743605
4658,2329.0,-91.62696790925263
4659,2329.5,-88.00684704286977
4660,2330.0,-84.67642743219301
4661,2330.5,-81.81907225338794
4662,2331.0,-81.83457221600334
4663,2331.5,-81.84175105684203
4664,2332.0,-81.84062907580297
4665,2332.5,-81.8312308053013
4666,2333.0,-81.81358480848559
4667,2333.5,-81.78772474604035
4668,2334.0,-81.75368738083868
4669,2334.5,-81.71151513256201
4670,2335.0,-81.66125315303447
4671,2335.5,-81.60295218164566
4672,2336.0,-81.53666584413718
4673,2336.5,-81.46245288399155
4674,2337.0,-81.38037531220719
4675,2337.5,-81.2904996697552
4676,2338.0,-81.1928961365384
4677,2338.5,-81.08763893490321
4678,2339.0,-80.97480607675729
4679,2339.5,-80.85447943479818
4680,2340.0,-80.72674440252408
4681,2340.5,-80.59169055180702
4682,2341.0,-80.4494101008338
4683,2341.5,-80.30000044409302
4684,2342.0,-80.14355996823366
4685,2342.5,-79.98019408307047
4686,2343.0,-79.81000659559253
4687,2343.5,-79.63311118726965
4688,2344.0,-79.44961625326812
4689,2344.5,-79.25964406055319
4690,2345.0,-79.06330668472098
4691,2345.5,-78.8607344433757
4692,2346.0,-78.65204481675951
4693,2346.5,-78.43737352247473
4694,2347.0,-78.21684439470627
4695,2347.5,-77.9905975432895
4696,2348.0,-77.75876355079646
4697,2348.5,-77.52148588548576
4698,2349.0,-77.27890231414582
4699,2349.5,-77.03115856446438
4700,2350.0,-76.77840007055967
4701,2350.5,-76.52077366960087
4702,2351.0,-76.2584329803821
4703,2351.5,-75.99152476457697
4704,2352.0,-75.72021136246009
4705,2352.5,-75.44463825780404
4706,2353.0,-75.16497705211881
4707,2353.5,-74.8813707507287
4708,2354.0,-74.59399974698574
4709,2354.5,-74.30300637163381
4710,2355.0,-74.00857502429426
4711,2355.5,-73.7108541022854
4712,2356.0,-73.47425765640267
4713,2356.5,-74.12161400743794
4714,2357.0,-74.79158963831011
4715,2357.5,-75.4845427645154
4716,2358.0,-76.2008357456905
4717,2358.5,-76.94084751900482
4718,2359.0,-77.70498521744484
4719,2359.5,-78.49365740001227
4720,2360.0,-79.30731405768938
4721,2360.5,-80.14640352029319
4722,2361.0,-81.01141645099891
4723,2361.5,-81.90285196902572
4724,2362.0,-82.82124009939834
4725,2362.5,-83.76713898151475
4726,2363.0,-84.7411260883471
4727,2363.5,-85.74381850778221
4728,2364.0,-86.77585399263538
4729,2364.5,-87.83790808425888
4730,2365.0,-88.93069306346588
4731,2365.5,-90.05494313659683
4732,2366.0,-91.21146049576603
4733,2366.5,-92.40103921793448
4734,2367.0,-93.62458796641587
4735,2367.5,-94.8829631978515
4736,2368.0,-96.17719234217616
4737,2368.5,-97.50821496276234
4738,2369.0,-98.8771710075351
4739,2369.5,-100.28512150668755
4740,2370.0,-101.73330989315865
4741,2370.5,-103.22294568428644
4742,2371.0,-104.75538597904016
4743,2371.5,-106.33201238585917
4744,2372.0,-107.95430894373233
4745,2372.5,-109.62385550290932
4746,2373.0,-111.34228001749197
4747,2373.5,-113.11138981704151
4748,2374.0,-114.93297817260468
4749,2374.5,-116.80911290994463
4750,2375.0,-118.74177932450229
4751,2375.5,-120.73334341802969
4752,2376.0,-122.78601560249695
4753,2376.5,-124.90249268265745
4754,2377.0,-127.08528352671856
4755,2377.5,-129.33742439877307
4756,2378.0,-131.66181222540385
4757,2378.5,-134.06185298722923
4758,2379.0,-136.54090581913928
4759,2379.5,-139.10281407741502
4760,2380.0,-141.7514780272571
4761,2380.5,-144.49126180615406
4762,2381.0,-147.3267022535435
4763,2381.5,-150.26278745198076
4764,2382.0,-153.30480735963255
4765,2382.5,-156.4585021936805
4766,2383.0,-159.7300587136325
4767,2383.5,-163.12612947189925
4768,2384.0,-166.65397688927862
4769,2384.5,-170.32136742620216
4770,2385.0,-174.13686402123238
4771,2385.5,-178.10960267347184
4772,2386.0,-182.24973242251224
4773,2386.5,-186.56808589206878
4774,2387.0,-191.07676484236347
4775,2387.5,-195.7887212322779
4776,2388.0,-200.71848558628872
4777,2388.5,-205.88168158482358
4778,2389.0,-211.29589425853126
4779,2389.5,-216.9801497852127
4780,2390.0,-222.95592121614402
4781,2390.5,-229.2466172609358
4782,2391.0,-235.87872552502492
4783,2391.5,-242.88137156807963
4784,2392.0,-250.28760471362472
4785,2392.5,-258.13411483407543
4786,2393.0,-266.46267435199536
4787,2393.5,-275.32014879508944
4788,2394.0,-284.7601120691684
4789,2394.5,-294.843367243329
4790,2395.0,-305.63978956912337
4791,2395.5,-317.22964806713554
4792,2396.0,-329.7058745344569
4793,2396.5,-343.1765800252729
4794,2397.0,-357.7681597624752
4795,2397.5,-373.629674149042
4796,2398.0,-390.9375657143612
4797,2398.5,-409.90311960365096
4798,2399.0,-430.7803209648868
4799,2399.5,-453.87873709197356
4800,2400.0,-479.5776801255136
4801,2400.5,-508.3493551395197
4802,2401.0,-540.786313729568
4803,2401.5,-577.6457553401638
4804,2402.0,-619.9069990209687
4805,2402.5,-668.8640001563338
4806,2403.0,-726.2573413831916
4807,2403.5,-794.4913030167966
4808,2404.0,-876.9764620400128
4809,2404.5,-978.7255734581979
4810,2405.0,-1107.4108911536089
4811,2405.5,-1275.4065808901016
4812,2406.0,-1504.0339717561958
4813,2406.5,-1833.4372528621957
4814,2407.0,-2349.2438195775367
4815,2407.5,-2896.3374728972385
4816,2408.0,-3628.701015147228
4817,2408.5,-4861.960144811492
4818,2409.0,-7376.792608863017
4819,2409.5,-15329.013746972369
4820,2410.0,188951.26914385203
4821,2410.5,13155.530172624362
4822,2411.0,6806.136936133027
4823,2411.5,4586.768339569025
4824,2412.0,3456.747937473437
4825,2412.5,2772.18611531515
4826,2413.0,2313.057351593622
4827,2413.5,1983.7997040416617
4828,2414.0,1736.145017970965
4829,2414.5,1543.1290227468528
4830,2415.0,1388.4742437689322
4831,2415.5,1261.7945171938209
4832,2416.0,1156.1364347549265
4833,2416.5,1066.6785834285586
4834,2417.0,989.9672567968128
4835,2417.5,923.4660990252198
4836,2418.0,865.2701267914376
4837,2418.5,813.9195689870969
4838,2419.0,768.2793789485515
4839,2419.5,727.4504476765403
4840,2420.0,690.7152101585094
4841,2420.5,657.4897288665771
4842,2421.0,627.2985425736272
4843,2421.5,599.7459937146944
4844,2422.0,574.5045809252799
4845,2422.5,551.2970978166888
4846,2423.0,529.8903137900536
4847,2423.5,510.0844359702568
4848,2424.0,491.7088332962438
4849,2424.5,474.61593750364756
4850,2425.0,458.6780178101338
4851,2425.5,443.78375398565834
4852,2426.0,429.8356252908986
4853,2426.5,416.7480921423579
4854,2427.0,404.44541783649476
4855,2427.5,392.86079040186826
4856,2428.0,381.9345131186147
4857,2428.5,371.6136235759066
4858,2429.0,361.85048067162546
4859,2429.5,352.60251555412486
4860,2430.0,343.83128523847483
4861,2430.5,335.50216798775267
4862,2431.0,327.58380243582604
4863,2431.5,320.04775866484135
4864,2432.0,312.86818381192825
4865,2432.5,306.02153634899406
4866,2433.0,299.48629393715396
4867,2433.5,293.24282156209586
4868,2434.0,287.27303369874625
4869,2434.5,281.5604524038165
4870,2435.0,276.08974380992925
4871,2435.5,270.8470052018616
4872,2436.0,265.81914746460717
4873,2436.5,260.9943218285383
4874,2437.0,256.3613391551799
4875,2437.5,251.91001152792475
4876,2438.0,247.63073653768504
4877,2438.5,243.51468821236108
4878,2439.0,239.55360008053276
4879,2439.5,235.7397689299796
4880,2440.0,232.0660615620465
4881,2440.5,228.52570486652692
4882,2441.0,225.11253366678065
4883,2441.5,221.82054887581086
4884,2442.0,218.64441741146027
4885,2442.5,215.57878714274523
4886,2443.0,212.61904429504608
4887,2443.5,209.7604088728197
4888,2444.0,206.99880489956976
4889,2444.5,204.33002621630752
4890,2445.0,201.75042669065542
4891,2445.5,199.2563025030365
4892,2446.0,196.8443720360668
4893,2446.5,194.5113727875164
4894,2447.0,192.2543337207473
4895,2447.5,190.07038112677918
4896,2448.0,187.95681001559615
4897,2448.5,185.91108987783568
4898,2449.0,183.9307450344527
4899,2449.5,182.01354826350635
4900,2450.0,180.15722296416314
4901,2450.5,178.3598099719243
4902,2451.0,176.61920697813798
4903,2451.5,174.93369152624135
4904,2452.0,173.3013153926351
4905,2452.5,171.72056471534532
4906,2453.0,170.18962900834805
4907,2453.5,168.70717760928008
4908,2454.0,167.27152468033293
4909,2454.5,165.88149966690003
4910,2455.0,164.53553103991376
4911,2455.5,163.23258723259852
4912,2456.0,161.9712030008664
4913,2456.5,160.75046635579724
4914,2457.0,159.56901306676423
4915,2457.5,158.42603038287342
4916,2458.0,157.3202514268006
4917,2458.5,150.3731165579451
4918,2459.0,143.23065048493714
4919,2459.5,136.69916705440295
4920,2460.0,130.69673017070983
4921,2460.5,125.15707814287278
4922,2461.0,120.02368323491291
4923,2461.5,115.24979559549644
4924,2462.0,110.79526559903644
4925,2462.5,106.62614508980302
4926,2463.0,102.7132110517598
4927,2463.5,99.03120849574454
4928,2464.0,95.5584183119058
4929,2464.5,92.2756653092939
4930,2465.0,89.16651409616063
4931,2465.5,86.216149985344
4932,2466.0,83.41194157052448
4933,2466.5,80.7422686314259
4934,2467.0,78.19729515549585
4935,2467.5,75.76778219220417
4936,2468.0,73.44598885355056
4937,2468.5,71.22447553097308
4938,2469.0,69.09710278094174
4939,2469.5,67.0578039825836
4940,2470.0,65.10168851948977
4941,2470.5,63.2237438200228
4942,2471.0,61.420073109720526
4943,2471.5,59.68647517862678
4944,2472.0,58.01986015860305
4945,2472.5,56.41665133640676
4946,2473.0,54.87442618431634
4947,2473.5,53.390087928170736
4948,2474.0,51.96174325889137
4949,2474.5,50.58675744886821
4950,2475.0,49.26356395511769
4951,2475.5,47.99000872955306
4952,2476.0,46.76470886542193
4953,2476.5,45.58595424897198
4954,2477.0,44.452485668610514
4955,2477.5,43.362984061596904
4956,2478.0,42.316274414741976
4957,2478.5,41.31137622542384
4958,2479.0,40.34717732490385
4959,2479.5,39.42298146948865
4960,2480.0,38.53773389488435
4961,2480.5,37.69091913270728
4962,2481.0,36.881686887578596
4963,2481.5,36.109517073212125
4964,2482.0,35.37378830207676
4965,2482.5,34.67397787690408
4966,2483.0,34.009636991827236
4967,2483.5,33.38027146739807
4968,2484.0,32.7855355749529
4969,2484.5,32.22501574592298
4970,2485.0,31.698401109111924
4971,2485.5,31.205368236366198
4972,2486.0,31.708243717934312
4973,2486.5,32.3830480824012
4974,2487.0,33.10267014284196
4975,2487.5,33.86828496458009
4976,2488.0,34.68099897611192
4977,2488.5,35.542247459200134
4978,2489.0,36.4534190899958
4979,2489.5,37.416151798552754
4980,2490.0,38.43225347156273
4981,2490.5,39.50356544351276
4982,2491.0,40.63244812520063
4983,2491.5,41.82097009231278
4984,2492.0,43.07212390074432
4985,2492.5,44.388458355792835
4986,2493.0,45.77352010274406
4987,2493.5,47.23062998506701
4988,2494.0,48.76393618097476
4989,2494.5,50.377759929072134
4990,2495.0,52.07703787643851
4991,2495.5,53.867341855384765
4992,2496.0,55.75466687653089
4993,2496.5,57.74615826683571
4994,2497.0,59.8492523155576
4995,2497.5,62.07310178637988
4996,2498.0,64.42712571159267
4997,2498.5,66.92308833461595
4998,2499.0,69.57316262823991
4999,2499.5,72.39259131665062
5000,2500.0,75.3974167726127
5001,2500.5,78.60764022071963
5002,2501.0,82.04482292107647
5003,2501.5,85.73566820829981
5004,2502.0,89.70976462447678
5005,2502.5,94.00355923832353
5006,2503.0,98.65861276728681
5007,2503.5,103.7260419030599
5008,2504.0,109.26583433619123
5009,2504.5,115.35208201802658
5010,2505.0,122.07426683120347
5011,2505.5,129.54415690525016
5012,2506.0,137.90079455266402
5013,2506.5,147.32124203555523
5014,2507.0,158.03305198574046
5015,2507.5,170.3344866675333
5016,2508.0,184.62396162299197
5017,2508.5,201.44551222944338
5018,2509.0,221.56298163530028
5019,2509.5,246.0816842747212
5020,2510.0,276.6654971964155
5021,2510.5,315.93763429720235
5022,2511.0,368.29146414133874
5023,2511.5,389.058759652993
5024,2512.0,387.6206666580252
5025,2512.5,386.21154371521556
5026,2513.0,384.83128959926825
5027,2513.5,383.4797479099868
5028,2514.0,382.15682669433875
5029,2514.5,380.8623751579496
5030,2515.0,379.59630357984497
5031,2515.5,378.35847286029144
5032,2516.0,377.1487901811282
5033,2516.5,375.9671326159578
5034,2517.0,374.8134004444684
5035,2517.5,373.68748996490257
5036,2518.0,372.58929209496165
5037,2518.5,371.51872415616316
5038,2519.0,370.47566641869537
5039,2519.5,369.4600579401275
5040,2520.0,368.4717680686496
5041,2520.5,367.51075738393376
5042,2521.0,366.576884893297
5043,2521.5,365.6701317092736
5044,2522.0,364.7903477872194
5045,2522.5,363.93753315195437
5046,2523.0,363.1115305629524
5047,2523.5,362.31235684211345
5048,2524.0,361.53984984330395
5049,2524.5,360.79403603319423
5050,2525.0,360.07476497352144
5051,2525.5,359.38205266954395
5052,2526.0,358.715777952558
5053,2526.5,358.0759352735289
5054,2527.0,357.4624333829539
5055,2527.5,356.8752497184726
5056,2528.0,356.3143184386813
5057,2528.5,355.7796044160209
5058,2529.0,355.2710628504688
5059,2529.5,354.7886503117691
5060,2530.0,354.3323389081151
5061,2530.5,353.9020808975479
5062,2531.0,353.4978614793843
5063,2531.5,353.1196322401687
5064,2532.0,352.7673880449832
5065,2532.5,352.44108302603007
5066,2533.0,352.1407163162942
5067,2533.5,351.8662546214918
5068,2534.0,351.61769288918043
5069,2534.5,351.3950111485833
5070,2535.0,351.1982032637432
5071,2535.5,351.0272595759195
5072,2536.0,350.88217570446966
5073,2536.5,350.7629498246256
5074,2537.0,350.66958147780946
5075,2537.5,350.6020748891631
5076,2538.0,350.5604349820542
5077,2538.5,350.5446709729552
5078,2539.0,350.55479389199536
5079,2539.5,350.59081770093184
5080,2540.0,350.65275931846713
5081,2540.5,350.74063798018113
5082,2541.0,350.85447598277824
5083,2541.5,350.9942982120884
5084,2542.0,351.1601324061913
5085,2542.5,351.35200869852224
5086,2543.0,351.56996111462996
5087,2543.5,351.81402385602587
5088,2544.0,352.08423885881245
5089,2544.5,352.3806424453942
5090,2545.0,352.7032863594533
5091,2545.5,353.05220781728235
5092,2546.0,353.4274676682403
5093,2546.5,353.82910817413875
5094,2547.0,354.25719428875857
5095,2547.5,354.7117768488638
5096,2548.0,355.1929220678951
5097,2548.5,355.70069260075576
5098,2549.0,356.2351524450393
5099,2549.5,356.79637992932413
5100,2550.0,357.38443277668125
5101,2550.5,357.9994094065175
5102,2551.0,358.641356679966
5103,2551.5,359.31039802807214
5104,2552.0,360.0065643955951
5105,2552.5,360.73000080712796
5106,2553.0,361.4807431711547
5107,2553.5,362.25893460601617
5108,2554.0,363.0646276655206
5109,2554.5,363.8979582727311
5110,2555.0,364.75900037527015
5111,2555.5,365.6478783639666
5112,2556.0,366.56469208408225
5113,2556.5,367.5095499825616
5114,2557.0,368.4825823361233
5115,2557.5,369.48387726520286
5116,2558.0,370.5135999344921
5117,2558.5,371.57181389585435
5118,2559.0,372.6587234659037
5119,2559.5,373.77436364599424
5120,2560.0,374.91898185272936
5121,2560.5,376.0925809428656
5122,2561.0,377.2954549337411
5123,2561.5,378.5275714671832
5124,2562.0,379.7892673290271
5125,2562.5,407.6257488345853
5126,2563.0,447.89073386093537
5127,2563.5,496.6659187886004
5128,2564.0,556.9990560822856
5129,2564.5,633.5703700332056
5130,2565.0,734.0067188377353
5131,2565.5,871.5674466891493
5132,2566.0,1071.6101124114286
5133,2566.5,1389.332491613253
5134,2567.0,1972.2019785961797
5135,2567.5,3390.5392304122242
5136,2568.0,11997.412349907028
5137,2568.5,-7825.68682175332
5138,2569.0,-2953.71756394954
5139,2569.5,-1821.3712613643636
5140,2570.0,-1316.9846008929017
5141,2570.5,-1031.5133033874913
5142,2571.0,-847.7912407999368
5143,2571.5,-719.6097051739248
5144,2572.0,-625.0596565734039
5145,2572.5,-552.4176897851759
5146,2573.0,-494.84158395821584
5147,2573.5,-448.070096516947
5148,2574.0,-409.3108208066729
5149,2574.5,-376.6571696692321
5150,2575.0,-348.76360921520325
5151,2575.5,-324.65257263419574
5152,2576.0,-303.59773433556114
5153,2576.5,-285.0470975449177
5154,2577.0,-268.5747915693607
5155,2577.5,-253.84585952295376
5156,2578.0,-240.59437352797022
5157,2578.5,-228.60542096236776
5158,2579.0,-217.70450761067522
5159,2579.5,-207.74747698595314
5160,2580.0,-198.6151447794656
5161,2580.5,-190.20725454961664
5162,2581.0,-182.4396520421155
5163,2581.5,-175.24049617927955
5164,2582.0,-168.54867743946272
5165,2582.5,-162.31141426615193
5166,2583.0,-156.48324815824978
5167,2583.5,-151.02457714046162
5168,2584.0,-145.90086375514701
5169,2584.5,-141.0818636452059
5170,2585.0,-136.5408387378089
5171,2585.5,-132.25434445861993
5172,2586.0,-128.20132566600074
5173,2586.5,-124.36338130406104
5174,2587.0,-120.72367024736856
5175,2587.5,-117.26760121678524
5176,2588.0,-113.98150663758042
5177,2588.5,-110.85372022941978
5178,2589.0,-107.87299786376553
5179,2589.5,-105.0299515414819
5180,2590.0,-102.31521156530863
5181,2590.5,-99.72114264336786
5182,2591.0,-97.239975519366
5183,2591.5,-94.86532607173997
5184,2592.0,-92.5907777381753
5185,2592.5,-90.41090954507204
5186,2593.0,-88.32041629931258
5187,2593.5,-86.31464211449087
5188,2594.0,-84.38919548157348
5189,2594.5,-82.54003558238175
5190,2595.0,-80.7635254962412
5191,2595.5,-79.05612589520999
5192,2596.0,-77.41482416606763
5193,2596.5,-75.83649685749182
5194,2597.0,-74.31862851586577
5195,2597.5,-72.85850346950063
5196,2598.0,-71.45394098264157
5197,2598.5,-70.1026487431453
5198,2599.0,-68.80266828711602
5199,2599.5,-67.5520796436078
5200,2600.0,-66.34912045133512
5201,2600.5,-65.19217631187091
5202,2601.0,-64.07966382917843
5203,2601.5,-63.010214931801556
5204,2602.0,-61.98241489469366
5205,2602.5,-60.99507805829435
5206,2603.0,-60.04698643013747
5207,2603.5,-59.137066637545296
5208,2604.0,-58.26427584315933
5209,2604.5,-57.427652489472266
5210,2605.0,-56.62628757587752
5211,2605.5,-55.859335282647244
5212,2606.0,-55.12598327040244
5213,2606.5,-54.42550559680445
5214,2607.0,-53.75716503958806
5215,2607.5,-53.12032762391347
5216,2608.0,-52.51434344267018
5217,2608.5,-51.93863889037435
5218,2609.0,-51.3926579800967
5219,2609.5,-50.875864105332035
5220,2610.0,-50.387797259571
5221,2610.5,-49.927940792671095
5222,2611.0,-49.49592924921991
5223,2611.5,-49.09126490241912
5224,2612.0,-48.713641176155704
5225,2612.5,-48.36261197798759
5226,2613.0,-48.03788707379833
5227,2613.5,-48.44843609491631
5228,2614.0,-48.97369412519263
5229,2614.5,-49.49423109532724
5230,2615.0,-50.00942903892392
5231,2615.5,-50.51865680476152
5232,2616.0,-51.02133786660703
5233,2616.5,-51.51681716543732
5234,2617.0,-52.00455109917676
5235,2617.5,-52.48387359163627
5236,2618.0,-52.95426658938372
5237,2618.5,-53.41506471869099
5238,2619.0,-53.8657695323153
5239,2619.5,-54.30572665601345
5240,2620.0,-54.7344529177203
5241,2620.5,-55.15131367412381
5242,2621.0,-55.55583837758935
5243,2621.5,-55.947419240313515
5244,2622.0,-56.325597336990846
5245,2622.5,-56.68979730248471
5246,2623.0,-57.03957236106174
5247,2623.5,-57.374383705994425
5248,2624.0,-57.69379857661817
5249,2624.5,-57.99731761469523
5250,2625.0,-58.284525033617484
5251,2625.5,-58.554962794912925
5252,2626.0,-58.80823585983084
5253,2626.5,-59.04392861035334
5254,2627.0,-59.26167105216692
5255,2627.5,-59.461090567128664
5256,2628.0,-59.641846740116925
5257,2628.5,-59.80361024150662
5258,2629.0,-59.94607475128269
5259,2629.5,-60.068954418832554
5260,2630.0,-60.17198130591981
5261,2630.5,-60.25491327058368
5262,2631.0,-60.317524667118356
5263,2631.5,-60.35961739770994
5264,2632.0,-60.38101157572118
5265,2632.5,-60.38155357244953
5266,2633.0,-60.36111230434635
5267,2633.5,-60.31957901759327
5268,2634.0,-60.25687417294688
5269,2634.5,-60.17293407169081
5270,2635.0,-60.0677333790293
5271,2635.5,-59.941253100735246
5272,2636.0,-59.7935250088239
5273,2636.5,-59.62457353126726
5274,2637.0,-59.43449111110769
5275,2637.5,-59.223342896262274
5276,2638.0,-58.99128673263768
5277,2638.5,-58.73842380325718
5278,2639.0,-58.7194568403208
5279,2639.5,-59.84045100435367
5280,2640.0,-61.03795869774185
5281,2640.5,-62.317036563648486
5282,2641.0,-63.68262143164436
5283,2641.5,-65.14082923897377
5284,2642.0,-66.6978845793007
5285,2642.5,-68.36123275986728
5286,2643.0,-70.13877566956805
5287,2643.5,-72.03971128337633
5288,2644.0,-74.07412514456715
5289,2644.5,-76.25357088147649
5290,2645.0,-78.59102389939021
5291,2645.5,-81.10125292412043
5292,2646.0,-83.80113300575798
5293,2646.5,-86.70989598953794
5294,2647.0,-89.84979814540269
5295,2647.5,-93.24638893228688
5296,2648.0,-96.92954084297548
5297,2648.5,-100.93395676556901
5298,2649.0,-105.3005931837447
5299,2649.5,-110.07777910679924
5300,2650.0,-115.32317642167969
5301,2650.5,-121.10602399055682
5302,2651.0,-127.51018633930617
5303,2651.5,-134.63827549535176
5304,2652.0,-142.61711122279596
5305,2652.5,-151.60530339346036
5306,2653.0,-161.80398017234597
5307,2653.5,-173.4716608232101
5308,2654.0,-186.94703429351875
5309,2654.5,-202.68125428973187
5310,2655.0,-221.29102925809215
5311,2655.5,-243.63868041994056
5312,2656.0,-270.97304859036626
5313,2656.5,-305.16629887688475
5314,2657.0,-349.16689178765614
5315,2657.5,-407.8920769090279
5316,2658.0,-490.21316699462824
5317,2658.5,-613.913642522891
5318,2659.0,-820.6542856537606
5319,2659.5,-1236.2655975329055
5320,2660.0,-2500.287196622344
5321,2660.5,121187.20498314746
5322,2661.0,2405.530892778876
5323,2661.5,1215.931245958198
5324,2662.0,814.1051886198596
5325,2662.5,612.1847973736852
5326,2663.0,490.71804021232435
5327,2663.5,409.608616560036
5328,2664.0,351.6153180702412
5329,2664.5,322.4437986561291
5330,2665.0,318.646518239205
5331,2665.5,314.9297499968799
5332,2666.0,311.29083307369416
5333,2666.5,307.7269589485438
5334,2667.0,304.235669862507
5335,2667.5,300.8144597857255
5336,2668.0,297.46105683587894
5337,2668.5,294.173218110843
5338,2669.0,290.94884238609023
5339,2669.5,287.78591596611426
5340,2670.0,284.68249476596367
5341,2670.5,281.6367649990104
5342,2671.0,278.646927655991
5343,2671.5,275.7113435000593
5344,2672.0,272.82834778498517
5345,2672.5,269.9964538289755
5346,2673.0,267.2141214188545
5347,2673.5,264.4799973143668
5348,2674.0,261.7926570473557
5349,2674.5,259.1508641789595
5350,2675.0,256.5533029791325
5351,2675.5,253.99883642638537
5352,2676.0,251.48625579918522
5353,2676.5,249.01450194343266
5354,2677.0,246.5824728472124
5355,2677.5,244.18917833534738
5356,2678.0,241.8336108531998
5357,2678.5,239.5148452314161
5358,2679.0,237.23195753879423
5359,2679.5,234.98408398197066
5360,2680.0,232.77037465725252
5361,2680.5,230.59002382209172
5362,2681.0,228.44224708738543
5363,2681.5,226.32629370713502
5364,2682.0,224.24143724384322
5365,2682.5,222.18697913494253
5366,2683.0,220.1622441670326
5367,2683.5,218.1665833624972
5368,2684.0,216.19936674150935
5369,2684.5,214.25999250382216
5370,2685.0,212.3478705647475
5371,2685.5,210.46244406324615
5372,2686.0,208.60315805027102
5373,2686.5,206.769498515698
5374,2687.0,204.96094140248314
5375,2687.5,203.17701359506776
5376,2688.0,201.41721814622952
5377,2688.5,199.6811209940079
5378,2689.0,197.9682489333999
5379,2689.5,196.27820365177
5380,2690.0,194.6105373829019
5381,2690.5,192.964879797951
5382,2691.0,191.34081173958043
5383,2691.5,189.73798465217521
5384,2692.0,188.1560081630935
5385,2692.5,186.59455256616252
5386,2693.0,185.05325547987073
5387,2693.5,183.5318034342732
5388,2694.0,182.02986125046124
5389,2694.5,180.54712936883493
5390,2695.0,179.0832990213418
5391,2695.5,177.6380825000298
5392,2696.0,176.21119664491437
5393,2696.5,174.80236379071005
5394,2697.0,173.41132556426484
5395,2697.5,172.03781276850498
5396,2698.0,170.6815909705077
5397,2698.5,169.34239808818532
5398,2699.0,168.0200227504249
5399,2699.5,166.7142088464665
5400,2700.0,165.4247671508457
5401,2700.5,164.15144657970268
5402,2701.0,162.8940789667576
5403,2701.5,161.65241788209505
5404,2702.0,160.4263106189478
5405,2702.5,159.2155275884591
5406,2703.0,158.01991794026054
5407,2703.5,156.83927247125962
5408,2704.0,155.6734414898868
5409,2704.5,154.52223540666404
5410,2705.0,153.38550517596715
5411,2705.5,152.26307996881417
5412,2706.0,151.15481104988012
5413,2706.5,150.0605454155204
5414,2707.0,148.980134474877
5415,2707.5,147.91344203212398
5416,2708.0,146.86031963745233
5417,2708.5,145.820646803442
5418,2709.0,144.79427537280824
5419,2709.5,143.78109938654993
5420,2710.0,142.7809712784898
5421,2710.5,141.79379835968598
5422,2711.0,140.81943409264113
5423,2711.5,139.85779453628376
5424,2712.0,138.9087443155048
5425,2712.5,137.97219754347483
5426,2713.0,137.04803305472396
5427,2713.5,136.1361629195019
5428,2714.0,135.23647907675496
5429,2714.5,134.34889223838834
5430,2715.0,133.47330604825197
5431,2715.5,132.99915202715513
5432,2716.0,134.38912110183097
5433,2716.5,135.81522877412155
5434,2717.0,137.27845621774532
5435,2717.5,138.7798473203678
5436,2718.0,140.3204752362828
5437,2718.5,141.90148296033988
5438,2719.0,143.5240504214531
5439,2719.5,145.18942727008692
5440,2720.0,146.89891621082484
5441,2720.5,148.65388477020753
5442,2721.0,150.45577281284343
5443,2721.5,152.30608359528307
5444,2722.0,154.2064066541792
5445,2722.5,156.15840260223905
5446,2723.0,158.1638254991849
5447,2723.5,160.2245178443711
5448,2724.0,162.34241588920048
5449,2724.5,164.51957194855683
5450,2725.0,166.75812552732347
5451,2725.5,169.06037069122314
5452,2726.0,171.42867535069928
5453,2726.5,173.86561201441717
5454,2727.0,176.37380709100606
5455,2727.5,178.9561501241959
5456,2728.0,181.61557345591112
5457,2728.5,184.35531493309975
5458,2729.0,187.17867975093623
5459,2729.5,190.0892894302138
5460,2730.0,193.0908879099002
5461,2730.5,196.18753851748917
5462,2731.0,199.38349665851152
5463,2731.5,202.68333775468386
5464,2732.0,206.09191509650137
5465,2732.5,209.61440152898552
5466,2733.0,213.25635161886103
5467,2733.5,217.02363969596016
5468,2734.0,220.92264617845845
5469,2734.5,224.96007443268462
5470,2735.0,229.14328194091243
5471,2735.5,233.4799583337841
5472,2736.0,237.978623130196
5473,2736.5,242.6481472457461
5474,2737.0,247.49842606293805
5475,2737.5,252.53979822791402
5476,2738.0,257.78376926066284
5477,2738.5,263.24248616935165
5478,2739.0,268.9293984306975
5479,2739.5,274.85886465718835
5480,2740.0,281.0467194271098
5481,2740.5,287.51004168064475
5482,2741.0,294.26761851850915
5483,2741.5,301.33990472222615
5484,2742.0,308.74937750767884
5485,2742.5,316.5207220681829
5486,2743.0,324.68107573599565
5487,2743.5,333.26048240743324
5488,2744.0,342.29203160734664
5489,2744.5,351.8126364132403
5490,2745.0,361.8630841706521
5491,2745.5,372.48921031354695
5492,2746.0,383.7418957432527
5493,2746.5,395.67873654674617
5494,2747.0,408.3640532460134
5495,2747.5,421.8712005391961
5496,2748.0,436.28270463383257
5497,2748.5,451.69340243867293
5498,2749.0,468.21104923699966
5499,2749.5,485.9603455883467
5500,2750.0,505.0846929765339
5501,2750.5,525.7514499667174
5502,2751.0,548.1556190302665
5503,2751.5,572.5272201393941
5504,2752.0,599.138201490357
5505,2752.5,628.3136384895553
5506,2753.0,660.4443077566492
5507,2753.5,696.0050840627157
5508,2754.0,735.5780844489835
5509,2754.5,779.8853404501049
5510,2755.0,829.8331139974903
5511,2755.5,886.5748550069944
5512,2756.0,951.6016657078358
5513,2756.5,1026.8753336519821
5514,2757.0,1115.0304941751253
5515,2757.5,1219.6893183599395
5516,2758.0,1345.9731632189546
5517,2758.5,1501.366271751432
5518,2759.0,1697.257883142748
5519,2759.5,1951.869195262188
5520,2760.0,2296.2817566216977
5521,2760.5,2788.2130177701124
5522,2761.0,3548.327198449083
5523,2761.5,4878.224631304899
5524,2762.0,7802.913174881752
5525,2762.5,19488.704830152245
5526,2763.0,-39141.8614946716
5527,2763.5,-9762.991375784046
5528,2764.0,-5576.281955530132
5529,2764.5,-3902.234126151488
5530,2765.0,-3000.9374006392886
5531,2765.5,-2437.635754092278
5532,2766.0,-2052.205612261618
5533,2766.5,-1782.8535312892038
5534,2767.0,-1801.746959825279
5535,2767.5,-1821.0602536450626
5536,2768.0,-1840.807301186924
5537,2768.5,-1861.0027750805834
5538,2769.0,-1881.6619034613714
5539,2769.5,-1902.8006752093604
5540,2770.0,-1924.4358154907306
5541,2770.5,-1946.584789438456
5542,2771.0,-1969.2659979836412
5543,2771.5,-1992.4985662743804
5544,2772.0,-2016.3027761327323
5545,2772.5,-2040.699624442133
5546,2773.0,-2065.7115101171826
5547,2773.5,-2091.3615465203593
5548,2774.0,-2117.6745225957966
5549,2774.5,-2144.6759520931405
5550,2775.0,-2172.3933305294595
5551,2775.5,-2200.8549025929265
5552,2776.0,-2230.091238906331
5553,2776.5,-2260.13373304956
5554,2777.0,-2291.0163667371794
5555,2777.5,-2322.7742379302053
5556,2778.0,-2355.445191771089
5557,2778.5,-2389.068590099355
5558,2779.0,-2423.6867207223054
5559,2779.5,-2459.3438556431497
5560,2780.0,-2496.0874176867565
5561,2780.5,-2533.967356869
5562,2781.0,-2573.037056594615
5563,2781.5,-2613.353061890089
5564,2782.0,-2654.9757063419243
5565,2782.5,-2697.969231117411
5566,2783.0,-2742.402112881512
5567,2783.5,-2788.3476188942986
5568,2784.0,-2835.8838154516147
5569,2784.5,-2885.094612217577
5570,2785.0,-2936.0694304554954
5571,2785.5,-2988.9047995975766
5572,2786.0,-3043.7036649447764
5573,2786.5,-3100.5776119437955
5574,2787.0,-3159.6457945586358
5575,2787.5,-3221.0378787300456
5576,2788.0,-3284.892605091955
5577,2788.5,-3351.3614180246473
5578,2789.0,-3420.606987609149
5579,2789.5,-3492.807159739998
5580,2790.0,-3568.1540187081396
5581,2790.5,-3646.857834530756
5582,2791.0,-3729.1470008002048
5583,2791.5,-3815.2720169647228
5584,2792.0,-3905.5065165917063
5585,2792.5,-4000.1513997627894
5586,2793.0,-4099.537243589686
5587,2793.5,-4204.028766262247
5588,2794.0,-4314.0290239696915
5589,2794.5,-4429.984492250735
5590,2795.0,-4552.391621683673
5591,2795.5,-4681.802987970432
5592,2796.0,-4818.837036843294
5593,2796.5,-4964.186023114955
5594,2797.0,-5118.630181797646
5595,2797.5,-5283.048621507654
5596,2798.0,-5458.439817950532
5597,2798.5,-5645.937382691991
5598,2799.0,-5846.839878486974
5599,2799.5,-6062.63487616917
5600,2800.0,-6295.04214500752
5601,2800.5,-6546.053386318058
5602,2801.0,-6817.9952182078005
5603,2801.5,-7113.596056564827
5604,2802.0,-7436.082848073866
5605,2802.5,-7789.294896822997
5606,2803.0,-8177.84111442355
5607,2803.5,-8607.299127349135
5608,2804.0,-9084.48676924387
5609,2804.5,-9617.825464288278
5610,2805.0,-10217.841220138147
5611,2805.5,-10897.867713881385
5612,2806.0,-11675.045092525459
5613,2806.5,-12571.789941986635
5614,2807.0,-13617.983797776438
5615,2807.5,-14854.379000608189
5616,2808.0,-16338.013542811443
5617,2808.5,-18151.28193954295
5618,2809.0,-20417.7413403588
5619,2809.5,-23331.550563838635
5620,2810.0,-27216.20988786944
5621,2810.5,-32653.913912437896
5622,2811.0,-40808.574480734496
5623,2811.5,-54394.563895215
5624,2812.0,-81547.02144239008
5625,2812.5,-162847.8487693243
5626,2813.0,-56331313.96305608
5627,2813.5,163774.6461134267
5628,2814.0,81763.70461504644
5629,2814.5,54479.72422996998
5630,2815.0,40847.71339888963
5631,2815.5,32671.74374606954
5632,2816.0,27222.470205081205
5633,2816.5,23330.83006495825
5634,2817.0,20412.494037574732
5635,2817.5,18142.927440475116
5636,2818.0,16327.43892463512
5637,2818.5,14842.160054339192
5638,2819.0,13604.51518284209
5639,2819.5,12557.348079823267
5640,2820.0,11659.831401117399
5641,2820.5,10882.031012063257
5642,2821.0,10201.494797554538
5643,2821.5,9601.056475802388
5644,2822.0,9067.363627061732
5645,2822.5,8589.876328040347
5646,2823.0,8160.16225758212
5647,2823.5,7771.395905586995
5648,2824.0,7417.992687359389
5649,2824.5,7095.339474251963
5650,2825.0,6799.592084824812
5651,2825.5,6527.521412072881
5652,2826.0,6276.395299620404
5653,2826.5,6043.886268024014
5654,2827.0,5827.999506866454
5655,2827.5,5627.015250095166
5656,2828.0,5439.443169051818
5657,2828.5,5263.985167153605
5658,2829.0,5099.505479921547
5659,2829.5,4945.006005857211
5660,2830.0,4799.606060511769
5661,2830.5,4662.525662784381
5662,2831.0,4533.071439261698
5663,2831.5,4410.62505648031
5664,2832.0,4294.633197600055
5665,2832.5,4184.599372722094
5666,2833.0,4080.0766834068854
5667,2833.5,3980.6618808191597
5668,2834.0,3885.990096877806
5669,2834.5,3795.730411406757
5670,2835.0,3709.582012036762
5671,2835.5,3627.2707771665628
5672,2836.0,3548.5465043397735
5673,2836.5,3473.180173703603
5674,2837.0,3400.9619984191877
5675,2837.5,3331.6991370015407
5676,2838.0,3265.214393779824
5677,2838.5,3201.3442179487133
5678,2839.0,3139.937931710975
5679,2839.5,3080.855916501852
5680,2840.0,3023.969203591316
5681,2840.5,2969.157921657929
5682,2841.0,2916.311015069033
5683,2841.5,2865.3250030407257
5684,2842.0,2816.103726992019
5685,2842.5,2768.5573979655173
5686,2843.0,2722.6023284308003
5687,2843.5,2678.160239714823
5688,2844.0,2635.157947387858
5689,2844.5,2593.526906614209
5690,2845.0,2553.20282840687
5691,2845.5,2514.1254452623925
5692,2846.0,2476.2380416456217
5693,2846.5,2439.4874255279974
5694,2847.0,2403.8233610288667
5695,2847.5,2369.1987338889708
5696,2848.0,2335.5688776468137
5697,2848.5,2302.89192289109
5698,2849.0,2271.1280166434412
5699,2849.5,2240.2398182802044
5700,2850.0,2210.191677290918
5701,2850.5,2180.9501490325383
5702,2851.0,2152.4832813836847
5703,2851.5,2124.7610142954204
5704,2852.0,2097.754633367454
5705,2852.5,2071.4370389189207
5706,2853.0,2045.7823612299712
5707,2853.5,2020.766098559156
5708,2854.0,1996.364889130645
5709,2854.5,1972.55651827686
5710,2855.0,1949.3198425270916
5711,2855.5,1926.6346666416262
5712,2856.0,1904.4818153889312
5713,2856.5,1882.8428816948867
5714,2857.0,1861.7004418928452
5715,2857.5,1841.0376765674212
5716,2858.0,1820.8387252330976
5717,2858.5,1801.0881817260872
5718,2859.0,1781.7715844199265
5719,2859.5,1762.8747949730046
5720,2860.0,1744.384586599241
5721,2860.5,1726.2879851310752
5722,2861.0,1708.5728378367762
5723,2861.5,1691.2272453376074
5724,2862.0,1674.2400097286493
5725,2862.5,1657.6002020937794
5726,2863.0,1641.2974828221265
5727,2863.5,1625.3218012545044
5728,2864.0,1609.6635908130713
5729,2864.5,1594.313597390193
5730,2865.0,1579.2629519540058
5731,2865.5,1564.5031243664646
5732,2866.0,1550.0258761538003
5733,2866.5,1535.8233365146984
5734,2867.0,1521.8878379566627
5735,2867.5,1508.2121113270296
5736,2868.0,1494.7890070162543
5737,2868.5,1481.6118058473926
5738,2869.0,1595.034005260955
5739,2869.5,1768.6070021740022
5740,2870.0,1984.476743590592
5741,2870.5,2260.2504417160094
5742,2871.0,2624.8917280138307
5743,2871.5,3129.6116898028495
5744,2872.0,3874.3416969469185
5745,2872.5,5083.698199576087
5746,2873.0,7389.7005506713485
5747,2873.5,13521.469247373037
5748,2874.0,79334.9860113052
5749,2874.5,-20520.206467772936
5750,2875.0,-9086.243392476023
5751,2875.5,-5835.384948753193
5752,2876.0,-4297.950259432052
5753,2876.5,-3401.8258540097195
5754,2877.0,-2814.985918517898
5755,2877.5,-2400.871152477671
5756,2878.0,-2093.00257991828
5757,2878.5,-1855.1370609401476
5758,2879.0,-1665.8335987126359
5759,2879.5,-1511.5956589484288
5760,2880.0,-1383.5045820366536
5761,2880.5,-1275.4294153976937
5762,2881.0,-1183.017529912538
5763,2881.5,-1103.0926684326726
5764,2882.0,-1033.2833824052552
5765,2882.5,-971.7826999169755
5766,2883.0,-917.1901271560571
5767,2883.5,-868.4030216782938
5768,2884.0,-824.5417297844275
5769,2884.5,-784.895697971973
5770,2885.0,-748.8848690760095
5771,2885.5,-716.030927432725
5772,2886.0,-685.9360061726702
5773,2886.5,-658.2664090878114
5774,2887.0,-632.7402049436615
5775,2887.5,-609.1175493282508
5776,2888.0,-587.19312308056
5777,2888.5,-566.7901325496524
5778,2889.0,-547.7555254094722
5779,2889.5,-529.9561325779756
5780,2890.0,-513.275546600132
5781,2890.5,-497.6115580014649
5782,2891.0,-482.8740661054364
5783,2891.5,-468.983324067444
5784,2892.0,-455.8685107909005
5785,2892.5,-443.46649695736176
5786,2893.0,-431.720850712108
5787,2893.5,-420.5809497867929
5788,2894.0,-410.0012767147929
5789,2894.5,-399.9407685499427
5790,2895.0,-390.3623066556341
5791,2895.5,-381.23223693169
5792,2896.0,-372.519987961143
5793,2896.5,-388.0913237727029
5794,2897.0,-416.16132717342947
5795,2897.5,-448.6054080712552
5796,2898.0,-486.5324876617379
5797,2898.5,-531.4611876989275
5798,2899.0,-585.5282052039753
5799,2899.5,-651.8384450719118
5800,2900.0,-735.0833380254284
5801,2900.5,-842.7026602922809
5802,2901.0,-987.2422992797157
5803,2901.5,-1191.641856951428
5804,2902.0,-1502.8103402044605
5805,2902.5,-2033.9995206104309
5806,2903.0,-3146.249019259074
5807,2903.5,-6944.23839715834
5808,2904.0,33480.41098653541
5809,2904.5,4907.157759348979
5810,2905.0,2647.2517594510787
5811,2905.5,1812.3432255716764
5812,2906.0,1377.6829689036545
5813,2906.5,1111.1014521380482
5814,2907.0,930.8961520269492
5815,2907.5,800.9373274791992
5816,2908.0,702.7777372244769
5817,2908.5,626.0173665343991
5818,2909.0,564.3445757628512
5819,2909.5,513.7086641719814
5820,2910.0,471.3893790811771
5821,2910.5,435.49313669916296
5822,2911.0,404.6604661248198
5823,2911.5,377.8905962076431
5824,2912.0,354.43017246781307
5825,2912.5,333.70141113371164
5826,2913.0,315.2537436712588
5827,2913.5,298.7305654824114
5828,2914.0,283.84611533979125
5829,2914.5,270.36849729164703
5830,2915.0,258.10784112744886
5831,2915.5,246.9068806700698
5832,2916.0,236.63459581743828
5833,2916.5,227.18059138297778
5834,2917.0,218.45157580702104
5835,2917.5,210.3677929112922
5836,2918.0,202.86102785462026
5837,2918.5,195.87225840432689
5838,2919.0,189.3504429620434
5839,2919.5,183.25099436681242
5840,2920.0,177.53496108429025
5841,2920.5,172.1680466670885
5842,2921.0,167.12001690157268
5843,2921.5,162.3640670718806
5844,2922.0,160.0857592220456
5845,2922.5,159.23476901289493
5846,2923.0,158.38842993689983
5847,2923.5,157.54677568684463
5848,2924.0,156.70983899212797
5849,2924.5,155.87765360657332
5850,2925.0,155.05025093157002
5851,2925.5,154.22766530054932
5852,2926.0,153.40992633064405
5853,2926.5,152.59706937123488
5854,2927.0,151.78912187906624
5855,2927.5,150.9861205751493
5856,2928.0,150.18809045835707
5857,2928.5,149.39506919011592
5858,2929.0,148.60708121428877
5859,2929.5,147.8241630318145
5860,2930.0,147.04633962439496
5861,2930.5,146.27364583088243
5862,2931.0,145.5061075606835
5863,2931.5,144.74375769827546
5864,2932.0,143.98662334767602
5865,2932.5,143.23473522452906
5866,2933.0,142.48812181588386
5867,2933.5,141.74681153097933
5868,2934.0,141.01083435084772
5869,2934.5,140.2802163165769
5870,2935.0,139.554988937851
5871,2935.5,138.83517590043178
5872,2936.0,138.1208102023989
5873,2936.5,137.41191326016582
5874,2937.0,136.70851944659827
5875,2937.5,136.0106480661939
5876,2938.0,135.3183341208898
5877,2938.5,134.63159671204255
5878,2939.0,133.95046927820675
5879,2939.5,133.2749723407896
5880,2940.0,132.60513682196347
5881,2940.5,131.94098486774243
5882,2941.0,131.2825450783858
5883,2941.5,130.6298409994409
5884,2942.0,129.9828991722831
5885,2942.5,129.34174424910128
5886,2943.0,128.70640104062258
5887,2943.5,128.07689494857814
5888,2944.0,127.45324944267638
5889,2944.5,126.83549025696966
5890,2945.0,126.22363996684663
5891,2945.5,125.61772416594492
5892,2946.0,125.01776503426655
5893,2946.5,124.42378750190908
5894,2947.0,123.83581389928429
5895,2947.5,123.2538679608751
5896,2948.0,122.67797264693498
5897,2948.5,122.10815027289358
5898,2949.0,121.54442418750483
5899,2949.5,120.98681578030175
5900,2950.0,120.43534824829764
5901,2950.5,119.89004262275567
5902,2951.0,119.35092136271582
5903,2951.5,118.8180057376356
5904,2952.0,118.2913168567618
5905,2952.5,117.77087684518641
5906,2953.0,117.2567048330886
5907,2953.5,116.74882443127161
5908,2954.0,116.24725215270138
5909,2954.5,115.75201372785473
5910,2955.0,115.26312241444313
5911,2955.5,114.78060669133657
5912,2956.0,114.30447607928113
5913,2956.5,113.83476197887896
5914,2957.0,113.37147136933277
5915,2957.5,112.9146349228398
5916,2958.0,112.46426087127838
5917,2958.5,112.0203775034623
5918,2959.0,111.58299487094125
5919,2959.5,111.15213831994694
5920,2960.0,110.72782025569819
5921,2960.5,110.310062560063
5922,2961.0,109.89888048344324
5923,2961.5,109.49429196843515
5924,2962.0,109.09631555034834
5925,2962.5,108.70496481366354
5926,2963.0,108.32026195756015
5927,2963.5,107.94221585443445
5928,2964.0,107.57085267701092
5929,2964.5,107.20617630478543
5930,2965.0,106.84821711649941
5931,2965.5,106.49697379868482
5932,2966.0,106.15248108422625
5933,2966.5,105.81473235412105
5934,2967.0,105.48376675295762
5935,2967.5,105.15957325546978
5936,2968.0,104.84219262401356
5937,2968.5,104.53161327057342
5938,2969.0,104.22787349126637
5939,2969.5,103.9309642713762
5940,2970.0,103.64092040535981
5941,2970.5,103.35773540289415
5942,2971.0,103.08144063836313
5943,2971.5,102.81203201461912
5944,2972.0,102.54953764907079
5945,2972.5,102.29395562381708
5946,2973.0,104.41802042731167
5947,2973.5,108.89316194574178
5948,2974.0,113.73195272841323
5949,2974.5,118.98179224625004
5950,2975.0,124.69853500365922
5951,2975.5,130.94925175424973
5952,2976.0,137.81444009536185
5953,2976.5,145.39221650244139
5954,2977.0,153.80279259313463
5955,2977.5,163.19558485604415
5956,2978.0,173.75816723355655
5957,2978.5,185.72965432824327
5958,2979.0,199.4193643166837
5959,2979.5,215.23482797546768
5960,2980.0,233.72394494356428
5961,2980.5,255.64112547737793
5962,2981.0,282.05468229712494
5963,2981.5,314.5288921510395
5964,2982.0,355.4495985047009
5965,2982.5,408.6450666348728
5966,2983.0,480.6693379687044
5967,2983.5,583.7555116600869
5968,2984.0,743.6609587286536
5969,2984.5,1025.5146326147515
5970,2985.0,1655.4915020121607
5971,2985.5,4325.260448177385
5972,2986.0,-6959.256731016666
5973,2986.5,-1919.6027443311796
5974,2987.0,-1110.118650591953
5975,2987.5,-779.0456057044778
5976,2988.0,-598.9286560516731
5977,2988.5,-485.6127309766856
5978,2989.0,-407.71708464784433
5979,2989.5,-350.8350870127502
5980,2990.0,-307.4600328489448
5981,2990.5,-273.26275961085963
5982,2991.0,-245.6020022552106
5983,2991.5,-222.74910931154008
5984,2992.0,-203.54525350222684
5985,2992.5,-187.17024100708562
5986,2993.0,-173.03700533670184
5987,2993.5,-160.7087147448969
5988,2994.0,-149.8556661428408
5989,2994.5,-140.22554265010695
5990,2995.0,-131.61790859896436
5991,2995.5,-123.87817377301444
5992,2996.0,-116.8768084380687
5993,2996.5,-110.5139036374896
5994,2997.0,-104.7035016927505
5995,2997.5,-99.37646046170026
5996,2998.0,-94.47473264323075
5997,2998.5,-88.82380017702647
5998,2999.0,-82.84830165055287
5999,2999.5,-77.53156142730815
6000,3000.0,-72.77240757893243
6001,3000.5,-68.48849018072255
6002,3001.0,-64.6128154628144
6003,3001.5,-61.092478516557435
6004,3002.0,-57.88178531991349
6005,3002.5,-54.94431965356169
6006,3003.0,-52.24929370038489
6007,3003.5,-49.76956107846425
6008,3004.0,-47.48392699968362
6009,3004.5,-45.37314847641849
6010,3005.0,-43.42064712460342
6011,3005.5,-41.612942717879996
6012,3006.0,-39.9376414110669
6013,3006.5,-38.384128695440154
6014,3007.0,-36.9435025940227
6015,3007.5,-35.60754055565525
6016,3008.0,-34.369161504391755
6017,3008.5,-33.22232848512898
6018,3009.0,-32.16146981185847
6019,3009.5,-31.181713271954962
6020,3010.0,-30.27887523889715
6021,3010.5,-30.3703560977025
6022,3011.0,-30.695160648300046
6023,3011.5,-31.06066846653231
6024,3012.0,-31.46744312924474
6025,3012.5,-31.916053148209286
6026,3013.0,-32.407149521555546
6027,3013.5,-32.941435017208114
6028,3014.0,-33.519577703984766
6029,3014.5,-34.14240928926014
6030,3015.0,-34.81082129484207
6031,3015.5,-35.525611535476436
6032,3016.0,-36.287822829566096
6033,3016.5,-37.09859619405779
6034,3017.0,-37.95887361047329
6035,3017.5,-38.869992807723186
6036,3018.0,-39.83339667631001
6037,3018.5,-40.8501498500393
6038,3019.0,-41.92207029680689
6039,3019.5,-43.05087155266516
6040,3020.0,-44.2378342066071
6041,3020.5,-45.48542412648698
6042,3021.0,-46.80551535434426
6043,3021.5,-48.20707809531211
6044,3022.0,-49.6495290699459
6045,3022.5,-51.132679148329125
6046,3023.0,-52.65799426111128
6047,3023.5,-54.22584756124984
6048,3024.0,-55.83706383894335
6049,3024.5,-57.49292039712477
6050,3025.0,-59.19368975133893
6051,3025.5,-60.941347074452636
6052,3026.0,-62.73619213305853
6053,3026.5,-64.58027294519526
6054,3027.0,-66.47448979242117
6055,3027.5,-68.4206595334668
6056,3028.0,-70.42037943064406
6057,3028.5,-72.47536652025157
6058,3029.0,-74.58787676768223
6059,3029.5,-76.75967073234985
6060,3030.0,-78.9936367477742
6061,3030.5,-81.29173404900943
6062,3031.0,-83.65747544571431
6063,3031.5,-86.09318697640786
6064,3032.0,-88.60302380292521
6065,3032.5,-91.18986280892052
6066,3033.0,-93.85855379431754
6067,3033.5,-96.61272972300692
6068,3034.0,-99.45803241976172
6069,3034.5,-102.3990858218699
6070,3035.0,-105.44248009886383
6071,3035.5,-108.59410764197844
6072,3036.0,-111.86174084133498
6073,3036.5,-115.25287998425328
6074,3037.0,-118.77681705985506
6075,3037.5,-122.44309059815225
6076,3038.0,-126.26299031431302
6077,3038.5,-130.24865777064832
6078,3039.0,-134.4140542171418
6079,3039.5,-138.7746898842914
6080,3040.0,-143.34815020214822
6081,3040.5,-148.1543837600785
6082,3041.0,-153.2159609042483
6083,3041.5,-158.5588065032623
6084,3042.0,-164.21245131445758
6085,3042.5,-170.2110709878328
6086,3043.0,-176.59408784244218
6087,3043.5,-183.40739201332534
6088,3044.0,-190.70476655702828
6089,3044.5,-198.54926053082121
6090,3045.0,-207.0160605438773
6091,3045.5,-216.1942432256785
6092,3046.0,-226.1919444860009
6093,3046.5,-237.13930098639537
6094,3047.0,-243.5568803601117
6095,3047.5,-250.48103958520227
6096,3048.0,-257.9819456629441
6097,3048.5,-266.12389850594957
6098,3049.0,-274.9814853861899
6099,3049.5,-284.64171444433424
6100,3050.0,-295.2056853281777
6101,3050.5,-306.793854590205
6102,3051.0,-319.546978255767
6103,3051.5,-333.63630909353975
6104,3052.0,-349.2641589092916
6105,3052.5,-366.6818678452313
6106,3053.0,-386.19150910482546
6107,3053.5,-408.1766480758282
6108,3054.0,-433.11033846252207
6109,3054.5,-461.60515760893105
6110,3055.0,-494.44697346345725
6111,3055.5,-532.6794472497044
6112,3056.0,-577.7036191216735
6113,3056.5,-631.456584896353
6114,3057.0,-696.6882539081978
6115,3057.5,-777.4385280793585
6116,3058.0,-879.9000690857587
6117,3058.5,-1014.0584398254039
6118,3059.0,-1197.14442624878
6119,3059.5,-1461.6273340338214
6120,3060.0,-1876.8829087361848
6121,3060.5,-2622.410589277721
6122,3061.0,-4350.085319058146
6123,3061.5,-12727.169049911967
6124,3062.0,13797.385748344099
6125,3062.5,4481.302726022587
6126,3063.0,2678.5956543798616
6127,3063.5,1912.4225706870307
6128,3064.0,1488.6567185803633
6129,3064.5,1219.882876058642
6130,3065.0,1034.3209719481438
6131,3065.5,898.6207105395982
6132,3066.0,795.1259104757188
6133,3066.5,713.6579858543545
6134,3067.0,647.904190187625
6135,3067.5,593.7642369417418
6136,3068.0,548.4439708565848
6137,3068.5,509.9829038701817
6138,3069.0,476.9604688830132
6139,3069.5,448.3227503363173
6140,3070.0,423.27381590739066
6141,3070.5,401.19649664306803
6142,3071.0,381.61161755154995
6143,3071.5,364.1333706319053
6144,3072.0,335.04277445954875
6145,3072.5,280.73925883814866
6146,3073.0,241.75246507769376
6147,3073.5,212.3490591071241
6148,3074.0,189.34745599892238
6149,3074.5,170.82948201313945
6150,3075.0,155.57790346624154
6151,3075.5,142.7775283218067
6152,3076.0,131.86577931247277
6153,3076.5,122.43945279571565
6154,3077.0,114.20351187420957
6155,3077.5,106.93646306368598
6156,3078.0,100.46890303289373
6157,3078.5,94.66944166463485
6158,3079.0,89.43395184753612
6159,3079.5,84.6797981547996
6160,3080.0,80.3394831335833
6161,3080.5,76.35860677582524
6162,3081.0,72.69150321601462
6163,3081.5,69.30104694403957
6164,3082.0,66.1552231216582
6165,3082.5,63.22797153489285
6166,3083.0,60.4961470183856
6167,3083.5,57.941064529245345
6168,3084.0,55.545521101773744
6169,3084.5,53.29592365054102
6170,3085.0,51.179148382537264
6171,3085.5,49.185219879993575
6172,3086.0,47.30390186299108
6173,3086.5,45.52774671904191
6174,3087.0,43.84885770142273
6175,3087.5,42.26138285028569
6176,3088.0,40.759300249495006
6177,3088.5,39.33787653374395
6178,3089.0,37.992567514688176
6179,3089.5,36.71943573019464
6180,3090.0,35.51510782967437
6181,3090.5,34.37623145961318
6182,3091.0,33.30034243375393
6183,3091.5,32.28457609166655
6184,3092.0,31.327050994229126
6185,3092.5,30.425570253584674
6186,3093.0,29.57844826240171
6187,3093.5,28.78408087343429
6188,3094.0,28.040980157917897
6189,3094.5,27.347950825035777
6190,3095.0,26.703748188169754
6191,3095.5,26.10740775142476
6192,3096.0,25.557966486810745
6193,3096.5,25.05459915509861
6194,3097.0,24.596529272511482
6195,3097.5,24.673062664516554
6196,3098.0,25.323049359379894
6197,3098.5,26.022487457716142
6198,3099.0,26.77242201554263
6199,3099.5,27.573902631538513
6200,3100.0,28.428071291717863
6201,3100.5,29.33645750300341
6202,3101.0,30.30025731158642
6203,3101.5,31.32157240312076
6204,3102.0,32.40187902932993
6205,3102.5,33.54370805394279
6206,3103.0,34.749162402444504
6207,3103.5,36.02112647680669
6208,3104.0,37.36254659074103
6209,3104.5,38.7767948081778
6210,3105.0,40.26784432406679
6211,3105.5,41.83976914560829
6212,3106.0,43.497787612655955
6213,3106.5,45.24698994305475
6214,3107.0,47.094123933248554
6215,3107.5,49.04573985256673
6216,3108.0,51.11051304263123
6217,3108.5,53.29707440478276
6218,3109.0,55.616611998565624
6219,3109.5,58.080712464274555
6220,3110.0,60.703964517584424
6221,3110.5,63.50217155545094
6222,3111.0,66.49470311653377
6223,3111.5,69.70345388332545
6224,3112.0,73.15477038307812
6225,3112.5,76.87953358405083
6226,3113.0,80.91465881782393
6227,3113.5,85.30468621115044
6228,3114.0,90.10318007286097
6229,3114.5,95.37627192885643
6230,3115.0,101.2049284855133
6231,3115.5,107.69114463101846
6232,3116.0,114.9633994123857
6233,3116.5,123.18708819434937
6234,3117.0,132.5785319829712
6235,3117.5,143.42461924356834
6236,3118.0,156.11770525409244
6237,3118.5,171.202840122056
6238,3119.0,189.46835671778877
6239,3119.5,212.08757789371973
6240,3120.0,240.89928613311082
6241,3120.5,278.9425973345266
6242,3121.0,331.6413133291203
6243,3121.5,409.7030797263469
6244,3122.0,537.6175014461746
6245,3122.5,786.4165479859771
6246,3123.0,1483.8727403651458
6247,3123.5,1881.8019246032418
6248,3124.0,1910.016883867961
6249,3124.5,1940.690807523849
6250,3125.0,1974.0143618132674
6251,3125.5,2010.2074541782772
6252,3126.0,2049.511301515643
6253,3126.5,2092.1981799685905
6254,3127.0,2138.5775655820275
6255,3127.5,2188.990812270427
6256,3128.0,2243.8400806547897
6257,3128.5,2303.5605416486123
6258,3129.0,2368.681509229124
6259,3129.5,2439.770773269417
6260,3130.0,2517.5303640915367
6261,3130.5,2602.726810294725
6262,3131.0,2696.295752082608
6263,3131.5,2799.3062292423474
6264,3132.0,2913.038496825286
6265,3132.5,3039.0128289847758
6266,3133.0,3179.043542735187
6267,3133.5,3335.3489774591735
6268,3134.0,3510.6065466631285
6269,3134.5,3708.1584496601986
6270,3135.0,3932.145990563336
6271,3135.5,4187.834992530047
6272,3136.0,4481.976249965402
6273,3136.5,4823.395368689779
6274,3137.0,5223.833944979898
6275,3137.5,5699.304168999941
6276,3138.0,6272.119475375577
6277,3138.5,6974.537341309033
6278,3139.0,7854.688340207804
6279,3139.5,8988.052082593207
6280,3140.0,10499.805985485911
6281,3140.5,12613.817086424859
6282,3141.0,15774.51456961295
6283,3141.5,21004.25877479528
6284,3142.0,31305.94273920514
6285,3142.5,60909.67320507285
6286,3143.0,953155.3177253889
6287,3143.5,-70714.70445160741
6288,3144.0,-34318.901699846414
6289,3144.5,-22766.54890407036
6290,3145.0,-17099.059858367666
6291,3145.5,-13736.25931417549
6292,3146.0,-11512.731581367196
6293,3146.5,-9935.115436660437
6294,3147.0,-8759.414985170422
6295,3147.5,-7850.369750058894
6296,3148.0,-7127.7133777858835
6297,3148.5,-2140.741498141752
6298,3149.0,-782.4288275596186
6299,3149.5,-481.3817181652109
6300,3150.0,-348.7730211770375
6301,3150.5,-273.9595329692467
6302,3151.0,-225.8167581824792
6303,3151.5,-192.15719076273643
6304,3152.0,-167.24455010011144
6305,3152.5,-148.01599634033778
6306,3153.0,-132.69171366047928
6307,3153.5,-120.16487534194162
6308,3154.0,-109.71184130696751
6309,3154.5,-100.83955363933208
6310,3155.0,-93.20043880256391
6311,3155.5,-86.54249516519707
6312,3156.0,-80.67892154465093
6313,3156.5,-75.46763989319217
6314,3157.0,-70.7999092905497
6315,3157.5,-66.58945309338668
6316,3158.0,-62.769146779375816
6317,3158.5,-59.28345406411369
6318,3159.0,-56.089062579901494
6319,3159.5,-53.148524972798235
6320,3160.0,-50.432904668838155
6321,3160.5,-47.916015763478505
6322,3161.0,-45.5779530111576
6323,3161.5,-43.399906637297626
6324,3162.0,-41.36780592138192
6325,3162.5,-39.467905513719074
6326,3163.0,-37.68997184455827
6327,3163.5,-36.023889875589255
6328,3164.0,-34.4619759571538
6329,3164.5,-32.996813487430934
6330,3165.0,-31.622427120113596
6331,3165.5,-30.3334565010019
6332,3166.0,-29.125089227010793
6333,3166.5,-27.99354414444375
6334,3167.0,-26.93483378951052
6335,3167.5,-25.946305828229416
6336,3168.0,-25.024804804058597
6337,3168.5,-24.168249136758778
6338,3169.0,-23.374384729381177
6339,3169.5,-22.64138947677355
6340,3170.0,-21.96770187098671
6341,3170.5,-21.351790437055822
6342,3171.0,-20.792501043535548
6343,3171.5,-20.288678893260794
6344,3172.0,-19.839370032827652
6345,3172.5,-19.4436879890953
6346,3173.0,-19.10091084119597
6347,3173.5,-18.810277109546853
6348,3174.0,-19.03778417277269
6349,3174.5,-20.195995052652727
6350,3175.0,-21.500732297718756
6351,3175.5,-22.968724728106157
6352,3176.0,-24.621184072054408
6353,3176.5,-26.483509586034423
6354,3177.0,-28.590044453777836
6355,3177.5,-30.9814163849623
6356,3178.0,-33.71476304745957
6357,3178.5,-36.86012948776096
6358,3179.0,-40.517227524085214
6359,3179.5,-44.816459131477764
6360,3180.0,-49.94787039452102
6361,3180.5,-56.17925308047614
6362,3181.0,-63.92234604190575
6363,3181.5,-73.81488931871681
6364,3182.0,-86.93632160943619
6365,3182.5,-105.21627623673334
6366,3183.0,-132.5517984082787
6367,3183.5,-178.0460475646117
6368,3184.0,-269.2756458918775
6369,3184.5,-546.7119210484523
6370,3185.0,22631.741566021632
6371,3185.5,522.748393495175
6372,3186.0,264.27153625966406
6373,3186.5,176.55552982757644
6374,3187.0,132.28504420171546
6375,3187.5,105.51988469895295
6376,3188.0,101.03570026780807
6377,3188.5,117.76357024425836
6378,3189.0,141.36583640714377
6379,3189.5,177.18496793316652
6380,3190.0,238.0946668193681
6381,3190.5,364.7320355646623
6382,3191.0,789.2341621686325
6383,3191.5,-4445.836818215182
6384,3192.0,-575.9076612272125
6385,3192.5,-305.96370872174793
6386,3193.0,-207.33478782229855
6387,3193.5,-156.20931881885022
6388,3194.0,-124.90264586617089
6389,3194.5,-103.7604668850593
6390,3195.0,-88.5134050229785
6391,3195.5,-77.00081725857541
6392,3196.0,-67.99650596779728
6393,3196.5,-60.76675853805464
6394,3197.0,-54.83411513729334
6395,3197.5,-49.884527325826426
6396,3198.0,-45.69537824019308
6397,3198.5,-42.11039132025569
6398,3199.0,-39.01280013409995
6399,3199.5,-36.316213003878104
6400,3200.0,-35.99718726250538
6401,3200.5,-37.05410049289064
6402,3201.0,-38.23088566411285
6403,3201.5,-39.5393403525567
6404,3202.0,-40.99276109030434
6405,3202.5,-42.607374206497404
6406,3203.0,-44.401925247554004
6407,3203.5,-46.399109244579485
6408,3204.0,-48.62601968157384
6409,3204.5,-51.11553794983583
6410,3205.0,-53.907744689132905
6411,3205.5,-57.05225133266945
6412,3206.0,-60.61051033794758
6413,3206.5,-64.66068408481779
6414,3207.0,-69.30214951251416
6415,3207.5,-74.66457818018351
6416,3208.0,-80.9194783215956
6417,3208.5,-88.29810721298034
6418,3209.0,-97.12230869479194
6419,3209.5,-107.84759980374403
6420,3210.0,-121.15124223223657
6421,3210.5,-138.0689921225299
6422,3211.0,-160.2901314701836
6423,3211.5,-190.74205915936022
6424,3212.0,-235.00802842963813
6425,3212.5,-305.1924938815027
6426,3213.0,-433.3823588340528
6427,3213.5,-741.9295284564115
6428,3214.0,-2510.8814573757
6429,3214.5,1847.6788275370327
6430,3215.0,680.2086565626446
6431,3215.5,418.6654605237318
6432,3216.0,303.4102324308388
6433,3216.5,238.53717437397245
6434,3217.0,196.96747384353455
6435,3217.5,168.06150770516834
6436,3218.0,146.81609903198773
6437,3218.5,130.5474495001455
6438,3219.0,117.70343892798478
6439,3219.5,107.31074080960697
6440,3220.0,98.739371895653
6441,3220.5,91.55396334536067
6442,3221.0,85.45279110121247
6443,3221.5,80.2122528671298
6444,3222.0,75.67082121613163
6445,3222.5,71.70171334705483
6446,3223.0,68.21127108045886
6447,3223.5,65.1222446514342
6448,3224.0,62.3765467239126
6449,3224.5,59.92484457881702
6450,3225.0,57.72900923823772
6451,3225.5,66.13248747868145
6452,3226.0,81.70219707798323
6453,3226.5,106.07710438874128
6454,3227.0,150.03778457418164
6455,3227.5,254.12090831522903
6456,3228.0,820.4619956954971
6457,3228.5,-665.4450160318233
6458,3229.0,-235.39714908712224
6459,3229.5,-142.10119668816566
6460,3230.0,-101.11842602729462
6461,3230.5,-77.97025153335369
6462,3231.0,-63.025433234686496
6463,3231.5,-52.53666433347853
6464,3232.0,-44.73758338674067
6465,3232.5,-38.69592633742033
6466,3233.0,-33.86343375919671
6467,3233.5,-29.908055411293372
6468,3234.0,-26.60672889784589
6469,3234.5,-23.81430749139405
6470,3235.0,-21.424553394418098
6471,3235.5,-19.364548996826947
6472,3236.0,-17.579088981735026
6473,3236.5,-16.02729460900123
6474,3237.0,-14.679469405400049
6475,3237.5,-13.510578251059776
6476,3238.0,-12.50410620873085
6477,3238.5,-11.64551645886441
6478,3239.0,-10.925388561889664
6479,3239.5,-11.304707842593553
6480,3240.0,-11.78340853226417
6481,3240.5,-12.365120145467541
6482,3241.0,-13.054545555765356
6483,3241.5,-13.857278375704928
6484,3242.0,-14.780659723795848
6485,3242.5,-15.834118127581123
6486,3243.0,-17.028372119566463
6487,3243.5,-18.37900569375936
6488,3244.0,-19.904378021259678
6489,3244.5,-21.62834802666468
6490,3245.0,-23.58326055640737
6491,3245.5,-25.808275275774726
6492,3246.0,-28.360237846705743
6493,3246.5,-31.31171546930392
6494,3247.0,-34.76634220943339
6495,3247.5,-38.869282973735444
6496,3248.0,-43.83369905274638
6497,3248.5,-49.98466305642313
6498,3249.0,-57.83925572305396
6499,3249.5,-68.27904465251494
6500,3250.0,-82.92639536228815
6501,3250.5,-94.87600376349404
6502,3251.0,-96.38513893358845
6503,3251.5,-97.95096045831741
6504,3252.0,-99.57591585283822
6505,3252.5,-101.26256990445967
6506,3253.0,-103.01371109215789
6507,3253.5,-104.83230428880897
6508,3254.0,-106.72154599635417
6509,3254.5,-108.68486783274862
6510,3255.0,-110.72595950363777
6511,3255.5,-112.84880248588956
6512,3256.0,-115.05768389411422
6513,3256.5,-117.3572394265784
6514,3257.0,-119.75248215694855
6515,3257.5,-122.24883398001218
6516,3258.0,-124.85219400027188
6517,3258.5,-127.56893845137485
6518,3259.0,-130.40605383814605
6519,3259.5,-133.37108669260397
6520,3260.0,-136.47236705158477
6521,3260.5,-139.71889160570151
6522,3261.0,-143.12066359418594
6523,3261.5,-146.68849615473522
6524,3262.0,-150.43448921455686
6525,3262.5,-154.37177593757968
6526,3263.0,-158.51509586087448
6527,3263.5,-162.88057671283002
6528,3264.0,-167.48633915722542
6529,3264.5,-172.35239935075955
6530,3265.0,-177.50129158041338
6531,3265.5,-182.95814387888802
6532,3266.0,-188.75134157418412
6533,3266.5,-194.91283867850052
6534,3267.0,-201.47891072005459
6535,3267.5,-208.49078954128763
6536,3268.0,-215.99559597130383
6537,3268.5,-224.04742943031644
6538,3269.0,-232.7086436654073
6539,3269.5,-242.05160199856948
6540,3270.0,-252.16058943171726
6541,3270.5,-263.134594269682
6542,3271.0,-275.0903932435171
6543,3271.5,-288.16701610097846
6544,3272.0,-302.5310193625456
6545,3272.5,-318.3839060842056
6546,3273.0,-335.97160459955313
6547,3273.5,-355.59748092547073
6548,3274.0,-377.64027561843955
6549,3274.5,-402.5786428803016
6550,3275.0,-431.0271577870042
6551,3275.5,-463.7871153172231
6552,3276.0,-501.9248051559244
6553,3276.5,-546.8888784926959
6554,3277.0,-600.7011737126185
6555,3277.5,-666.2681119188497
